K,start_idx,u,domain,chi,sig_str,t_norm,t_max_abs,rs_size,rs_coord_radius,safe_elision,danger_zone
2,0,0,Zs,111,2:-2|4:1,0.00,0,11,2,0,1
2,1,0,Zs,000,E,2.83,2,1,0,1,0
2,2,0,Zs,000,E,1.41,1,1,0,1,0
2,3,0,Zs,000,E,2.45,2,1,0,1,0
2,4,0,Zs,000,E,1.41,1,1,0,1,0
2,5,0,Zs,000,E,2.45,2,1,0,1,0
2,6,0,Zs,111,2:-2|4:1,0.00,0,11,2,0,1
2,7,0,Zs,000,E,2.45,2,1,0,1,0
2,8,0,Zs,000,E,1.41,1,1,0,1,0
2,9,0,Zs,111,2:-2|4:1,0.00,0,11,2,0,1
2,10,0,Zs,000,E,1.41,1,1,0,1,0
2,11,0,Zs,000,E,2.45,2,1,0,1,0
2,12,0,Zs,000,E,2.45,2,1,0,1,0
2,13,0,Zs,000,E,1.41,1,1,0,1,0
2,14,0,Zs,000,E,2.83,2,1,0,1,0
2,15,0,Zs,000,E,2.45,2,1,0,1,0
2,16,0,Zs,000,E,2.83,2,1,0,1,0
2,17,0,Zs,000,E,1.41,1,1,0,1,0
2,18,0,Zs,111,2:-2|4:1,0.00,0,11,2,0,1
2,19,0,Zs,000,E,2.83,2,1,0,1,0
2,20,0,Zs,000,E,1.41,1,1,0,1,0
2,21,0,Zs,000,E,2.45,2,1,0,1,0
2,22,0,Zs,000,E,2.83,2,1,0,1,0
2,23,0,Zs,000,E,1.41,1,1,0,1,0
2,24,0,Zs,111,2:-2|4:1,0.00,0,11,2,0,1
2,25,0,Zs,000,E,2.45,2,1,0,1,0
2,26,0,Zs,000,E,1.41,1,1,0,1,0
2,27,0,Zs,111,2:-2|4:1,0.00,0,11,2,0,1
2,28,0,Zs,000,E,2.83,2,1,0,1,0
2,29,0,Zs,000,E,1.41,1,1,0,1,0
2,30,0,Zs,000,E,2.45,2,1,0,1,0
2,31,0,Zs,000,E,1.41,1,1,0,1,0
2,32,0,Zs,000,E,2.83,2,1,0,1,0
2,33,0,Zs,000,E,2.45,2,1,0,1,0
2,34,0,Zs,000,E,2.83,2,1,0,1,0
2,35,0,Zs,000,E,1.41,1,1,0,1,0
2,36,0,Zs,111,2:-2|4:1,0.00,0,11,2,0,1
2,37,0,Zs,000,E,1.41,1,1,0,1,0
2,38,0,Zs,000,E,2.45,2,1,0,1,0
2,39,0,Zs,000,E,2.45,2,1,0,1,0
2,40,0,Zs,000,E,1.41,1,1,0,1,0
2,41,0,Zs,000,E,2.83,2,1,0,1,0
2,42,0,Zs,000,E,2.45,2,1,0,1,0
2,43,0,Zs,000,E,1.41,1,1,0,1,0
2,44,0,Zs,000,E,2.45,2,1,0,1,0
2,45,0,Zs,111,2:-2|4:1,0.00,0,11,2,0,1
2,46,0,Zs,000,E,1.41,1,1,0,1,0
2,47,0,Zs,000,E,2.45,2,1,0,1,0
2,48,0,Zs,000,E,2.45,2,1,0,1,0
2,49,0,Zs,000,E,1.41,1,1,0,1,0
2,0,1,Pt,110,1:1|3:-2,3.00,2,11,4,0,1
2,1,1,Pt,000,E,1.41,1,1,0,1,0
2,2,1,Pt,000,E,1.41,1,1,0,1,0
2,3,1,Pt,000,E,0.00,0,1,0,0,1
2,4,1,Pt,000,E,2.45,2,1,0,1,0
2,5,1,Pt,001,E,1.41,1,1,0,1,0
2,6,1,Pt,110,1:1|3:-2,3.00,2,11,4,0,1
2,7,1,Pt,000,E,1.41,1,1,0,1,0
2,8,1,Pt,001,E,1.41,1,1,0,1,0
2,9,1,Pt,110,1:1|3:-2,3.00,2,11,4,0,1
2,10,1,Pt,000,E,2.45,2,1,0,1,0
2,11,1,Pt,000,E,1.41,1,1,0,1,0
2,12,1,Pt,000,E,0.00,0,1,0,0,1
2,13,1,Pt,000,E,2.45,2,1,0,1,0
2,14,1,Pt,000,E,1.41,1,1,0,1,0
2,15,1,Pt,000,E,0.00,0,1,0,0,1
2,16,1,Pt,000,E,1.41,1,1,0,1,0
2,17,1,Pt,001,E,1.41,1,1,0,1,0
2,18,1,Pt,110,1:1|3:-2,3.00,2,11,4,0,1
2,19,1,Pt,000,E,1.41,1,1,0,1,0
2,20,1,Pt,000,E,1.41,1,1,0,1,0
2,21,1,Pt,000,E,0.00,0,1,0,0,1
2,22,1,Pt,000,E,1.41,1,1,0,1,0
2,23,1,Pt,001,E,1.41,1,1,0,1,0
2,24,1,Pt,110,1:1|3:-2,3.00,2,11,4,0,1
2,25,1,Pt,000,E,1.41,1,1,0,1,0
2,26,1,Pt,001,E,1.41,1,1,0,1,0
2,27,1,Pt,110,1:1|3:-2,3.00,2,11,4,0,1
2,28,1,Pt,000,E,1.41,1,1,0,1,0
2,29,1,Pt,000,E,1.41,1,1,0,1,0
2,30,1,Pt,000,E,0.00,0,1,0,0,1
2,31,1,Pt,000,E,2.45,2,1,0,1,0
2,32,1,Pt,000,E,1.41,1,1,0,1,0
2,33,1,Pt,000,E,0.00,0,1,0,0,1
2,34,1,Pt,000,E,1.41,1,1,0,1,0
2,35,1,Pt,001,E,1.41,1,1,0,1,0
2,36,1,Pt,110,1:1|3:-2,3.00,2,11,4,0,1
2,37,1,Pt,000,E,2.45,2,1,0,1,0
2,38,1,Pt,000,E,1.41,1,1,0,1,0
2,39,1,Pt,000,E,0.00,0,1,0,0,1
2,40,1,Pt,000,E,2.45,2,1,0,1,0
2,41,1,Pt,000,E,1.41,1,1,0,1,0
2,42,1,Pt,000,E,0.00,0,1,0,0,1
2,43,1,Pt,000,E,2.45,2,1,0,1,0
2,44,1,Pt,001,E,1.41,1,1,0,1,0
2,45,1,Pt,110,1:1|3:-2,3.00,2,11,4,0,1
2,46,1,Pt,000,E,2.45,2,1,0,1,0
2,47,1,Pt,000,E,1.41,1,1,0,1,0
2,48,1,Pt,000,E,0.00,0,1,0,0,1
2,49,1,Pt,000,E,2.45,2,1,0,1,0
2,0,2,Pt,110,2:1|4:-2,3.74,3,10,4,0,1
2,1,2,Pt,000,E,2.45,2,1,0,1,0
2,2,2,Pt,000,E,2.45,2,1,0,1,0
2,3,2,Pt,000,E,2.45,2,1,0,1,0
2,4,2,Pt,000,E,1.41,1,1,0,1,0
2,5,2,Pt,001,1:1,1.00,1,3,1,0,1
2,6,2,Pt,110,2:1|4:-2,3.74,3,10,4,0,1
2,7,2,Pt,000,E,1.41,1,1,0,1,0
2,8,2,Pt,001,1:1,2.24,2,3,1,1,0
2,9,2,Pt,110,2:1|4:-2,3.74,3,10,4,0,1
2,10,2,Pt,000,E,1.41,1,1,0,1,0
2,11,2,Pt,000,E,1.41,1,1,0,1,0
2,12,2,Pt,000,E,2.45,2,1,0,1,0
2,13,2,Pt,000,E,1.41,1,1,0,1,0
2,14,2,Pt,000,E,2.45,2,1,0,1,0
2,15,2,Pt,000,E,2.45,2,1,0,1,0
2,16,2,Pt,000,E,2.45,2,1,0,1,0
2,17,2,Pt,001,1:1,2.24,2,3,1,1,0
2,18,2,Pt,110,2:1|4:-2,3.74,3,10,4,0,1
2,19,2,Pt,000,E,2.45,2,1,0,1,0
2,20,2,Pt,000,E,2.45,2,1,0,1,0
2,21,2,Pt,000,E,2.45,2,1,0,1,0
2,22,2,Pt,000,E,2.45,2,1,0,1,0
2,23,2,Pt,001,1:1,2.24,2,3,1,1,0
2,24,2,Pt,110,2:1|4:-2,3.74,3,10,4,0,1
2,25,2,Pt,000,E,1.41,1,1,0,1,0
2,26,2,Pt,001,1:1,2.24,2,3,1,1,0
2,27,2,Pt,110,2:1|4:-2,3.74,3,10,4,0,1
2,28,2,Pt,000,E,2.45,2,1,0,1,0
2,29,2,Pt,000,E,2.45,2,1,0,1,0
2,30,2,Pt,000,E,2.45,2,1,0,1,0
2,31,2,Pt,000,E,1.41,1,1,0,1,0
2,32,2,Pt,000,E,2.45,2,1,0,1,0
2,33,2,Pt,000,E,2.45,2,1,0,1,0
2,34,2,Pt,000,E,2.45,2,1,0,1,0
2,35,2,Pt,001,1:1,2.24,2,3,1,1,0
2,36,2,Pt,110,2:1|4:-2,3.74,3,10,4,0,1
2,37,2,Pt,000,E,1.41,1,1,0,1,0
2,38,2,Pt,000,E,1.41,1,1,0,1,0
2,39,2,Pt,000,E,2.45,2,1,0,1,0
2,40,2,Pt,000,E,1.41,1,1,0,1,0
2,41,2,Pt,000,E,2.45,2,1,0,1,0
2,42,2,Pt,000,E,2.45,2,1,0,1,0
2,43,2,Pt,000,E,1.41,1,1,0,1,0
2,44,2,Pt,001,1:1,1.00,1,3,1,0,1
2,45,2,Pt,110,2:1|4:-2,3.74,3,10,4,0,1
2,46,2,Pt,000,E,1.41,1,1,0,1,0
2,47,2,Pt,000,E,1.41,1,1,0,1,0
2,48,2,Pt,000,E,2.45,2,1,0,1,0
2,49,2,Pt,000,E,1.41,1,1,0,1,0
2,0,3,Mt,100,3:1,2.24,2,5,2,0,1
2,1,3,Mt,000,E,1.41,1,1,0,1,0
2,2,3,Mt,000,E,1.41,1,1,0,1,0
2,3,3,Mt,000,E,2.45,2,1,0,1,0
2,4,3,Mt,000,E,1.41,1,1,0,1,0
2,5,3,Mt,011,2:1,2.00,2,5,2,0,1
2,6,3,Mt,100,3:1,2.24,2,5,2,0,1
2,7,3,Mt,000,E,2.45,2,1,0,1,0
2,8,3,Mt,011,2:1,1.41,1,5,2,0,1
2,9,3,Mt,100,3:1,2.24,2,5,2,0,1
2,10,3,Mt,000,E,1.41,1,1,0,1,0
2,11,3,Mt,000,E,2.45,2,1,0,1,0
2,12,3,Mt,000,E,2.45,2,1,0,1,0
2,13,3,Mt,000,E,2.45,2,1,0,1,0
2,14,3,Mt,000,E,1.41,1,1,0,1,0
2,15,3,Mt,000,E,2.45,2,1,0,1,0
2,16,3,Mt,000,E,1.41,1,1,0,1,0
2,17,3,Mt,011,2:1,1.41,1,5,2,0,1
2,18,3,Mt,100,3:1,2.24,2,5,2,0,1
2,19,3,Mt,000,E,1.41,1,1,0,1,0
2,20,3,Mt,000,E,1.41,1,1,0,1,0
2,21,3,Mt,000,E,2.45,2,1,0,1,0
2,22,3,Mt,000,E,1.41,1,1,0,1,0
2,23,3,Mt,011,2:1,1.41,1,5,2,0,1
2,24,3,Mt,100,3:1,2.24,2,5,2,0,1
2,25,3,Mt,000,E,2.45,2,1,0,1,0
2,26,3,Mt,011,2:1,1.41,1,5,2,0,1
2,27,3,Mt,100,3:1,2.24,2,5,2,0,1
2,28,3,Mt,000,E,1.41,1,1,0,1,0
2,29,3,Mt,000,E,1.41,1,1,0,1,0
2,30,3,Mt,000,E,2.45,2,1,0,1,0
2,31,3,Mt,000,E,2.45,2,1,0,1,0
2,32,3,Mt,000,E,1.41,1,1,0,1,0
2,33,3,Mt,000,E,2.45,2,1,0,1,0
2,34,3,Mt,000,E,1.41,1,1,0,1,0
2,35,3,Mt,011,2:1,1.41,1,5,2,0,1
2,36,3,Mt,100,3:1,2.24,2,5,2,0,1
2,37,3,Mt,000,E,1.41,1,1,0,1,0
2,38,3,Mt,000,E,2.45,2,1,0,1,0
2,39,3,Mt,000,E,2.45,2,1,0,1,0
2,40,3,Mt,000,E,2.45,2,1,0,1,0
2,41,3,Mt,000,E,1.41,1,1,0,1,0
2,42,3,Mt,000,E,2.45,2,1,0,1,0
2,43,3,Mt,000,E,1.41,1,1,0,1,0
2,44,3,Mt,011,2:1,2.00,2,5,2,0,1
2,45,3,Mt,100,3:1,2.24,2,5,2,0,1
2,46,3,Mt,000,E,1.41,1,1,0,1,0
2,47,3,Mt,000,E,2.45,2,1,0,1,0
2,48,3,Mt,000,E,2.45,2,1,0,1,0
2,49,3,Mt,000,E,1.41,1,1,0,1,0
2,0,4,Mt,100,4:1,2.83,2,3,2,0,1
2,1,4,Mt,000,E,2.45,2,1,0,1,0
2,2,4,Mt,000,E,1.41,1,1,0,1,0
2,3,4,Mt,000,E,1.41,1,1,0,1,0
2,4,4,Mt,000,E,1.41,1,1,0,1,0
2,5,4,Mt,011,1:-2|3:1,1.00,1,10,2,0,1
2,6,4,Mt,100,4:1,3.16,3,3,2,1,0
2,7,4,Mt,000,E,2.45,2,1,0,1,0
2,8,4,Mt,011,1:-2|3:1,1.00,1,10,2,0,1
2,9,4,Mt,100,4:1,2.45,2,3,2,0,1
2,10,4,Mt,000,E,1.41,1,1,0,1,0
2,11,4,Mt,000,E,1.41,1,1,0,1,0
2,12,4,Mt,000,E,1.41,1,1,0,1,0
2,13,4,Mt,000,E,1.41,1,1,0,1,0
2,14,4,Mt,000,E,1.41,1,1,0,1,0
2,15,4,Mt,000,E,0.00,0,1,0,0,1
2,16,4,Mt,000,E,2.45,2,1,0,1,0
2,17,4,Mt,011,1:-2|3:1,1.00,1,10,2,0,1
2,18,4,Mt,100,4:1,2.83,2,3,2,0,1
2,19,4,Mt,000,E,2.45,2,1,0,1,0
2,20,4,Mt,000,E,1.41,1,1,0,1,0
2,21,4,Mt,000,E,0.00,0,1,0,0,1
2,22,4,Mt,000,E,2.45,2,1,0,1,0
2,23,4,Mt,011,1:-2|3:1,1.00,1,10,2,0,1
2,24,4,Mt,100,4:1,3.16,3,3,2,1,0
2,25,4,Mt,000,E,2.45,2,1,0,1,0
2,26,4,Mt,011,1:-2|3:1,1.00,1,10,2,0,1
2,27,4,Mt,100,4:1,2.83,2,3,2,0,1
2,28,4,Mt,000,E,2.45,2,1,0,1,0
2,29,4,Mt,000,E,1.41,1,1,0,1,0
2,30,4,Mt,000,E,1.41,1,1,0,1,0
2,31,4,Mt,000,E,1.41,1,1,0,1,0
2,32,4,Mt,000,E,1.41,1,1,0,1,0
2,33,4,Mt,000,E,0.00,0,1,0,0,1
2,34,4,Mt,000,E,2.45,2,1,0,1,0
2,35,4,Mt,011,1:-2|3:1,1.00,1,10,2,0,1
2,36,4,Mt,100,4:1,2.45,2,3,2,0,1
2,37,4,Mt,000,E,1.41,1,1,0,1,0
2,38,4,Mt,000,E,1.41,1,1,0,1,0
2,39,4,Mt,000,E,1.41,1,1,0,1,0
2,40,4,Mt,000,E,1.41,1,1,0,1,0
2,41,4,Mt,000,E,1.41,1,1,0,1,0
2,42,4,Mt,000,E,1.41,1,1,0,1,0
2,43,4,Mt,000,E,1.41,1,1,0,1,0
2,44,4,Mt,011,1:-2|3:1,1.00,1,10,2,0,1
2,45,4,Mt,100,4:1,2.45,2,3,2,0,1
2,46,4,Mt,000,E,1.41,1,1,0,1,0
2,47,4,Mt,000,E,1.41,1,1,0,1,0
2,48,4,Mt,000,E,1.41,1,1,0,1,0
2,49,4,Mt,000,E,1.41,1,1,0,1,0
3,0,0,Pt,110,3:-2,3.74,3,5,4,1,0
3,1,0,Pt,000,E,1.41,1,1,0,1,0
3,2,0,Pt,000,E,1.41,1,1,0,1,0
3,3,0,Pt,000,E,0.00,0,1,0,0,1
3,4,0,Pt,000,E,2.45,2,1,0,1,0
3,5,0,Pt,001,1:1,1.73,1,3,1,1,0
3,6,0,Pt,110,3:-2,3.74,3,5,4,1,0
3,7,0,Pt,000,E,1.41,1,1,0,1,0
3,8,0,Pt,001,1:1,1.73,1,3,1,1,0
3,9,0,Pt,110,3:-2,3.74,3,5,4,1,0
3,10,0,Pt,000,E,2.45,2,1,0,1,0
3,11,0,Pt,000,E,1.41,1,1,0,1,0
3,12,0,Pt,000,E,0.00,0,1,0,0,1
3,13,0,Pt,000,E,2.45,2,1,0,1,0
3,14,0,Pt,000,E,1.41,1,1,0,1,0
3,15,0,Pt,000,E,0.00,0,1,0,0,1
3,16,0,Pt,000,E,1.41,1,1,0,1,0
3,17,0,Pt,001,1:1,1.73,1,3,1,1,0
3,18,0,Pt,110,3:-2,3.74,3,5,4,1,0
3,19,0,Pt,000,E,1.41,1,1,0,1,0
3,20,0,Pt,000,E,1.41,1,1,0,1,0
3,21,0,Pt,000,E,0.00,0,1,0,0,1
3,22,0,Pt,000,E,1.41,1,1,0,1,0
3,23,0,Pt,001,1:1,1.73,1,3,1,1,0
3,24,0,Pt,110,3:-2,3.74,3,5,4,1,0
3,25,0,Pt,000,E,1.41,1,1,0,1,0
3,26,0,Pt,001,1:1,1.73,1,3,1,1,0
3,27,0,Pt,110,3:-2,3.74,3,5,4,1,0
3,28,0,Pt,000,E,1.41,1,1,0,1,0
3,29,0,Pt,000,E,1.41,1,1,0,1,0
3,30,0,Pt,000,E,0.00,0,1,0,0,1
3,31,0,Pt,000,E,2.45,2,1,0,1,0
3,32,0,Pt,000,E,1.41,1,1,0,1,0
3,33,0,Pt,000,E,0.00,0,1,0,0,1
3,34,0,Pt,000,E,1.41,1,1,0,1,0
3,35,0,Pt,001,1:1,1.73,1,3,1,1,0
3,36,0,Pt,110,3:-2,3.74,3,5,4,1,0
3,37,0,Pt,000,E,2.45,2,1,0,1,0
3,38,0,Pt,000,E,1.41,1,1,0,1,0
3,39,0,Pt,000,E,0.00,0,1,0,0,1
3,40,0,Pt,000,E,2.45,2,1,0,1,0
3,41,0,Pt,000,E,1.41,1,1,0,1,0
3,42,0,Pt,000,E,0.00,0,1,0,0,1
3,43,0,Pt,000,E,2.45,2,1,0,1,0
3,44,0,Pt,001,1:1,1.73,1,3,1,1,0
3,45,0,Pt,110,3:-2,3.74,3,5,4,1,0
3,46,0,Pt,000,E,2.45,2,1,0,1,0
3,47,0,Pt,000,E,1.41,1,1,0,1,0
3,48,0,Pt,000,E,0.00,0,1,0,0,1
3,49,0,Pt,000,E,2.45,2,1,0,1,0
3,0,1,Pt,110,1:1|4:-2,4.58,4,8,4,0,1
3,1,1,Pt,000,E,1.41,1,1,0,1,0
3,2,1,Pt,000,E,2.45,2,1,0,1,0
3,3,1,Pt,000,E,2.83,2,1,0,1,0
3,4,1,Pt,000,E,1.41,1,1,0,1,0
3,5,1,Pt,001,2:1,1.41,1,5,2,0,1
3,6,1,Pt,110,1:1|4:-2,4.12,3,8,4,0,1
3,7,1,Pt,000,E,1.41,1,1,0,1,0
3,8,1,Pt,001,2:1,3.16,3,5,2,1,0
3,9,1,Pt,110,1:1|4:-2,4.58,4,8,4,0,1
3,10,1,Pt,000,E,1.41,1,1,0,1,0
3,11,1,Pt,000,E,1.41,1,1,0,1,0
3,12,1,Pt,000,E,2.83,2,1,0,1,0
3,13,1,Pt,000,E,1.41,1,1,0,1,0
3,14,1,Pt,000,E,1.41,1,1,0,1,0
3,15,1,Pt,000,E,2.83,2,1,0,1,0
3,16,1,Pt,000,E,1.41,1,1,0,1,0
3,17,1,Pt,001,2:1,3.16,3,5,2,1,0
3,18,1,Pt,110,1:1|4:-2,4.58,4,8,4,0,1
3,19,1,Pt,000,E,1.41,1,1,0,1,0
3,20,1,Pt,000,E,2.45,2,1,0,1,0
3,21,1,Pt,000,E,2.83,2,1,0,1,0
3,22,1,Pt,000,E,1.41,1,1,0,1,0
3,23,1,Pt,001,2:1,3.16,3,5,2,1,0
3,24,1,Pt,110,1:1|4:-2,4.12,3,8,4,0,1
3,25,1,Pt,000,E,1.41,1,1,0,1,0
3,26,1,Pt,001,2:1,3.16,3,5,2,1,0
3,27,1,Pt,110,1:1|4:-2,4.58,4,8,4,0,1
3,28,1,Pt,000,E,1.41,1,1,0,1,0
3,29,1,Pt,000,E,2.45,2,1,0,1,0
3,30,1,Pt,000,E,2.83,2,1,0,1,0
3,31,1,Pt,000,E,1.41,1,1,0,1,0
3,32,1,Pt,000,E,1.41,1,1,0,1,0
3,33,1,Pt,000,E,2.83,2,1,0,1,0
3,34,1,Pt,000,E,1.41,1,1,0,1,0
3,35,1,Pt,001,2:1,3.16,3,5,2,1,0
3,36,1,Pt,110,1:1|4:-2,4.58,4,8,4,0,1
3,37,1,Pt,000,E,1.41,1,1,0,1,0
3,38,1,Pt,000,E,1.41,1,1,0,1,0
3,39,1,Pt,000,E,2.83,2,1,0,1,0
3,40,1,Pt,000,E,1.41,1,1,0,1,0
3,41,1,Pt,000,E,1.41,1,1,0,1,0
3,42,1,Pt,000,E,2.83,2,1,0,1,0
3,43,1,Pt,000,E,1.41,1,1,0,1,0
3,44,1,Pt,001,2:1,1.41,1,5,2,0,1
3,45,1,Pt,110,1:1|4:-2,4.58,4,8,4,0,1
3,46,1,Pt,000,E,1.41,1,1,0,1,0
3,47,1,Pt,000,E,1.41,1,1,0,1,0
3,48,1,Pt,000,E,2.83,2,1,0,1,0
3,49,1,Pt,000,E,1.41,1,1,0,1,0
3,0,2,Mt,100,2:1,2.00,2,5,2,0,1
3,1,2,Mt,000,E,1.41,1,1,0,1,0
3,2,2,Mt,000,E,1.41,1,1,0,1,0
3,3,2,Mt,000,E,3.74,3,1,0,1,0
3,4,2,Mt,000,E,0.00,0,1,0,0,1
3,5,2,Mt,011,3:1,3.00,3,5,2,1,0
3,6,2,Mt,100,2:1,1.41,1,5,2,0,1
3,7,2,Mt,000,E,3.74,3,1,0,1,0
3,8,2,Mt,011,3:1,2.24,2,5,2,1,0
3,9,2,Mt,100,2:1,2.45,2,5,2,1,0
3,10,2,Mt,000,E,0.00,0,1,0,0,1
3,11,2,Mt,000,E,2.45,2,1,0,1,0
3,12,2,Mt,000,E,3.74,3,1,0,1,0
3,13,2,Mt,000,E,1.41,1,1,0,1,0
3,14,2,Mt,000,E,1.41,1,1,0,1,0
3,15,2,Mt,000,E,2.83,2,1,0,1,0
3,16,2,Mt,000,E,1.41,1,1,0,1,0
3,17,2,Mt,011,3:1,2.24,2,5,2,1,0
3,18,2,Mt,100,2:1,2.00,2,5,2,0,1
3,19,2,Mt,000,E,1.41,1,1,0,1,0
3,20,2,Mt,000,E,1.41,1,1,0,1,0
3,21,2,Mt,000,E,2.83,2,1,0,1,0
3,22,2,Mt,000,E,1.41,1,1,0,1,0
3,23,2,Mt,011,3:1,2.24,2,5,2,1,0
3,24,2,Mt,100,2:1,1.41,1,5,2,0,1
3,25,2,Mt,000,E,3.74,3,1,0,1,0
3,26,2,Mt,011,3:1,2.24,2,5,2,1,0
3,27,2,Mt,100,2:1,2.00,2,5,2,0,1
3,28,2,Mt,000,E,1.41,1,1,0,1,0
3,29,2,Mt,000,E,1.41,1,1,0,1,0
3,30,2,Mt,000,E,3.74,3,1,0,1,0
3,31,2,Mt,000,E,1.41,1,1,0,1,0
3,32,2,Mt,000,E,1.41,1,1,0,1,0
3,33,2,Mt,000,E,2.83,2,1,0,1,0
3,34,2,Mt,000,E,1.41,1,1,0,1,0
3,35,2,Mt,011,3:1,2.24,2,5,2,1,0
3,36,2,Mt,100,2:1,2.45,2,5,2,1,0
3,37,2,Mt,000,E,0.00,0,1,0,0,1
3,38,2,Mt,000,E,2.45,2,1,0,1,0
3,39,2,Mt,000,E,3.74,3,1,0,1,0
3,40,2,Mt,000,E,1.41,1,1,0,1,0
3,41,2,Mt,000,E,1.41,1,1,0,1,0
3,42,2,Mt,000,E,3.74,3,1,0,1,0
3,43,2,Mt,000,E,0.00,0,1,0,0,1
3,44,2,Mt,011,3:1,3.00,3,5,2,1,0
3,45,2,Mt,100,2:1,2.45,2,5,2,1,0
3,46,2,Mt,000,E,0.00,0,1,0,0,1
3,47,2,Mt,000,E,2.45,2,1,0,1,0
3,48,2,Mt,000,E,3.74,3,1,0,1,0
3,49,2,Mt,000,E,0.00,0,1,0,0,1
3,0,3,Mt,100,3:1,3.00,2,5,2,1,0
3,1,3,Mt,000,E,2.45,2,1,0,1,0
3,2,3,Mt,000,E,1.41,1,1,0,1,0
3,3,3,Mt,000,E,1.41,1,1,0,1,0
3,4,3,Mt,000,E,1.41,1,1,0,1,0
3,5,3,Mt,011,1:-2|4:1,2.00,2,8,2,0,1
3,6,3,Mt,100,3:1,3.00,3,5,2,1,0
3,7,3,Mt,000,E,3.74,3,1,0,1,0
3,8,3,Mt,011,1:-2|4:1,1.41,1,8,2,0,1
3,9,3,Mt,100,3:1,2.24,2,5,2,0,1
3,10,3,Mt,000,E,1.41,1,1,0,1,0
3,11,3,Mt,000,E,1.41,1,1,0,1,0
3,12,3,Mt,000,E,1.41,1,1,0,1,0
3,13,3,Mt,000,E,1.41,1,1,0,1,0
3,14,3,Mt,000,E,1.41,1,1,0,1,0
3,15,3,Mt,000,E,1.41,1,1,0,1,0
3,16,3,Mt,000,E,2.45,2,1,0,1,0
3,17,3,Mt,011,1:-2|4:1,1.41,1,8,2,0,1
3,18,3,Mt,100,3:1,3.00,2,5,2,1,0
3,19,3,Mt,000,E,2.45,2,1,0,1,0
3,20,3,Mt,000,E,1.41,1,1,0,1,0
3,21,3,Mt,000,E,1.41,1,1,0,1,0
3,22,3,Mt,000,E,2.45,2,1,0,1,0
3,23,3,Mt,011,1:-2|4:1,1.41,1,8,2,0,1
3,24,3,Mt,100,3:1,3.00,3,5,2,1,0
3,25,3,Mt,000,E,3.74,3,1,0,1,0
3,26,3,Mt,011,1:-2|4:1,1.41,1,8,2,0,1
3,27,3,Mt,100,3:1,3.00,2,5,2,1,0
3,28,3,Mt,000,E,2.45,2,1,0,1,0
3,29,3,Mt,000,E,1.41,1,1,0,1,0
3,30,3,Mt,000,E,1.41,1,1,0,1,0
3,31,3,Mt,000,E,1.41,1,1,0,1,0
3,32,3,Mt,000,E,1.41,1,1,0,1,0
3,33,3,Mt,000,E,1.41,1,1,0,1,0
3,34,3,Mt,000,E,2.45,2,1,0,1,0
3,35,3,Mt,011,1:-2|4:1,1.41,1,8,2,0,1
3,36,3,Mt,100,3:1,2.24,2,5,2,0,1
3,37,3,Mt,000,E,1.41,1,1,0,1,0
3,38,3,Mt,000,E,1.41,1,1,0,1,0
3,39,3,Mt,000,E,1.41,1,1,0,1,0
3,40,3,Mt,000,E,1.41,1,1,0,1,0
3,41,3,Mt,000,E,1.41,1,1,0,1,0
3,42,3,Mt,000,E,1.41,1,1,0,1,0
3,43,3,Mt,000,E,1.41,1,1,0,1,0
3,44,3,Mt,011,1:-2|4:1,2.00,2,8,2,0,1
3,45,3,Mt,100,3:1,2.24,2,5,2,0,1
3,46,3,Mt,000,E,1.41,1,1,0,1,0
3,47,3,Mt,000,E,1.41,1,1,0,1,0
3,48,3,Mt,000,E,1.41,1,1,0,1,0
3,49,3,Mt,000,E,1.41,1,1,0,1,0
3,0,4,Z,100,4:1,4.24,4,3,2,1,0
3,1,4,Z,000,E,1.41,1,1,0,1,0
3,2,4,Z,000,E,1.41,1,1,0,1,0
3,3,4,Z,000,E,1.41,1,1,0,1,0
3,4,4,Z,001,E,2.45,2,1,0,1,0
3,5,4,Z,010,2:-2,2.45,2,5,4,1,0
3,6,4,Z,100,4:1,3.74,3,3,2,1,0
3,7,4,Z,001,E,1.41,1,1,0,1,0
3,8,4,Z,010,2:-2,2.45,2,5,4,1,0
3,9,4,Z,100,4:1,3.16,3,3,2,1,0
3,10,4,Z,000,E,2.45,2,1,0,1,0
3,11,4,Z,000,E,1.41,1,1,0,1,0
3,12,4,Z,000,E,1.41,1,1,0,1,0
3,13,4,Z,000,E,2.83,2,1,0,1,0
3,14,4,Z,000,E,1.41,1,1,0,1,0
3,15,4,Z,000,E,2.45,2,1,0,1,0
3,16,4,Z,001,E,1.41,1,1,0,1,0
3,17,4,Z,010,2:-2,2.45,2,5,4,1,0
3,18,4,Z,100,4:1,4.24,4,3,2,1,0
3,19,4,Z,000,E,1.41,1,1,0,1,0
3,20,4,Z,000,E,1.41,1,1,0,1,0
3,21,4,Z,000,E,2.45,2,1,0,1,0
3,22,4,Z,001,E,1.41,1,1,0,1,0
3,23,4,Z,010,2:-2,2.45,2,5,4,1,0
3,24,4,Z,100,4:1,3.74,3,3,2,1,0
3,25,4,Z,001,E,1.41,1,1,0,1,0
3,26,4,Z,010,2:-2,2.45,2,5,4,1,0
3,27,4,Z,100,4:1,4.24,4,3,2,1,0
3,28,4,Z,000,E,1.41,1,1,0,1,0
3,29,4,Z,000,E,1.41,1,1,0,1,0
3,30,4,Z,000,E,1.41,1,1,0,1,0
3,31,4,Z,000,E,2.83,2,1,0,1,0
3,32,4,Z,000,E,1.41,1,1,0,1,0
3,33,4,Z,000,E,2.45,2,1,0,1,0
3,34,4,Z,001,E,1.41,1,1,0,1,0
3,35,4,Z,010,2:-2,2.45,2,5,4,1,0
3,36,4,Z,100,4:1,3.16,3,3,2,1,0
3,37,4,Z,000,E,2.45,2,1,0,1,0
3,38,4,Z,000,E,1.41,1,1,0,1,0
3,39,4,Z,000,E,1.41,1,1,0,1,0
3,40,4,Z,000,E,2.83,2,1,0,1,0
3,41,4,Z,000,E,1.41,1,1,0,1,0
3,42,4,Z,000,E,1.41,1,1,0,1,0
3,43,4,Z,001,E,2.45,2,1,0,1,0
3,44,4,Z,010,2:-2,2.45,2,5,4,1,0
3,45,4,Z,100,4:1,3.16,3,3,2,1,0
3,46,4,Z,000,E,2.45,2,1,0,1,0
3,47,4,Z,000,E,1.41,1,1,0,1,0
3,48,4,Z,000,E,1.41,1,1,0,1,0
3,49,4,Z,001,E,2.45,2,1,0,1,0
4,0,0,Pt,110,4:-2,4.90,4,3,4,0,1
4,1,0,Pt,000,E,1.41,1,1,0,1,0
4,2,0,Pt,000,E,2.83,2,1,0,1,0
4,3,0,Pt,000,E,2.83,2,1,0,1,0
4,4,0,Pt,000,E,2.83,2,1,0,1,0
4,5,0,Pt,001,3:1,1.73,1,5,2,0,1
4,6,0,Pt,110,4:-2,4.69,3,3,4,1,0
4,7,0,Pt,000,E,1.41,1,1,0,1,0
4,8,0,Pt,001,3:1,3.32,3,5,2,1,0
4,9,0,Pt,110,4:-2,5.48,5,3,4,1,0
4,10,0,Pt,000,E,2.83,2,1,0,1,0
4,11,0,Pt,000,E,0.00,0,1,0,0,1
4,12,0,Pt,000,E,2.83,2,1,0,1,0
4,13,0,Pt,000,E,1.41,1,1,0,1,0
4,14,0,Pt,000,E,2.45,2,1,0,1,0
4,15,0,Pt,000,E,2.45,2,1,0,1,0
4,16,0,Pt,000,E,1.41,1,1,0,1,0
4,17,0,Pt,001,3:1,3.32,3,5,2,1,0
4,18,0,Pt,110,4:-2,4.90,4,3,4,0,1
4,19,0,Pt,000,E,1.41,1,1,0,1,0
4,20,0,Pt,000,E,2.83,2,1,0,1,0
4,21,0,Pt,000,E,2.45,2,1,0,1,0
4,22,0,Pt,000,E,1.41,1,1,0,1,0
4,23,0,Pt,001,3:1,3.32,3,5,2,1,0
4,24,0,Pt,110,4:-2,4.69,3,3,4,1,0
4,25,0,Pt,000,E,1.41,1,1,0,1,0
4,26,0,Pt,001,3:1,3.32,3,5,2,1,0
4,27,0,Pt,110,4:-2,4.90,4,3,4,0,1
4,28,0,Pt,000,E,1.41,1,1,0,1,0
4,29,0,Pt,000,E,2.83,2,1,0,1,0
4,30,0,Pt,000,E,2.83,2,1,0,1,0
4,31,0,Pt,000,E,1.41,1,1,0,1,0
4,32,0,Pt,000,E,2.45,2,1,0,1,0
4,33,0,Pt,000,E,2.45,2,1,0,1,0
4,34,0,Pt,000,E,1.41,1,1,0,1,0
4,35,0,Pt,001,3:1,3.32,3,5,2,1,0
4,36,0,Pt,110,4:-2,5.48,5,3,4,1,0
4,37,0,Pt,000,E,2.83,2,1,0,1,0
4,38,0,Pt,000,E,0.00,0,1,0,0,1
4,39,0,Pt,000,E,2.83,2,1,0,1,0
4,40,0,Pt,000,E,1.41,1,1,0,1,0
4,41,0,Pt,000,E,2.45,2,1,0,1,0
4,42,0,Pt,000,E,2.83,2,1,0,1,0
4,43,0,Pt,000,E,2.83,2,1,0,1,0
4,44,0,Pt,001,3:1,1.73,1,5,2,0,1
4,45,0,Pt,110,4:-2,5.48,5,3,4,1,0
4,46,0,Pt,000,E,2.83,2,1,0,1,0
4,47,0,Pt,000,E,0.00,0,1,0,0,1
4,48,0,Pt,000,E,2.83,2,1,0,1,0
4,49,0,Pt,000,E,2.83,2,1,0,1,0
4,0,1,Mt,100,1:1,2.24,2,3,1,1,0
4,1,1,Mt,000,E,1.41,1,1,0,1,0
4,2,1,Mt,000,E,2.45,2,1,0,1,0
4,3,1,Mt,000,E,3.74,3,1,0,1,0
4,4,1,Mt,000,E,1.41,1,1,0,1,0
4,5,1,Mt,011,4:1,3.16,3,3,2,1,0
4,6,1,Mt,100,1:1,1.00,1,3,1,0,1
4,7,1,Mt,000,E,3.74,3,1,0,1,0
4,8,1,Mt,011,4:1,3.16,3,3,2,1,0
4,9,1,Mt,100,1:1,2.24,2,3,1,1,0
4,10,1,Mt,000,E,1.41,1,1,0,1,0
4,11,1,Mt,000,E,1.41,1,1,0,1,0
4,12,1,Mt,000,E,3.74,3,1,0,1,0
4,13,1,Mt,000,E,1.41,1,1,0,1,0
4,14,1,Mt,000,E,1.41,1,1,0,1,0
4,15,1,Mt,000,E,2.83,2,1,0,1,0
4,16,1,Mt,000,E,1.41,1,1,0,1,0
4,17,1,Mt,011,4:1,3.16,3,3,2,1,0
4,18,1,Mt,100,1:1,2.24,2,3,1,1,0
4,19,1,Mt,000,E,1.41,1,1,0,1,0
4,20,1,Mt,000,E,2.45,2,1,0,1,0
4,21,1,Mt,000,E,2.83,2,1,0,1,0
4,22,1,Mt,000,E,1.41,1,1,0,1,0
4,23,1,Mt,011,4:1,3.16,3,3,2,1,0
4,24,1,Mt,100,1:1,1.00,1,3,1,0,1
4,25,1,Mt,000,E,3.74,3,1,0,1,0
4,26,1,Mt,011,4:1,3.16,3,3,2,1,0
4,27,1,Mt,100,1:1,2.24,2,3,1,1,0
4,28,1,Mt,000,E,1.41,1,1,0,1,0
4,29,1,Mt,000,E,2.45,2,1,0,1,0
4,30,1,Mt,000,E,3.74,3,1,0,1,0
4,31,1,Mt,000,E,1.41,1,1,0,1,0
4,32,1,Mt,000,E,1.41,1,1,0,1,0
4,33,1,Mt,000,E,2.83,2,1,0,1,0
4,34,1,Mt,000,E,1.41,1,1,0,1,0
4,35,1,Mt,011,4:1,3.16,3,3,2,1,0
4,36,1,Mt,100,1:1,2.24,2,3,1,1,0
4,37,1,Mt,000,E,1.41,1,1,0,1,0
4,38,1,Mt,000,E,1.41,1,1,0,1,0
4,39,1,Mt,000,E,3.74,3,1,0,1,0
4,40,1,Mt,000,E,1.41,1,1,0,1,0
4,41,1,Mt,000,E,1.41,1,1,0,1,0
4,42,1,Mt,000,E,3.74,3,1,0,1,0
4,43,1,Mt,000,E,1.41,1,1,0,1,0
4,44,1,Mt,011,4:1,3.16,3,3,2,1,0
4,45,1,Mt,100,1:1,2.24,2,3,1,1,0
4,46,1,Mt,000,E,1.41,1,1,0,1,0
4,47,1,Mt,000,E,1.41,1,1,0,1,0
4,48,1,Mt,000,E,3.74,3,1,0,1,0
4,49,1,Mt,000,E,1.41,1,1,0,1,0
4,0,2,Z,100,2:1,2.45,2,5,2,1,0
4,1,2,Z,000,E,1.41,1,1,0,1,0
4,2,2,Z,000,E,1.41,1,1,0,1,0
4,3,2,Z,000,E,1.41,1,1,0,1,0
4,4,2,Z,001,E,2.83,2,1,0,1,0
4,5,2,Z,010,1:-2,2.45,2,3,2,1,0
4,6,2,Z,100,2:1,3.16,3,5,2,1,0
4,7,2,Z,001,E,3.74,3,1,0,1,0
4,8,2,Z,010,1:-2,2.45,2,3,2,1,0
4,9,2,Z,100,2:1,1.41,1,5,2,0,1
4,10,2,Z,000,E,2.83,2,1,0,1,0
4,11,2,Z,000,E,2.45,2,1,0,1,0
4,12,2,Z,000,E,1.41,1,1,0,1,0
4,13,2,Z,000,E,1.41,1,1,0,1,0
4,14,2,Z,000,E,1.41,1,1,0,1,0
4,15,2,Z,000,E,1.41,1,1,0,1,0
4,16,2,Z,001,E,1.41,1,1,0,1,0
4,17,2,Z,010,1:-2,2.45,2,3,2,1,0
4,18,2,Z,100,2:1,2.45,2,5,2,1,0
4,19,2,Z,000,E,1.41,1,1,0,1,0
4,20,2,Z,000,E,1.41,1,1,0,1,0
4,21,2,Z,000,E,1.41,1,1,0,1,0
4,22,2,Z,001,E,1.41,1,1,0,1,0
4,23,2,Z,010,1:-2,2.45,2,3,2,1,0
4,24,2,Z,100,2:1,3.16,3,5,2,1,0
4,25,2,Z,001,E,3.74,3,1,0,1,0
4,26,2,Z,010,1:-2,2.45,2,3,2,1,0
4,27,2,Z,100,2:1,2.45,2,5,2,1,0
4,28,2,Z,000,E,1.41,1,1,0,1,0
4,29,2,Z,000,E,1.41,1,1,0,1,0
4,30,2,Z,000,E,1.41,1,1,0,1,0
4,31,2,Z,000,E,1.41,1,1,0,1,0
4,32,2,Z,000,E,1.41,1,1,0,1,0
4,33,2,Z,000,E,1.41,1,1,0,1,0
4,34,2,Z,001,E,1.41,1,1,0,1,0
4,35,2,Z,010,1:-2,2.45,2,3,2,1,0
4,36,2,Z,100,2:1,1.41,1,5,2,0,1
4,37,2,Z,000,E,2.83,2,1,0,1,0
4,38,2,Z,000,E,2.45,2,1,0,1,0
4,39,2,Z,000,E,1.41,1,1,0,1,0
4,40,2,Z,000,E,1.41,1,1,0,1,0
4,41,2,Z,000,E,1.41,1,1,0,1,0
4,42,2,Z,000,E,1.41,1,1,0,1,0
4,43,2,Z,001,E,2.83,2,1,0,1,0
4,44,2,Z,010,1:-2,2.45,2,3,2,1,0
4,45,2,Z,100,2:1,1.41,1,5,2,0,1
4,46,2,Z,000,E,2.83,2,1,0,1,0
4,47,2,Z,000,E,2.45,2,1,0,1,0
4,48,2,Z,000,E,1.41,1,1,0,1,0
4,49,2,Z,001,E,2.83,2,1,0,1,0
4,0,3,Z,100,3:1,3.32,3,5,2,1,0
4,1,3,Z,000,E,0.00,0,1,0,0,1
4,2,3,Z,000,E,1.41,1,1,0,1,0
4,3,3,Z,000,E,0.00,0,1,0,0,1
4,4,3,Z,001,1:1,3.00,2,3,1,1,0
4,5,3,Z,010,2:-2,3.16,3,5,4,1,0
4,6,3,Z,100,3:1,3.00,2,5,2,1,0
4,7,3,Z,001,1:1,1.73,1,3,1,1,0
4,8,3,Z,010,2:-2,3.16,3,5,4,1,0
4,9,3,Z,100,3:1,2.24,2,5,2,0,1
4,10,3,Z,000,E,2.83,2,1,0,1,0
4,11,3,Z,000,E,0.00,0,1,0,0,1
4,12,3,Z,000,E,0.00,0,1,0,0,1
4,13,3,Z,000,E,1.41,1,1,0,1,0
4,14,3,Z,000,E,1.41,1,1,0,1,0
4,15,3,Z,000,E,1.41,1,1,0,1,0
4,16,3,Z,001,1:1,1.00,1,3,1,0,1
4,17,3,Z,010,2:-2,3.16,3,5,4,1,0
4,18,3,Z,100,3:1,3.32,3,5,2,1,0
4,19,3,Z,000,E,0.00,0,1,0,0,1
4,20,3,Z,000,E,1.41,1,1,0,1,0
4,21,3,Z,000,E,1.41,1,1,0,1,0
4,22,3,Z,001,1:1,1.00,1,3,1,0,1
4,23,3,Z,010,2:-2,3.16,3,5,4,1,0
4,24,3,Z,100,3:1,3.00,2,5,2,1,0
4,25,3,Z,001,1:1,1.73,1,3,1,1,0
4,26,3,Z,010,2:-2,3.16,3,5,4,1,0
4,27,3,Z,100,3:1,3.32,3,5,2,1,0
4,28,3,Z,000,E,0.00,0,1,0,0,1
4,29,3,Z,000,E,1.41,1,1,0,1,0
4,30,3,Z,000,E,0.00,0,1,0,0,1
4,31,3,Z,000,E,1.41,1,1,0,1,0
4,32,3,Z,000,E,1.41,1,1,0,1,0
4,33,3,Z,000,E,1.41,1,1,0,1,0
4,34,3,Z,001,1:1,1.00,1,3,1,0,1
4,35,3,Z,010,2:-2,3.16,3,5,4,1,0
4,36,3,Z,100,3:1,2.24,2,5,2,0,1
4,37,3,Z,000,E,2.83,2,1,0,1,0
4,38,3,Z,000,E,0.00,0,1,0,0,1
4,39,3,Z,000,E,0.00,0,1,0,0,1
4,40,3,Z,000,E,1.41,1,1,0,1,0
4,41,3,Z,000,E,1.41,1,1,0,1,0
4,42,3,Z,000,E,0.00,0,1,0,0,1
4,43,3,Z,001,1:1,3.00,2,3,1,1,0
4,44,3,Z,010,2:-2,3.16,3,5,4,1,0
4,45,3,Z,100,3:1,2.24,2,5,2,0,1
4,46,3,Z,000,E,2.83,2,1,0,1,0
4,47,3,Z,000,E,0.00,0,1,0,0,1
4,48,3,Z,000,E,0.00,0,1,0,0,1
4,49,3,Z,001,1:1,3.00,2,3,1,1,0
4,0,4,Z,100,4:1,3.16,3,3,2,1,0
4,1,4,Z,000,E,0.00,0,1,0,0,1
4,2,4,Z,000,E,1.41,1,1,0,1,0
4,3,4,Z,000,E,2.45,2,1,0,1,0
4,4,4,Z,001,2:1,1.41,1,5,2,0,1
4,5,4,Z,010,3:-2,3.74,3,5,4,1,0
4,6,4,Z,100,4:1,2.45,2,3,2,0,1
4,7,4,Z,001,2:1,1.41,1,5,2,0,1
4,8,4,Z,010,3:-2,4.24,4,5,4,1,0
4,9,4,Z,100,4:1,4.24,4,3,2,1,0
4,10,4,Z,000,E,0.00,0,1,0,0,1
4,11,4,Z,000,E,1.41,1,1,0,1,0
4,12,4,Z,000,E,1.41,1,1,0,1,0
4,13,4,Z,000,E,1.41,1,1,0,1,0
4,14,4,Z,000,E,1.41,1,1,0,1,0
4,15,4,Z,000,E,1.41,1,1,0,1,0
4,16,4,Z,001,2:1,1.41,1,5,2,0,1
4,17,4,Z,010,3:-2,4.24,4,5,4,1,0
4,18,4,Z,100,4:1,3.16,3,3,2,1,0
4,19,4,Z,000,E,0.00,0,1,0,0,1
4,20,4,Z,000,E,1.41,1,1,0,1,0
4,21,4,Z,000,E,1.41,1,1,0,1,0
4,22,4,Z,001,2:1,1.41,1,5,2,0,1
4,23,4,Z,010,3:-2,3.74,3,5,4,1,0
4,24,4,Z,100,4:1,2.45,2,3,2,0,1
4,25,4,Z,001,2:1,1.41,1,5,2,0,1
4,26,4,Z,010,3:-2,4.24,4,5,4,1,0
4,27,4,Z,100,4:1,3.16,3,3,2,1,0
4,28,4,Z,000,E,0.00,0,1,0,0,1
4,29,4,Z,000,E,1.41,1,1,0,1,0
4,30,4,Z,000,E,1.41,1,1,0,1,0
4,31,4,Z,000,E,1.41,1,1,0,1,0
4,32,4,Z,000,E,1.41,1,1,0,1,0
4,33,4,Z,000,E,1.41,1,1,0,1,0
4,34,4,Z,001,2:1,1.41,1,5,2,0,1
4,35,4,Z,010,3:-2,4.24,4,5,4,1,0
4,36,4,Z,100,4:1,4.24,4,3,2,1,0
4,37,4,Z,000,E,0.00,0,1,0,0,1
4,38,4,Z,000,E,1.41,1,1,0,1,0
4,39,4,Z,000,E,1.41,1,1,0,1,0
4,40,4,Z,000,E,1.41,1,1,0,1,0
4,41,4,Z,000,E,1.41,1,1,0,1,0
4,42,4,Z,000,E,2.45,2,1,0,1,0
4,43,4,Z,001,2:1,1.41,1,5,2,0,1
4,44,4,Z,010,3:-2,4.24,4,5,4,1,0
4,45,4,Z,100,4:1,4.24,4,3,2,1,0
4,46,4,Z,000,E,0.00,0,1,0,0,1
4,47,4,Z,000,E,1.41,1,1,0,1,0
4,48,4,Z,000,E,2.45,2,1,0,1,0
4,49,4,Z,001,2:1,1.41,1,5,2,0,1
5,0,0,Z,100,E,1.41,1,1,0,1,0
5,1,0,Z,000,E,1.41,1,1,0,1,0
5,2,0,Z,000,E,1.41,1,1,0,1,0
5,3,0,Z,000,E,2.45,2,1,0,1,0
5,4,0,Z,001,E,2.83,2,1,0,1,0
5,5,0,Z,010,E,1.41,1,1,0,1,0
5,6,0,Z,100,E,1.41,1,1,0,1,0
5,7,0,Z,001,E,2.83,2,1,0,1,0
5,8,0,Z,010,E,2.45,2,1,0,1,0
5,9,0,Z,100,E,1.41,1,1,0,1,0
5,10,0,Z,000,E,2.83,2,1,0,1,0
5,11,0,Z,000,E,1.41,1,1,0,1,0
5,12,0,Z,000,E,2.45,2,1,0,1,0
5,13,0,Z,000,E,1.41,1,1,0,1,0
5,14,0,Z,000,E,1.41,1,1,0,1,0
5,15,0,Z,000,E,1.41,1,1,0,1,0
5,16,0,Z,001,E,1.41,1,1,0,1,0
5,17,0,Z,010,E,2.45,2,1,0,1,0
5,18,0,Z,100,E,1.41,1,1,0,1,0
5,19,0,Z,000,E,1.41,1,1,0,1,0
5,20,0,Z,000,E,1.41,1,1,0,1,0
5,21,0,Z,000,E,1.41,1,1,0,1,0
5,22,0,Z,001,E,1.41,1,1,0,1,0
5,23,0,Z,010,E,2.45,2,1,0,1,0
5,24,0,Z,100,E,1.41,1,1,0,1,0
5,25,0,Z,001,E,2.83,2,1,0,1,0
5,26,0,Z,010,E,2.45,2,1,0,1,0
5,27,0,Z,100,E,1.41,1,1,0,1,0
5,28,0,Z,000,E,1.41,1,1,0,1,0
5,29,0,Z,000,E,1.41,1,1,0,1,0
5,30,0,Z,000,E,2.45,2,1,0,1,0
5,31,0,Z,000,E,1.41,1,1,0,1,0
5,32,0,Z,000,E,1.41,1,1,0,1,0
5,33,0,Z,000,E,1.41,1,1,0,1,0
5,34,0,Z,001,E,1.41,1,1,0,1,0
5,35,0,Z,010,E,2.45,2,1,0,1,0
5,36,0,Z,100,E,1.41,1,1,0,1,0
5,37,0,Z,000,E,2.83,2,1,0,1,0
5,38,0,Z,000,E,1.41,1,1,0,1,0
5,39,0,Z,000,E,2.45,2,1,0,1,0
5,40,0,Z,000,E,1.41,1,1,0,1,0
5,41,0,Z,000,E,1.41,1,1,0,1,0
5,42,0,Z,000,E,2.45,2,1,0,1,0
5,43,0,Z,001,E,2.83,2,1,0,1,0
5,44,0,Z,010,E,1.41,1,1,0,1,0
5,45,0,Z,100,E,1.41,1,1,0,1,0
5,46,0,Z,000,E,2.83,2,1,0,1,0
5,47,0,Z,000,E,1.41,1,1,0,1,0
5,48,0,Z,000,E,2.45,2,1,0,1,0
5,49,0,Z,001,E,2.83,2,1,0,1,0
5,0,1,Z,100,1:1,1.73,1,3,1,1,0
5,1,1,Z,000,E,1.41,1,1,0,1,0
5,2,1,Z,000,E,1.41,1,1,0,1,0
5,3,1,Z,000,E,2.45,2,1,0,1,0
5,4,1,Z,001,1:1,3.61,3,3,1,1,0
5,5,1,Z,010,1:-2,3.16,3,3,2,1,0
5,6,1,Z,100,1:1,2.24,2,3,1,1,0
5,7,1,Z,001,1:1,3.00,2,3,1,1,0
5,8,1,Z,010,1:-2,3.74,3,3,2,1,0
5,9,1,Z,100,1:1,1.00,1,3,1,0,1
5,10,1,Z,000,E,2.83,2,1,0,1,0
5,11,1,Z,000,E,1.41,1,1,0,1,0
5,12,1,Z,000,E,2.45,2,1,0,1,0
5,13,1,Z,000,E,1.41,1,1,0,1,0
5,14,1,Z,000,E,1.41,1,1,0,1,0
5,15,1,Z,000,E,1.41,1,1,0,1,0
5,16,1,Z,001,1:1,2.24,2,3,1,1,0
5,17,1,Z,010,1:-2,3.74,3,3,2,1,0
5,18,1,Z,100,1:1,1.73,1,3,1,1,0
5,19,1,Z,000,E,1.41,1,1,0,1,0
5,20,1,Z,000,E,1.41,1,1,0,1,0
5,21,1,Z,000,E,1.41,1,1,0,1,0
5,22,1,Z,001,1:1,2.24,2,3,1,1,0
5,23,1,Z,010,1:-2,3.74,3,3,2,1,0
5,24,1,Z,100,1:1,2.24,2,3,1,1,0
5,25,1,Z,001,1:1,3.00,2,3,1,1,0
5,26,1,Z,010,1:-2,3.74,3,3,2,1,0
5,27,1,Z,100,1:1,1.73,1,3,1,1,0
5,28,1,Z,000,E,1.41,1,1,0,1,0
5,29,1,Z,000,E,1.41,1,1,0,1,0
5,30,1,Z,000,E,2.45,2,1,0,1,0
5,31,1,Z,000,E,1.41,1,1,0,1,0
5,32,1,Z,000,E,1.41,1,1,0,1,0
5,33,1,Z,000,E,1.41,1,1,0,1,0
5,34,1,Z,001,1:1,2.24,2,3,1,1,0
5,35,1,Z,010,1:-2,3.74,3,3,2,1,0
5,36,1,Z,100,1:1,1.00,1,3,1,0,1
5,37,1,Z,000,E,2.83,2,1,0,1,0
5,38,1,Z,000,E,1.41,1,1,0,1,0
5,39,1,Z,000,E,2.45,2,1,0,1,0
5,40,1,Z,000,E,1.41,1,1,0,1,0
5,41,1,Z,000,E,1.41,1,1,0,1,0
5,42,1,Z,000,E,2.45,2,1,0,1,0
5,43,1,Z,001,1:1,3.61,3,3,1,1,0
5,44,1,Z,010,1:-2,3.16,3,3,2,1,0
5,45,1,Z,100,1:1,1.00,1,3,1,0,1
5,46,1,Z,000,E,2.83,2,1,0,1,0
5,47,1,Z,000,E,1.41,1,1,0,1,0
5,48,1,Z,000,E,2.45,2,1,0,1,0
5,49,1,Z,001,1:1,3.61,3,3,1,1,0
5,0,2,Z,100,2:1,3.74,3,5,2,1,0
5,1,2,Z,000,E,0.00,0,1,0,0,1
5,2,2,Z,000,E,2.45,2,1,0,1,0
5,3,2,Z,000,E,1.41,1,1,0,1,0
5,4,2,Z,001,2:1,3.46,2,5,2,1,0
5,5,2,Z,010,2:-2,3.74,3,5,4,1,0
5,6,2,Z,100,2:1,2.45,2,5,2,1,0
5,7,2,Z,001,2:1,2.45,2,5,2,1,0
5,8,2,Z,010,2:-2,4.24,4,5,4,1,0
5,9,2,Z,100,2:1,2.45,2,5,2,1,0
5,10,2,Z,000,E,2.45,2,1,0,1,0
5,11,2,Z,000,E,1.41,1,1,0,1,0
5,12,2,Z,000,E,1.41,1,1,0,1,0
5,13,2,Z,000,E,2.83,2,1,0,1,0
5,14,2,Z,000,E,2.45,2,1,0,1,0
5,15,2,Z,000,E,2.45,2,1,0,1,0
5,16,2,Z,001,2:1,1.41,1,5,2,0,1
5,17,2,Z,010,2:-2,4.24,4,5,4,1,0
5,18,2,Z,100,2:1,3.74,3,5,2,1,0
5,19,2,Z,000,E,0.00,0,1,0,0,1
5,20,2,Z,000,E,2.45,2,1,0,1,0
5,21,2,Z,000,E,2.45,2,1,0,1,0
5,22,2,Z,001,2:1,1.41,1,5,2,0,1
5,23,2,Z,010,2:-2,3.16,3,5,4,1,0
5,24,2,Z,100,2:1,2.45,2,5,2,1,0
5,25,2,Z,001,2:1,2.45,2,5,2,1,0
5,26,2,Z,010,2:-2,4.24,4,5,4,1,0
5,27,2,Z,100,2:1,3.74,3,5,2,1,0
5,28,2,Z,000,E,0.00,0,1,0,0,1
5,29,2,Z,000,E,2.45,2,1,0,1,0
5,30,2,Z,000,E,1.41,1,1,0,1,0
5,31,2,Z,000,E,2.83,2,1,0,1,0
5,32,2,Z,000,E,2.45,2,1,0,1,0
5,33,2,Z,000,E,2.45,2,1,0,1,0
5,34,2,Z,001,2:1,1.41,1,5,2,0,1
5,35,2,Z,010,2:-2,4.24,4,5,4,1,0
5,36,2,Z,100,2:1,2.45,2,5,2,1,0
5,37,2,Z,000,E,2.45,2,1,0,1,0
5,38,2,Z,000,E,1.41,1,1,0,1,0
5,39,2,Z,000,E,1.41,1,1,0,1,0
5,40,2,Z,000,E,2.83,2,1,0,1,0
5,41,2,Z,000,E,2.45,2,1,0,1,0
5,42,2,Z,000,E,1.41,1,1,0,1,0
5,43,2,Z,001,2:1,3.46,2,5,2,1,0
5,44,2,Z,010,2:-2,4.24,4,5,4,1,0
5,45,2,Z,100,2:1,2.45,2,5,2,1,0
5,46,2,Z,000,E,2.45,2,1,0,1,0
5,47,2,Z,000,E,1.41,1,1,0,1,0
5,48,2,Z,000,E,1.41,1,1,0,1,0
5,49,2,Z,001,2:1,3.46,2,5,2,1,0
5,0,3,Z,100,3:1,3.32,3,5,2,1,0
5,1,3,Z,000,E,1.41,1,1,0,1,0
5,2,3,Z,000,E,2.45,2,1,0,1,0
5,3,3,Z,000,E,2.45,2,1,0,1,0
5,4,3,Z,001,3:1,2.24,2,5,2,1,0
5,5,3,Z,010,3:-2,3.74,3,5,4,1,0
5,6,3,Z,100,3:1,2.24,2,5,2,0,1
5,7,3,Z,001,3:1,1.73,1,5,2,0,1
5,8,3,Z,010,3:-2,5.10,5,5,4,1,0
5,9,3,Z,100,3:1,4.12,4,5,2,1,0
5,10,3,Z,000,E,1.41,1,1,0,1,0
5,11,3,Z,000,E,2.83,2,1,0,1,0
5,12,3,Z,000,E,1.41,1,1,0,1,0
5,13,3,Z,000,E,1.41,1,1,0,1,0
5,14,3,Z,000,E,1.41,1,1,0,1,0
5,15,3,Z,000,E,1.41,1,1,0,1,0
5,16,3,Z,001,3:1,2.24,2,5,2,1,0
5,17,3,Z,010,3:-2,4.24,4,5,4,1,0
5,18,3,Z,100,3:1,3.32,3,5,2,1,0
5,19,3,Z,000,E,1.41,1,1,0,1,0
5,20,3,Z,000,E,1.41,1,1,0,1,0
5,21,3,Z,000,E,1.41,1,1,0,1,0
5,22,3,Z,001,3:1,2.24,2,5,2,1,0
5,23,3,Z,010,3:-2,3.74,3,5,4,1,0
5,24,3,Z,100,3:1,2.24,2,5,2,0,1
5,25,3,Z,001,3:1,1.73,1,5,2,0,1
5,26,3,Z,010,3:-2,4.24,4,5,4,1,0
5,27,3,Z,100,3:1,3.32,3,5,2,1,0
5,28,3,Z,000,E,1.41,1,1,0,1,0
5,29,3,Z,000,E,2.45,2,1,0,1,0
5,30,3,Z,000,E,1.41,1,1,0,1,0
5,31,3,Z,000,E,1.41,1,1,0,1,0
5,32,3,Z,000,E,1.41,1,1,0,1,0
5,33,3,Z,000,E,1.41,1,1,0,1,0
5,34,3,Z,001,3:1,2.24,2,5,2,1,0
5,35,3,Z,010,3:-2,5.10,5,5,4,1,0
5,36,3,Z,100,3:1,4.12,4,5,2,1,0
5,37,3,Z,000,E,1.41,1,1,0,1,0
5,38,3,Z,000,E,2.83,2,1,0,1,0
5,39,3,Z,000,E,1.41,1,1,0,1,0
5,40,3,Z,000,E,1.41,1,1,0,1,0
5,41,3,Z,000,E,2.45,2,1,0,1,0
5,42,3,Z,000,E,2.45,2,1,0,1,0
5,43,3,Z,001,3:1,2.24,2,5,2,1,0
5,44,3,Z,010,3:-2,5.10,5,5,4,1,0
5,45,3,Z,100,3:1,4.12,4,5,2,1,0
5,46,3,Z,000,E,1.41,1,1,0,1,0
5,47,3,Z,000,E,2.83,2,1,0,1,0
5,48,3,Z,000,E,2.45,2,1,0,1,0
5,49,3,Z,001,3:1,2.24,2,5,2,1,0
5,0,4,Z,100,4:1,3.16,3,3,2,1,0
5,1,4,Z,000,E,2.83,2,1,0,1,0
5,2,4,Z,000,E,3.74,3,1,0,1,0
5,3,4,Z,000,E,3.74,3,1,0,1,0
5,4,4,Z,001,4:1,2.45,2,3,2,0,1
5,5,4,Z,010,4:-2,4.69,3,3,4,1,0
5,6,4,Z,100,4:1,3.74,3,3,2,1,0
5,7,4,Z,001,4:1,3.16,3,3,2,1,0
5,8,4,Z,010,4:-2,5.48,5,3,4,1,0
5,9,4,Z,100,4:1,4.24,4,3,2,1,0
5,10,4,Z,000,E,0.00,0,1,0,0,1
5,11,4,Z,000,E,3.74,3,1,0,1,0
5,12,4,Z,000,E,1.41,1,1,0,1,0
5,13,4,Z,000,E,2.45,2,1,0,1,0
5,14,4,Z,000,E,3.74,3,1,0,1,0
5,15,4,Z,000,E,1.41,1,1,0,1,0
5,16,4,Z,001,4:1,3.16,3,3,2,1,0
5,17,4,Z,010,4:-2,5.10,4,3,4,1,0
5,18,4,Z,100,4:1,3.16,3,3,2,1,0
5,19,4,Z,000,E,2.83,2,1,0,1,0
5,20,4,Z,000,E,3.74,3,1,0,1,0
5,21,4,Z,000,E,1.41,1,1,0,1,0
5,22,4,Z,001,4:1,3.16,3,3,2,1,0
5,23,4,Z,010,4:-2,4.69,3,3,4,1,0
5,24,4,Z,100,4:1,3.74,3,3,2,1,0
5,25,4,Z,001,4:1,3.16,3,3,2,1,0
5,26,4,Z,010,4:-2,5.10,4,3,4,1,0
5,27,4,Z,100,4:1,3.16,3,3,2,1,0
5,28,4,Z,000,E,2.83,2,1,0,1,0
5,29,4,Z,000,E,3.74,3,1,0,1,0
5,30,4,Z,000,E,1.41,1,1,0,1,0
5,31,4,Z,000,E,2.45,2,1,0,1,0
5,32,4,Z,000,E,3.74,3,1,0,1,0
5,33,4,Z,000,E,1.41,1,1,0,1,0
5,34,4,Z,001,4:1,3.16,3,3,2,1,0
5,35,4,Z,010,4:-2,5.48,5,3,4,1,0
5,36,4,Z,100,4:1,4.24,4,3,2,1,0
5,37,4,Z,000,E,0.00,0,1,0,0,1
5,38,4,Z,000,E,3.74,3,1,0,1,0
5,39,4,Z,000,E,1.41,1,1,0,1,0
5,40,4,Z,000,E,2.45,2,1,0,1,0
5,41,4,Z,000,E,3.74,3,1,0,1,0
5,42,4,Z,000,E,3.74,3,1,0,1,0
5,43,4,Z,001,4:1,2.45,2,3,2,0,1
5,44,4,Z,010,4:-2,5.48,5,3,4,1,0
5,45,4,Z,100,4:1,4.24,4,3,2,1,0
5,46,4,Z,000,E,0.00,0,1,0,0,1
5,47,4,Z,000,E,3.74,3,1,0,1,0
5,48,4,Z,000,E,3.74,3,1,0,1,0
5,49,4,Z,001,4:1,2.45,2,3,2,0,1
6,0,0,Z,100,E,2.45,2,1,0,1,0
6,1,0,Z,000,E,2.83,2,1,0,1,0
6,2,0,Z,000,E,1.41,1,1,0,1,0
6,3,0,Z,000,E,1.41,1,1,0,1,0
6,4,0,Z,001,2:1,4.47,4,5,2,1,0
6,5,0,Z,010,1:-2,2.45,2,3,2,1,0
6,6,0,Z,100,E,2.45,2,1,0,1,0
6,7,0,Z,001,2:1,3.46,2,5,2,1,0
6,8,0,Z,010,1:-2,3.74,3,3,2,1,0
6,9,0,Z,100,E,1.41,1,1,0,1,0
6,10,0,Z,000,E,3.74,3,1,0,1,0
6,11,0,Z,000,E,1.41,1,1,0,1,0
6,12,0,Z,000,E,2.45,2,1,0,1,0
6,13,0,Z,000,E,2.83,2,1,0,1,0
6,14,0,Z,000,E,1.41,1,1,0,1,0
6,15,0,Z,000,E,1.41,1,1,0,1,0
6,16,0,Z,001,2:1,3.16,3,5,2,1,0
6,17,0,Z,010,1:-2,3.74,3,3,2,1,0
6,18,0,Z,100,E,2.45,2,1,0,1,0
6,19,0,Z,000,E,2.83,2,1,0,1,0
6,20,0,Z,000,E,1.41,1,1,0,1,0
6,21,0,Z,000,E,1.41,1,1,0,1,0
6,22,0,Z,001,2:1,3.16,3,5,2,1,0
6,23,0,Z,010,1:-2,2.45,2,3,2,1,0
6,24,0,Z,100,E,2.45,2,1,0,1,0
6,25,0,Z,001,2:1,3.46,2,5,2,1,0
6,26,0,Z,010,1:-2,3.74,3,3,2,1,0
6,27,0,Z,100,E,2.45,2,1,0,1,0
6,28,0,Z,000,E,2.83,2,1,0,1,0
6,29,0,Z,000,E,1.41,1,1,0,1,0
6,30,0,Z,000,E,2.45,2,1,0,1,0
6,31,0,Z,000,E,2.83,2,1,0,1,0
6,32,0,Z,000,E,1.41,1,1,0,1,0
6,33,0,Z,000,E,1.41,1,1,0,1,0
6,34,0,Z,001,2:1,3.16,3,5,2,1,0
6,35,0,Z,010,1:-2,3.74,3,3,2,1,0
6,36,0,Z,100,E,1.41,1,1,0,1,0
6,37,0,Z,000,E,3.74,3,1,0,1,0
6,38,0,Z,000,E,1.41,1,1,0,1,0
6,39,0,Z,000,E,2.45,2,1,0,1,0
6,40,0,Z,000,E,2.83,2,1,0,1,0
6,41,0,Z,000,E,1.41,1,1,0,1,0
6,42,0,Z,000,E,1.41,1,1,0,1,0
6,43,0,Z,001,2:1,4.47,4,5,2,1,0
6,44,0,Z,010,1:-2,3.16,3,3,2,1,0
6,45,0,Z,100,E,1.41,1,1,0,1,0
6,46,0,Z,000,E,3.74,3,1,0,1,0
6,47,0,Z,000,E,1.41,1,1,0,1,0
6,48,0,Z,000,E,1.41,1,1,0,1,0
6,49,0,Z,001,2:1,4.47,4,5,2,1,0
6,0,1,Z,100,1:1,4.36,3,3,1,1,0
6,1,1,Z,000,E,1.41,1,1,0,1,0
6,2,1,Z,000,E,3.74,3,1,0,1,0
6,3,1,Z,000,E,0.00,0,1,0,0,1
6,4,1,Z,001,3:1,4.12,3,5,2,1,0
6,5,1,Z,010,2:-2,3.16,3,5,4,1,0
6,6,1,Z,100,1:1,2.24,2,3,1,1,0
6,7,1,Z,001,3:1,2.24,2,5,2,0,1
6,8,1,Z,010,2:-2,5.48,5,5,4,1,0
6,9,1,Z,100,1:1,2.24,2,3,1,1,0
6,10,1,Z,000,E,3.74,3,1,0,1,0
6,11,1,Z,000,E,2.45,2,1,0,1,0
6,12,1,Z,000,E,1.41,1,1,0,1,0
6,13,1,Z,000,E,3.74,3,1,0,1,0
6,14,1,Z,000,E,1.41,1,1,0,1,0
6,15,1,Z,000,E,2.45,2,1,0,1,0
6,16,1,Z,001,3:1,2.24,2,5,2,0,1
6,17,1,Z,010,2:-2,4.24,4,5,4,1,0
6,18,1,Z,100,1:1,4.36,3,3,1,1,0
6,19,1,Z,000,E,1.41,1,1,0,1,0
6,20,1,Z,000,E,2.45,2,1,0,1,0
6,21,1,Z,000,E,2.45,2,1,0,1,0
6,22,1,Z,001,3:1,2.24,2,5,2,0,1
6,23,1,Z,010,2:-2,3.74,3,5,4,1,0
6,24,1,Z,100,1:1,2.24,2,3,1,1,0
6,25,1,Z,001,3:1,2.24,2,5,2,0,1
6,26,1,Z,010,2:-2,4.24,4,5,4,1,0
6,27,1,Z,100,1:1,4.36,3,3,1,1,0
6,28,1,Z,000,E,1.41,1,1,0,1,0
6,29,1,Z,000,E,3.74,3,1,0,1,0
6,30,1,Z,000,E,1.41,1,1,0,1,0
6,31,1,Z,000,E,3.74,3,1,0,1,0
6,32,1,Z,000,E,1.41,1,1,0,1,0
6,33,1,Z,000,E,2.45,2,1,0,1,0
6,34,1,Z,001,3:1,2.24,2,5,2,0,1
6,35,1,Z,010,2:-2,5.48,5,5,4,1,0
6,36,1,Z,100,1:1,2.24,2,3,1,1,0
6,37,1,Z,000,E,3.74,3,1,0,1,0
6,38,1,Z,000,E,2.45,2,1,0,1,0
6,39,1,Z,000,E,1.41,1,1,0,1,0
6,40,1,Z,000,E,3.74,3,1,0,1,0
6,41,1,Z,000,E,2.45,2,1,0,1,0
6,42,1,Z,000,E,0.00,0,1,0,0,1
6,43,1,Z,001,3:1,4.12,3,5,2,1,0
6,44,1,Z,010,2:-2,5.10,5,5,4,1,0
6,45,1,Z,100,1:1,2.24,2,3,1,1,0
6,46,1,Z,000,E,3.74,3,1,0,1,0
6,47,1,Z,000,E,2.45,2,1,0,1,0
6,48,1,Z,000,E,0.00,0,1,0,0,1
6,49,1,Z,001,3:1,4.12,3,5,2,1,0
6,0,2,Z,100,2:1,3.74,3,5,2,1,0
6,1,2,Z,000,E,2.83,2,1,0,1,0
6,2,2,Z,000,E,2.45,2,1,0,1,0
6,3,2,Z,000,E,2.45,2,1,0,1,0
6,4,2,Z,001,4:1,2.83,2,3,2,1,0
6,5,2,Z,010,3:-2,3.74,3,5,4,1,0
6,6,2,Z,100,2:1,2.45,2,5,2,1,0
6,7,2,Z,001,4:1,2.45,2,3,2,0,1
6,8,2,Z,010,3:-2,5.10,5,5,4,1,0
6,9,2,Z,100,2:1,4.24,4,5,2,1,0
6,10,2,Z,000,E,2.45,2,1,0,1,0
6,11,2,Z,000,E,3.74,3,1,0,1,0
6,12,2,Z,000,E,2.45,2,1,0,1,0
6,13,2,Z,000,E,2.83,2,1,0,1,0
6,14,2,Z,000,E,1.41,1,1,0,1,0
6,15,2,Z,000,E,2.45,2,1,0,1,0
6,16,2,Z,001,4:1,3.16,3,3,2,1,0
6,17,2,Z,010,3:-2,4.24,4,5,4,1,0
6,18,2,Z,100,2:1,3.74,3,5,2,1,0
6,19,2,Z,000,E,2.83,2,1,0,1,0
6,20,2,Z,000,E,1.41,1,1,0,1,0
6,21,2,Z,000,E,2.45,2,1,0,1,0
6,22,2,Z,001,4:1,3.16,3,3,2,1,0
6,23,2,Z,010,3:-2,4.24,3,5,4,1,0
6,24,2,Z,100,2:1,2.45,2,5,2,1,0
6,25,2,Z,001,4:1,2.45,2,3,2,0,1
6,26,2,Z,010,3:-2,4.24,4,5,4,1,0
6,27,2,Z,100,2:1,3.74,3,5,2,1,0
6,28,2,Z,000,E,2.83,2,1,0,1,0
6,29,2,Z,000,E,2.45,2,1,0,1,0
6,30,2,Z,000,E,2.45,2,1,0,1,0
6,31,2,Z,000,E,2.83,2,1,0,1,0
6,32,2,Z,000,E,1.41,1,1,0,1,0
6,33,2,Z,000,E,2.45,2,1,0,1,0
6,34,2,Z,001,4:1,3.16,3,3,2,1,0
6,35,2,Z,010,3:-2,5.10,5,5,4,1,0
6,36,2,Z,100,2:1,4.24,4,5,2,1,0
6,37,2,Z,000,E,2.45,2,1,0,1,0
6,38,2,Z,000,E,3.74,3,1,0,1,0
6,39,2,Z,000,E,2.45,2,1,0,1,0
6,40,2,Z,000,E,2.83,2,1,0,1,0
6,41,2,Z,000,E,2.45,2,1,0,1,0
6,42,2,Z,000,E,2.45,2,1,0,1,0
6,43,2,Z,001,4:1,2.83,2,3,2,1,0
6,44,2,Z,010,3:-2,5.48,5,5,4,1,0
6,45,2,Z,100,2:1,4.24,4,5,2,1,0
6,46,2,Z,000,E,2.45,2,1,0,1,0
6,47,2,Z,000,E,3.74,3,1,0,1,0
6,48,2,Z,000,E,2.45,2,1,0,1,0
6,49,2,Z,001,4:1,2.83,2,3,2,1,0
6,0,3,P,100,3:1,3.00,3,5,2,1,0
6,1,3,P,000,E,2.83,2,1,0,1,0
6,2,3,P,000,E,2.83,2,1,0,1,0
6,3,3,P,001,E,3.74,3,1,0,1,0
6,4,3,P,000,E,1.41,1,1,0,1,0
6,5,3,P,010,4:-2,4.69,3,3,4,1,0
6,6,3,P,101,3:1,3.00,2,5,2,1,0
6,7,3,P,000,E,2.45,2,1,0,1,0
6,8,3,P,010,4:-2,5.48,5,3,4,1,0
6,9,3,P,100,3:1,4.58,4,5,2,1,0
6,10,3,P,000,E,0.00,0,1,0,0,1
6,11,3,P,000,E,3.74,3,1,0,1,0
6,12,3,P,000,E,1.41,1,1,0,1,0
6,13,3,P,000,E,2.45,2,1,0,1,0
6,14,3,P,000,E,2.45,2,1,0,1,0
6,15,3,P,001,E,1.41,1,1,0,1,0
6,16,3,P,000,E,3.74,3,1,0,1,0
6,17,3,P,010,4:-2,4.90,4,3,4,0,1
6,18,3,P,100,3:1,3.00,3,5,2,1,0
6,19,3,P,000,E,2.83,2,1,0,1,0
6,20,3,P,000,E,2.45,2,1,0,1,0
6,21,3,P,001,E,1.41,1,1,0,1,0
6,22,3,P,000,E,3.74,3,1,0,1,0
6,23,3,P,010,4:-2,5.10,4,3,4,1,0
6,24,3,P,101,3:1,3.00,2,5,2,1,0
6,25,3,P,000,E,2.45,2,1,0,1,0
6,26,3,P,010,4:-2,4.90,4,3,4,0,1
6,27,3,P,100,3:1,3.00,3,5,2,1,0
6,28,3,P,000,E,2.83,2,1,0,1,0
6,29,3,P,000,E,2.83,2,1,0,1,0
6,30,3,P,000,E,1.41,1,1,0,1,0
6,31,3,P,000,E,2.45,2,1,0,1,0
6,32,3,P,000,E,2.45,2,1,0,1,0
6,33,3,P,001,E,1.41,1,1,0,1,0
6,34,3,P,000,E,3.74,3,1,0,1,0
6,35,3,P,010,4:-2,5.48,5,3,4,1,0
6,36,3,P,100,3:1,4.58,4,5,2,1,0
6,37,3,P,000,E,0.00,0,1,0,0,1
6,38,3,P,000,E,3.74,3,1,0,1,0
6,39,3,P,000,E,1.41,1,1,0,1,0
6,40,3,P,000,E,2.45,2,1,0,1,0
6,41,3,P,000,E,2.83,2,1,0,1,0
6,42,3,P,001,E,3.74,3,1,0,1,0
6,43,3,P,000,E,1.41,1,1,0,1,0
6,44,3,P,010,4:-2,5.48,5,3,4,1,0
6,45,3,P,100,3:1,4.58,4,5,2,1,0
6,46,3,P,000,E,0.00,0,1,0,0,1
6,47,3,P,000,E,3.74,3,1,0,1,0
6,48,3,P,001,E,3.74,3,1,0,1,0
6,49,3,P,000,E,1.41,1,1,0,1,0
6,0,4,M,100,4:1,2.83,2,3,2,0,1
6,1,4,M,000,E,1.41,1,1,0,1,0
6,2,4,M,000,E,3.74,3,1,0,1,0
6,3,4,M,001,1:1,3.00,2,3,1,1,0
6,4,4,M,010,E,2.83,2,1,0,1,0
6,5,4,M,000,E,0.00,0,1,0,0,1
6,6,4,M,101,1:1|4:1,4.58,4,7,3,1,0
6,7,4,M,010,E,2.83,2,1,0,1,0
6,8,4,M,000,E,2.83,2,1,0,1,0
6,9,4,M,100,4:1,3.16,3,3,2,1,0
6,10,4,M,000,E,2.45,2,1,0,1,0
6,11,4,M,000,E,3.74,3,1,0,1,0
6,12,4,M,000,E,0.00,0,1,0,0,1
6,13,4,M,000,E,0.00,0,1,0,0,1
6,14,4,M,000,E,2.83,2,1,0,1,0
6,15,4,M,001,1:1,1.00,1,3,1,0,1
6,16,4,M,010,E,2.83,2,1,0,1,0
6,17,4,M,000,E,2.45,2,1,0,1,0
6,18,4,M,100,4:1,2.83,2,3,2,0,1
6,19,4,M,000,E,1.41,1,1,0,1,0
6,20,4,M,000,E,2.83,2,1,0,1,0
6,21,4,M,001,1:1,1.00,1,3,1,0,1
6,22,4,M,010,E,2.83,2,1,0,1,0
6,23,4,M,000,E,0.00,0,1,0,0,1
6,24,4,M,101,1:1|4:1,4.58,4,7,3,1,0
6,25,4,M,010,E,2.83,2,1,0,1,0
6,26,4,M,000,E,2.45,2,1,0,1,0
6,27,4,M,100,4:1,2.83,2,3,2,0,1
6,28,4,M,000,E,1.41,1,1,0,1,0
6,29,4,M,000,E,3.74,3,1,0,1,0
6,30,4,M,000,E,0.00,0,1,0,0,1
6,31,4,M,000,E,0.00,0,1,0,0,1
6,32,4,M,000,E,2.83,2,1,0,1,0
6,33,4,M,001,1:1,1.00,1,3,1,0,1
6,34,4,M,010,E,2.83,2,1,0,1,0
6,35,4,M,000,E,2.83,2,1,0,1,0
6,36,4,M,100,4:1,3.16,3,3,2,1,0
6,37,4,M,000,E,2.45,2,1,0,1,0
6,38,4,M,000,E,3.74,3,1,0,1,0
6,39,4,M,000,E,0.00,0,1,0,0,1
6,40,4,M,000,E,0.00,0,1,0,0,1
6,41,4,M,000,E,3.74,3,1,0,1,0
6,42,4,M,001,1:1,3.00,2,3,1,1,0
6,43,4,M,010,E,2.83,2,1,0,1,0
6,44,4,M,000,E,2.83,2,1,0,1,0
6,45,4,M,100,4:1,3.16,3,3,2,1,0
6,46,4,M,000,E,2.45,2,1,0,1,0
6,47,4,M,000,E,3.74,3,1,0,1,0
6,48,4,M,001,1:1,3.00,2,3,1,1,0
6,49,4,M,010,E,2.83,2,1,0,1,0
7,0,0,Z,100,E,5.10,4,1,0,1,0
7,1,0,Z,000,E,2.83,2,1,0,1,0
7,2,0,Z,000,E,2.45,2,1,0,1,0
7,3,0,Z,000,E,1.41,1,1,0,1,0
7,4,0,Z,001,4:1,4.90,4,3,2,1,0
7,5,0,Z,010,2:-2,2.45,2,5,4,1,0
7,6,0,Z,100,E,2.45,2,1,0,1,0
7,7,0,Z,001,4:1,2.83,2,3,2,0,1
7,8,0,Z,010,2:-2,4.24,4,5,4,1,0
7,9,0,Z,100,E,2.45,2,1,0,1,0
7,10,0,Z,000,E,5.10,4,1,0,1,0
7,11,0,Z,000,E,1.41,1,1,0,1,0
7,12,0,Z,000,E,1.41,1,1,0,1,0
7,13,0,Z,000,E,4.90,4,1,0,1,0
7,14,0,Z,000,E,1.41,1,1,0,1,0
7,15,0,Z,000,E,3.74,3,1,0,1,0
7,16,0,Z,001,4:1,3.16,3,3,2,1,0
7,17,0,Z,010,2:-2,3.16,3,5,4,1,0
7,18,0,Z,100,E,5.10,4,1,0,1,0
7,19,0,Z,000,E,2.83,2,1,0,1,0
7,20,0,Z,000,E,1.41,1,1,0,1,0
7,21,0,Z,000,E,3.74,3,1,0,1,0
7,22,0,Z,001,4:1,3.16,3,3,2,1,0
7,23,0,Z,010,2:-2,3.74,3,5,4,1,0
7,24,0,Z,100,E,2.45,2,1,0,1,0
7,25,0,Z,001,4:1,2.83,2,3,2,0,1
7,26,0,Z,010,2:-2,3.16,3,5,4,1,0
7,27,0,Z,100,E,5.10,4,1,0,1,0
7,28,0,Z,000,E,2.83,2,1,0,1,0
7,29,0,Z,000,E,2.45,2,1,0,1,0
7,30,0,Z,000,E,1.41,1,1,0,1,0
7,31,0,Z,000,E,4.90,4,1,0,1,0
7,32,0,Z,000,E,1.41,1,1,0,1,0
7,33,0,Z,000,E,3.74,3,1,0,1,0
7,34,0,Z,001,4:1,3.16,3,3,2,1,0
7,35,0,Z,010,2:-2,4.24,4,5,4,1,0
7,36,0,Z,100,E,2.45,2,1,0,1,0
7,37,0,Z,000,E,5.10,4,1,0,1,0
7,38,0,Z,000,E,1.41,1,1,0,1,0
7,39,0,Z,000,E,1.41,1,1,0,1,0
7,40,0,Z,000,E,4.90,4,1,0,1,0
7,41,0,Z,000,E,1.41,1,1,0,1,0
7,42,0,Z,000,E,1.41,1,1,0,1,0
7,43,0,Z,001,4:1,4.90,4,3,2,1,0
7,44,0,Z,010,2:-2,4.24,4,5,4,1,0
7,45,0,Z,100,E,2.45,2,1,0,1,0
7,46,0,Z,000,E,5.10,4,1,0,1,0
7,47,0,Z,000,E,1.41,1,1,0,1,0
7,48,0,Z,000,E,1.41,1,1,0,1,0
7,49,0,Z,001,4:1,4.90,4,3,2,1,0
7,0,1,P,100,1:1,3.61,3,3,1,1,0
7,1,1,P,000,E,2.45,2,1,0,1,0
7,2,1,P,000,E,2.83,2,1,0,1,0
7,3,1,P,001,E,2.83,2,1,0,1,0
7,4,1,P,000,E,2.45,2,1,0,1,0
7,5,1,P,010,3:-2,3.74,3,5,4,1,0
7,6,1,P,101,1:1,2.24,2,3,1,1,0
7,7,1,P,000,E,1.41,1,1,0,1,0
7,8,1,P,010,3:-2,5.48,5,5,4,1,0
7,9,1,P,100,1:1,4.58,4,3,1,1,0
7,10,1,P,000,E,2.83,2,1,0,1,0
7,11,1,P,000,E,2.83,2,1,0,1,0
7,12,1,P,000,E,1.41,1,1,0,1,0
7,13,1,P,000,E,3.74,3,1,0,1,0
7,14,1,P,000,E,0.00,0,1,0,0,1
7,15,1,P,001,E,1.41,1,1,0,1,0
7,16,1,P,000,E,2.83,2,1,0,1,0
7,17,1,P,010,3:-2,4.47,4,5,4,0,1
7,18,1,P,100,1:1,3.61,3,3,1,1,0
7,19,1,P,000,E,2.45,2,1,0,1,0
7,20,1,P,000,E,1.41,1,1,0,1,0
7,21,1,P,001,E,1.41,1,1,0,1,0
7,22,1,P,000,E,2.83,2,1,0,1,0
7,23,1,P,010,3:-2,5.10,4,5,4,1,0
7,24,1,P,101,1:1,2.24,2,3,1,1,0
7,25,1,P,000,E,1.41,1,1,0,1,0
7,26,1,P,010,3:-2,4.47,4,5,4,0,1
7,27,1,P,100,1:1,3.61,3,3,1,1,0
7,28,1,P,000,E,2.45,2,1,0,1,0
7,29,1,P,000,E,2.83,2,1,0,1,0
7,30,1,P,000,E,1.41,1,1,0,1,0
7,31,1,P,000,E,3.74,3,1,0,1,0
7,32,1,P,000,E,0.00,0,1,0,0,1
7,33,1,P,001,E,1.41,1,1,0,1,0
7,34,1,P,000,E,2.83,2,1,0,1,0
7,35,1,P,010,3:-2,5.48,5,5,4,1,0
7,36,1,P,100,1:1,4.58,4,3,1,1,0
7,37,1,P,000,E,2.83,2,1,0,1,0
7,38,1,P,000,E,2.83,2,1,0,1,0
7,39,1,P,000,E,1.41,1,1,0,1,0
7,40,1,P,000,E,3.74,3,1,0,1,0
7,41,1,P,000,E,1.41,1,1,0,1,0
7,42,1,P,001,E,2.83,2,1,0,1,0
7,43,1,P,000,E,2.45,2,1,0,1,0
7,44,1,P,010,3:-2,5.10,5,5,4,1,0
7,45,1,P,100,1:1,4.58,4,3,1,1,0
7,46,1,P,000,E,2.83,2,1,0,1,0
7,47,1,P,000,E,2.83,2,1,0,1,0
7,48,1,P,001,E,2.83,2,1,0,1,0
7,49,1,P,000,E,2.45,2,1,0,1,0
7,0,2,P,100,2:1,2.00,2,5,2,0,1
7,1,2,P,000,E,3.74,3,1,0,1,0
7,2,2,P,000,E,3.74,3,1,0,1,0
7,3,2,P,001,1:1,3.00,2,3,1,1,0
7,4,2,P,000,E,1.41,1,1,0,1,0
7,5,2,P,010,4:-2,4.90,4,3,4,0,1
7,6,2,P,101,1:1|2:1,3.00,2,8,3,1,0
7,7,2,P,000,E,2.83,2,1,0,1,0
7,8,2,P,010,4:-2,6.32,6,3,4,1,0
7,9,2,P,100,2:1,3.74,3,5,2,1,0
7,10,2,P,000,E,0.00,0,1,0,0,1
7,11,2,P,000,E,5.10,4,1,0,1,0
7,12,2,P,000,E,0.00,0,1,0,0,1
7,13,2,P,000,E,2.45,2,1,0,1,0
7,14,2,P,000,E,2.83,2,1,0,1,0
7,15,2,P,001,1:1,1.00,1,3,1,0,1
7,16,2,P,000,E,4.90,4,1,0,1,0
7,17,2,P,010,4:-2,5.48,5,3,4,1,0
7,18,2,P,100,2:1,2.00,2,5,2,0,1
7,19,2,P,000,E,3.74,3,1,0,1,0
7,20,2,P,000,E,2.83,2,1,0,1,0
7,21,2,P,001,1:1,1.00,1,3,1,0,1
7,22,2,P,000,E,4.90,4,1,0,1,0
7,23,2,P,010,4:-2,5.66,4,3,4,0,1
7,24,2,P,101,1:1|2:1,3.00,2,8,3,1,0
7,25,2,P,000,E,2.83,2,1,0,1,0
7,26,2,P,010,4:-2,5.48,5,3,4,1,0
7,27,2,P,100,2:1,2.00,2,5,2,0,1
7,28,2,P,000,E,3.74,3,1,0,1,0
7,29,2,P,000,E,3.74,3,1,0,1,0
7,30,2,P,000,E,0.00,0,1,0,0,1
7,31,2,P,000,E,2.45,2,1,0,1,0
7,32,2,P,000,E,2.83,2,1,0,1,0
7,33,2,P,001,1:1,1.00,1,3,1,0,1
7,34,2,P,000,E,4.90,4,1,0,1,0
7,35,2,P,010,4:-2,6.32,6,3,4,1,0
7,36,2,P,100,2:1,3.74,3,5,2,1,0
7,37,2,P,000,E,0.00,0,1,0,0,1
7,38,2,P,000,E,5.10,4,1,0,1,0
7,39,2,P,000,E,0.00,0,1,0,0,1
7,40,2,P,000,E,2.45,2,1,0,1,0
7,41,2,P,000,E,3.74,3,1,0,1,0
7,42,2,P,001,1:1,3.00,2,3,1,1,0
7,43,2,P,000,E,1.41,1,1,0,1,0
7,44,2,P,010,4:-2,6.32,6,3,4,1,0
7,45,2,P,100,2:1,3.74,3,5,2,1,0
7,46,2,P,000,E,0.00,0,1,0,0,1
7,47,2,P,000,E,5.10,4,1,0,1,0
7,48,2,P,001,1:1,3.00,2,3,1,1,0
7,49,2,P,000,E,1.41,1,1,0,1,0
7,0,3,M,100,3:1,3.00,2,5,2,1,0
7,1,3,M,000,E,2.83,2,1,0,1,0
7,2,3,M,000,E,3.74,3,1,0,1,0
7,3,3,M,001,2:1,2.45,2,5,2,1,0
7,4,3,M,010,E,2.83,2,1,0,1,0
7,5,3,M,000,E,1.41,1,1,0,1,0
7,6,3,M,101,2:1|3:1,4.58,4,11,4,1,0
7,7,3,M,010,E,3.74,3,1,0,1,0
7,8,3,M,000,E,2.83,2,1,0,1,0
7,9,3,M,100,3:1,3.00,3,5,2,1,0
7,10,3,M,000,E,2.83,2,1,0,1,0
7,11,3,M,000,E,5.10,4,1,0,1,0
7,12,3,M,000,E,1.41,1,1,0,1,0
7,13,3,M,000,E,1.41,1,1,0,1,0
7,14,3,M,000,E,2.83,2,1,0,1,0
7,15,3,M,001,2:1,1.41,1,5,2,0,1
7,16,3,M,010,E,4.24,3,1,0,1,0
7,17,3,M,000,E,2.45,2,1,0,1,0
7,18,3,M,100,3:1,3.00,2,5,2,1,0
7,19,3,M,000,E,2.83,2,1,0,1,0
7,20,3,M,000,E,2.83,2,1,0,1,0
7,21,3,M,001,2:1,1.41,1,5,2,0,1
7,22,3,M,010,E,2.83,2,1,0,1,0
7,23,3,M,000,E,0.00,0,1,0,0,1
7,24,3,M,101,2:1|3:1,4.58,4,11,4,1,0
7,25,3,M,010,E,3.74,3,1,0,1,0
7,26,3,M,000,E,2.45,2,1,0,1,0
7,27,3,M,100,3:1,3.00,2,5,2,1,0
7,28,3,M,000,E,2.83,2,1,0,1,0
7,29,3,M,000,E,4.90,4,1,0,1,0
7,30,3,M,000,E,1.41,1,1,0,1,0
7,31,3,M,000,E,1.41,1,1,0,1,0
7,32,3,M,000,E,2.83,2,1,0,1,0
7,33,3,M,001,2:1,1.41,1,5,2,0,1
7,34,3,M,010,E,4.24,3,1,0,1,0
7,35,3,M,000,E,2.83,2,1,0,1,0
7,36,3,M,100,3:1,3.00,3,5,2,1,0
7,37,3,M,000,E,2.83,2,1,0,1,0
7,38,3,M,000,E,5.10,4,1,0,1,0
7,39,3,M,000,E,1.41,1,1,0,1,0
7,40,3,M,000,E,1.41,1,1,0,1,0
7,41,3,M,000,E,3.74,3,1,0,1,0
7,42,3,M,001,2:1,2.45,2,5,2,1,0
7,43,3,M,010,E,3.74,3,1,0,1,0
7,44,3,M,000,E,3.74,3,1,0,1,0
7,45,3,M,100,3:1,3.00,3,5,2,1,0
7,46,3,M,000,E,2.83,2,1,0,1,0
7,47,3,M,000,E,4.24,3,1,0,1,0
7,48,3,M,001,2:1,2.45,2,5,2,1,0
7,49,3,M,010,E,2.83,2,1,0,1,0
7,0,4,M,100,4:1,4.24,4,3,2,1,0
7,1,4,M,000,E,1.41,1,1,0,1,0
7,2,4,M,000,E,1.41,1,1,0,1,0
7,3,4,M,001,3:1,4.58,4,5,2,1,0
7,4,4,M,010,1:-2,2.45,2,3,2,1,0
7,5,4,M,000,E,2.83,2,1,0,1,0
7,6,4,M,101,3:1|4:1,5.74,4,8,4,1,0
7,7,4,M,010,1:-2,4.47,4,3,2,1,0
7,8,4,M,000,E,1.41,1,1,0,1,0
7,9,4,M,100,4:1,5.10,5,3,2,1,0
7,10,4,M,000,E,2.45,2,1,0,1,0
7,11,4,M,000,E,2.83,2,1,0,1,0
7,12,4,M,000,E,2.45,2,1,0,1,0
7,13,4,M,000,E,1.41,1,1,0,1,0
7,14,4,M,000,E,2.83,2,1,0,1,0
7,15,4,M,001,3:1,3.00,3,5,2,1,0
7,16,4,M,010,1:-2,3.16,3,3,2,1,0
7,17,4,M,000,E,3.74,3,1,0,1,0
7,18,4,M,100,4:1,4.24,4,3,2,1,0
7,19,4,M,000,E,0.00,0,1,0,0,1
7,20,4,M,000,E,2.83,2,1,0,1,0
7,21,4,M,001,3:1,3.00,3,5,2,1,0
7,22,4,M,010,1:-2,2.45,2,3,2,1,0
7,23,4,M,000,E,2.83,2,1,0,1,0
7,24,4,M,101,3:1|4:1,5.74,4,8,4,1,0
7,25,4,M,010,1:-2,3.16,3,3,2,1,0
7,26,4,M,000,E,3.74,3,1,0,1,0
7,27,4,M,100,4:1,4.24,4,3,2,1,0
7,28,4,M,000,E,1.41,1,1,0,1,0
7,29,4,M,000,E,2.83,2,1,0,1,0
7,30,4,M,000,E,2.45,2,1,0,1,0
7,31,4,M,000,E,1.41,1,1,0,1,0
7,32,4,M,000,E,2.83,2,1,0,1,0
7,33,4,M,001,3:1,3.00,3,5,2,1,0
7,34,4,M,010,1:-2,4.47,4,3,2,1,0
7,35,4,M,000,E,1.41,1,1,0,1,0
7,36,4,M,100,4:1,5.10,5,3,2,1,0
7,37,4,M,000,E,2.45,2,1,0,1,0
7,38,4,M,000,E,2.83,2,1,0,1,0
7,39,4,M,000,E,2.45,2,1,0,1,0
7,40,4,M,000,E,0.00,0,1,0,0,1
7,41,4,M,000,E,1.41,1,1,0,1,0
7,42,4,M,001,3:1,4.58,4,5,2,1,0
7,43,4,M,010,1:-2,4.47,4,3,2,1,0
7,44,4,M,000,E,1.41,1,1,0,1,0
7,45,4,M,100,4:1,5.10,5,3,2,1,0
7,46,4,M,000,E,2.45,2,1,0,1,0
7,47,4,M,000,E,1.41,1,1,0,1,0
7,48,4,M,001,3:1,4.58,4,5,2,1,0
7,49,4,M,010,1:-2,2.45,2,3,2,1,0
8,0,0,P,100,E,2.83,2,1,0,1,0
8,1,0,P,000,E,2.45,2,1,0,1,0
8,2,0,P,000,E,2.83,2,1,0,1,0
8,3,0,P,001,1:1,3.61,3,3,1,1,0
8,4,0,P,000,E,2.45,2,1,0,1,0
8,5,0,P,010,3:-2,3.74,3,5,4,1,0
8,6,0,P,101,1:1,2.24,2,3,1,1,0
8,7,0,P,000,E,1.41,1,1,0,1,0
8,8,0,P,010,3:-2,5.48,5,5,4,1,0
8,9,0,P,100,E,3.74,3,1,0,1,0
8,10,0,P,000,E,2.83,2,1,0,1,0
8,11,0,P,000,E,2.83,2,1,0,1,0
8,12,0,P,000,E,1.41,1,1,0,1,0
8,13,0,P,000,E,3.74,3,1,0,1,0
8,14,0,P,000,E,0.00,0,1,0,0,1
8,15,0,P,001,1:1,2.24,2,3,1,1,0
8,16,0,P,000,E,2.83,2,1,0,1,0
8,17,0,P,010,3:-2,4.47,4,5,4,0,1
8,18,0,P,100,E,2.83,2,1,0,1,0
8,19,0,P,000,E,2.45,2,1,0,1,0
8,20,0,P,000,E,1.41,1,1,0,1,0
8,21,0,P,001,1:1,2.24,2,3,1,1,0
8,22,0,P,000,E,2.83,2,1,0,1,0
8,23,0,P,010,3:-2,5.10,4,5,4,1,0
8,24,0,P,101,1:1,2.24,2,3,1,1,0
8,25,0,P,000,E,1.41,1,1,0,1,0
8,26,0,P,010,3:-2,4.47,4,5,4,0,1
8,27,0,P,100,E,2.83,2,1,0,1,0
8,28,0,P,000,E,2.45,2,1,0,1,0
8,29,0,P,000,E,2.83,2,1,0,1,0
8,30,0,P,000,E,1.41,1,1,0,1,0
8,31,0,P,000,E,3.74,3,1,0,1,0
8,32,0,P,000,E,0.00,0,1,0,0,1
8,33,0,P,001,1:1,2.24,2,3,1,1,0
8,34,0,P,000,E,2.83,2,1,0,1,0
8,35,0,P,010,3:-2,5.48,5,5,4,1,0
8,36,0,P,100,E,3.74,3,1,0,1,0
8,37,0,P,000,E,2.83,2,1,0,1,0
8,38,0,P,000,E,2.83,2,1,0,1,0
8,39,0,P,000,E,1.41,1,1,0,1,0
8,40,0,P,000,E,3.74,3,1,0,1,0
8,41,0,P,000,E,1.41,1,1,0,1,0
8,42,0,P,001,1:1,3.61,3,3,1,1,0
8,43,0,P,000,E,2.45,2,1,0,1,0
8,44,0,P,010,3:-2,5.10,5,5,4,1,0
8,45,0,P,100,E,3.74,3,1,0,1,0
8,46,0,P,000,E,2.83,2,1,0,1,0
8,47,0,P,000,E,2.83,2,1,0,1,0
8,48,0,P,001,1:1,3.61,3,3,1,1,0
8,49,0,P,000,E,2.45,2,1,0,1,0
8,0,1,P,100,1:1,2.24,2,3,1,1,0
8,1,1,P,000,E,3.74,3,1,0,1,0
8,2,1,P,000,E,3.74,3,1,0,1,0
8,3,1,P,001,2:1,3.46,2,5,2,1,0
8,4,1,P,000,E,0.00,0,1,0,0,1
8,5,1,P,010,4:-2,4.90,4,3,4,0,1
8,6,1,P,101,1:1|2:1,3.00,2,8,3,1,0
8,7,1,P,000,E,4.24,3,1,0,1,0
8,8,1,P,010,4:-2,6.32,6,3,4,1,0
8,9,1,P,100,1:1,3.61,3,3,1,1,0
8,10,1,P,000,E,0.00,0,1,0,0,1
8,11,1,P,000,E,5.66,4,1,0,1,0
8,12,1,P,000,E,0.00,0,1,0,0,1
8,13,1,P,000,E,2.45,2,1,0,1,0
8,14,1,P,000,E,2.45,2,1,0,1,0
8,15,1,P,001,2:1,1.41,1,5,2,0,1
8,16,1,P,000,E,4.90,4,1,0,1,0
8,17,1,P,010,4:-2,5.48,5,3,4,1,0
8,18,1,P,100,1:1,2.24,2,3,1,1,0
8,19,1,P,000,E,3.74,3,1,0,1,0
8,20,1,P,000,E,2.83,2,1,0,1,0
8,21,1,P,001,2:1,1.41,1,5,2,0,1
8,22,1,P,000,E,3.74,3,1,0,1,0
8,23,1,P,010,4:-2,5.66,4,3,4,0,1
8,24,1,P,101,1:1|2:1,3.00,2,8,3,1,0
8,25,1,P,000,E,4.24,3,1,0,1,0
8,26,1,P,010,4:-2,5.48,5,3,4,1,0
8,27,1,P,100,1:1,2.24,2,3,1,1,0
8,28,1,P,000,E,3.74,3,1,0,1,0
8,29,1,P,000,E,4.90,4,1,0,1,0
8,30,1,P,000,E,0.00,0,1,0,0,1
8,31,1,P,000,E,2.45,2,1,0,1,0
8,32,1,P,000,E,2.45,2,1,0,1,0
8,33,1,P,001,2:1,1.41,1,5,2,0,1
8,34,1,P,000,E,4.90,4,1,0,1,0
8,35,1,P,010,4:-2,6.32,6,3,4,1,0
8,36,1,P,100,1:1,3.61,3,3,1,1,0
8,37,1,P,000,E,0.00,0,1,0,0,1
8,38,1,P,000,E,5.66,4,1,0,1,0
8,39,1,P,000,E,0.00,0,1,0,0,1
8,40,1,P,000,E,2.45,2,1,0,1,0
8,41,1,P,000,E,2.83,2,1,0,1,0
8,42,1,P,001,2:1,3.46,2,5,2,1,0
8,43,1,P,000,E,1.41,1,1,0,1,0
8,44,1,P,010,4:-2,6.32,6,3,4,1,0
8,45,1,P,100,1:1,3.61,3,3,1,1,0
8,46,1,P,000,E,0.00,0,1,0,0,1
8,47,1,P,000,E,5.10,4,1,0,1,0
8,48,1,P,001,2:1,3.46,2,5,2,1,0
8,49,1,P,000,E,0.00,0,1,0,0,1
8,0,2,M,100,2:1,2.45,2,5,2,1,0
8,1,2,M,000,E,4.24,3,1,0,1,0
8,2,2,M,000,E,3.74,3,1,0,1,0
8,3,2,M,001,3:1,2.24,2,5,2,0,1
8,4,2,M,010,E,1.41,1,1,0,1,0
8,5,2,M,000,E,2.83,2,1,0,1,0
8,6,2,M,101,2:1|3:1,4.58,4,11,4,1,0
8,7,2,M,010,E,4.90,4,1,0,1,0
8,8,2,M,000,E,2.45,2,1,0,1,0
8,9,2,M,100,2:1,3.16,3,5,2,1,0
8,10,2,M,000,E,2.83,2,1,0,1,0
8,11,2,M,000,E,5.66,4,1,0,1,0
8,12,2,M,000,E,1.41,1,1,0,1,0
8,13,2,M,000,E,0.00,0,1,0,0,1
8,14,2,M,000,E,2.83,2,1,0,1,0
8,15,2,M,001,3:1,2.24,2,5,2,0,1
8,16,2,M,010,E,4.24,3,1,0,1,0
8,17,2,M,000,E,2.45,2,1,0,1,0
8,18,2,M,100,2:1,2.45,2,5,2,1,0
8,19,2,M,000,E,2.83,2,1,0,1,0
8,20,2,M,000,E,2.83,2,1,0,1,0
8,21,2,M,001,3:1,2.24,2,5,2,0,1
8,22,2,M,010,E,3.74,3,1,0,1,0
8,23,2,M,000,E,0.00,0,1,0,0,1
8,24,2,M,101,2:1|3:1,4.58,4,11,4,1,0
8,25,2,M,010,E,3.74,3,1,0,1,0
8,26,2,M,000,E,2.45,2,1,0,1,0
8,27,2,M,100,2:1,2.45,2,5,2,1,0
8,28,2,M,000,E,4.24,3,1,0,1,0
8,29,2,M,000,E,4.90,4,1,0,1,0
8,30,2,M,000,E,1.41,1,1,0,1,0
8,31,2,M,000,E,0.00,0,1,0,0,1
8,32,2,M,000,E,2.83,2,1,0,1,0
8,33,2,M,001,3:1,2.24,2,5,2,0,1
8,34,2,M,010,E,5.66,4,1,0,1,0
8,35,2,M,000,E,2.45,2,1,0,1,0
8,36,2,M,100,2:1,3.16,3,5,2,1,0
8,37,2,M,000,E,2.83,2,1,0,1,0
8,38,2,M,000,E,5.66,4,1,0,1,0
8,39,2,M,000,E,1.41,1,1,0,1,0
8,40,2,M,000,E,1.41,1,1,0,1,0
8,41,2,M,000,E,3.74,3,1,0,1,0
8,42,2,M,001,3:1,2.24,2,5,2,0,1
8,43,2,M,010,E,3.74,3,1,0,1,0
8,44,2,M,000,E,3.74,3,1,0,1,0
8,45,2,M,100,2:1,3.16,3,5,2,1,0
8,46,2,M,000,E,2.83,2,1,0,1,0
8,47,2,M,000,E,4.24,3,1,0,1,0
8,48,2,M,001,3:1,2.24,2,5,2,0,1
8,49,2,M,010,E,1.41,1,1,0,1,0
8,0,3,M,100,3:1,4.12,4,5,2,1,0
8,1,3,M,000,E,1.41,1,1,0,1,0
8,2,3,M,000,E,1.41,1,1,0,1,0
8,3,3,M,001,4:1,4.24,4,3,2,1,0
8,4,3,M,010,1:-2,2.00,2,3,2,0,1
8,5,3,M,000,E,3.74,3,1,0,1,0
8,6,3,M,101,3:1|4:1,5.74,4,8,4,1,0
8,7,3,M,010,1:-2,4.24,4,3,2,1,0
8,8,3,M,000,E,0.00,0,1,0,0,1
8,9,3,M,100,3:1,5.39,5,5,2,1,0
8,10,3,M,000,E,2.45,2,1,0,1,0
8,11,3,M,000,E,3.74,3,1,0,1,0
8,12,3,M,000,E,2.45,2,1,0,1,0
8,13,3,M,000,E,1.41,1,1,0,1,0
8,14,3,M,000,E,2.83,2,1,0,1,0
8,15,3,M,001,4:1,3.16,3,3,2,1,0
8,16,3,M,010,1:-2,3.16,3,3,2,1,0
8,17,3,M,000,E,3.74,3,1,0,1,0
8,18,3,M,100,3:1,4.12,4,5,2,1,0
8,19,3,M,000,E,0.00,0,1,0,0,1
8,20,3,M,000,E,2.83,2,1,0,1,0
8,21,3,M,001,4:1,3.16,3,3,2,1,0
8,22,3,M,010,1:-2,3.46,2,3,2,1,0
8,23,3,M,000,E,2.83,2,1,0,1,0
8,24,3,M,101,3:1|4:1,5.74,4,8,4,1,0
8,25,3,M,010,1:-2,3.16,3,3,2,1,0
8,26,3,M,000,E,3.74,3,1,0,1,0
8,27,3,M,100,3:1,4.12,4,5,2,1,0
8,28,3,M,000,E,1.41,1,1,0,1,0
8,29,3,M,000,E,2.83,2,1,0,1,0
8,30,3,M,000,E,2.45,2,1,0,1,0
8,31,3,M,000,E,1.41,1,1,0,1,0
8,32,3,M,000,E,2.83,2,1,0,1,0
8,33,3,M,001,4:1,3.16,3,3,2,1,0
8,34,3,M,010,1:-2,4.47,4,3,2,1,0
8,35,3,M,000,E,0.00,0,1,0,0,1
8,36,3,M,100,3:1,5.39,5,5,2,1,0
8,37,3,M,000,E,2.45,2,1,0,1,0
8,38,3,M,000,E,3.74,3,1,0,1,0
8,39,3,M,000,E,2.45,2,1,0,1,0
8,40,3,M,000,E,0.00,0,1,0,0,1
8,41,3,M,000,E,1.41,1,1,0,1,0
8,42,3,M,001,4:1,4.24,4,3,2,1,0
8,43,3,M,010,1:-2,4.47,4,3,2,1,0
8,44,3,M,000,E,1.41,1,1,0,1,0
8,45,3,M,100,3:1,5.39,5,5,2,1,0
8,46,3,M,000,E,2.45,2,1,0,1,0
8,47,3,M,000,E,1.41,1,1,0,1,0
8,48,3,M,001,4:1,4.24,4,3,2,1,0
8,49,3,M,010,1:-2,2.00,2,3,2,0,1
8,0,4,Z,100,4:1,4.00,4,3,2,1,0
8,1,4,Z,000,E,2.45,2,1,0,1,0
8,2,4,Z,001,E,1.41,1,1,0,1,0
8,3,4,Z,000,E,4.90,4,1,0,1,0
8,4,4,Z,010,2:-2,2.45,2,5,4,1,0
8,5,4,Z,001,E,2.45,2,1,0,1,0
8,6,4,Z,100,4:1,2.83,2,3,2,0,1
8,7,4,Z,010,2:-2,4.24,4,5,4,1,0
8,8,4,Z,000,E,2.45,2,1,0,1,0
8,9,4,Z,100,4:1,5.48,5,3,2,1,0
8,10,4,Z,000,E,1.41,1,1,0,1,0
8,11,4,Z,000,E,1.41,1,1,0,1,0
8,12,4,Z,000,E,4.90,4,1,0,1,0
8,13,4,Z,000,E,1.41,1,1,0,1,0
8,14,4,Z,001,E,3.74,3,1,0,1,0
8,15,4,Z,000,E,2.45,2,1,0,1,0
8,16,4,Z,010,2:-2,3.16,3,5,4,1,0
8,17,4,Z,000,E,5.10,4,1,0,1,0
8,18,4,Z,100,4:1,4.00,4,3,2,1,0
8,19,4,Z,000,E,1.41,1,1,0,1,0
8,20,4,Z,001,E,3.74,3,1,0,1,0
8,21,4,Z,000,E,2.45,2,1,0,1,0
8,22,4,Z,010,2:-2,3.74,3,5,4,1,0
8,23,4,Z,001,E,2.45,2,1,0,1,0
8,24,4,Z,100,4:1,2.83,2,3,2,0,1
8,25,4,Z,010,2:-2,3.16,3,5,4,1,0
8,26,4,Z,000,E,5.10,4,1,0,1,0
8,27,4,Z,100,4:1,4.00,4,3,2,1,0
8,28,4,Z,000,E,2.45,2,1,0,1,0
8,29,4,Z,000,E,1.41,1,1,0,1,0
8,30,4,Z,000,E,4.90,4,1,0,1,0
8,31,4,Z,000,E,1.41,1,1,0,1,0
8,32,4,Z,001,E,3.74,3,1,0,1,0
8,33,4,Z,000,E,2.45,2,1,0,1,0
8,34,4,Z,010,2:-2,4.24,4,5,4,1,0
8,35,4,Z,000,E,2.45,2,1,0,1,0
8,36,4,Z,100,4:1,5.48,5,3,2,1,0
8,37,4,Z,000,E,1.41,1,1,0,1,0
8,38,4,Z,000,E,1.41,1,1,0,1,0
8,39,4,Z,000,E,4.90,4,1,0,1,0
8,40,4,Z,000,E,1.41,1,1,0,1,0
8,41,4,Z,001,E,1.41,1,1,0,1,0
8,42,4,Z,000,E,4.90,4,1,0,1,0
8,43,4,Z,010,2:-2,4.24,4,5,4,1,0
8,44,4,Z,000,E,2.45,2,1,0,1,0
8,45,4,Z,100,4:1,5.48,5,3,2,1,0
8,46,4,Z,000,E,1.41,1,1,0,1,0
8,47,4,Z,001,E,1.41,1,1,0,1,0
8,48,4,Z,000,E,4.90,4,1,0,1,0
8,49,4,Z,010,2:-2,2.45,2,5,4,1,0
9,0,0,P,100,E,2.45,2,1,0,1,0
9,1,0,P,000,E,3.74,3,1,0,1,0
9,2,0,P,000,E,2.45,2,1,0,1,0
9,3,0,P,001,3:1,4.12,3,5,2,1,0
9,4,0,P,000,E,1.41,1,1,0,1,0
9,5,0,P,010,4:-2,4.69,3,3,4,1,0
9,6,0,P,101,3:1,3.00,2,5,2,1,0
9,7,0,P,000,E,4.24,3,1,0,1,0
9,8,0,P,010,4:-2,5.83,5,3,4,1,0
9,9,0,P,100,E,4.24,3,1,0,1,0
9,10,0,P,000,E,0.00,0,1,0,0,1
9,11,0,P,000,E,5.10,4,1,0,1,0
9,12,0,P,000,E,1.41,1,1,0,1,0
9,13,0,P,000,E,2.83,2,1,0,1,0
9,14,0,P,000,E,2.83,2,1,0,1,0
9,15,0,P,001,3:1,2.24,2,5,2,0,1
9,16,0,P,000,E,3.74,3,1,0,1,0
9,17,0,P,010,4:-2,4.90,4,3,4,0,1
9,18,0,P,100,E,2.45,2,1,0,1,0
9,19,0,P,000,E,2.83,2,1,0,1,0
9,20,0,P,000,E,2.45,2,1,0,1,0
9,21,0,P,001,3:1,2.24,2,5,2,0,1
9,22,0,P,000,E,4.24,3,1,0,1,0
9,23,0,P,010,4:-2,5.10,4,3,4,1,0
9,24,0,P,101,3:1,3.00,2,5,2,1,0
9,25,0,P,000,E,2.83,2,1,0,1,0
9,26,0,P,010,4:-2,4.90,4,3,4,0,1
9,27,0,P,100,E,2.45,2,1,0,1,0
9,28,0,P,000,E,3.74,3,1,0,1,0
9,29,0,P,000,E,3.74,3,1,0,1,0
9,30,0,P,000,E,1.41,1,1,0,1,0
9,31,0,P,000,E,2.83,2,1,0,1,0
9,32,0,P,000,E,2.83,2,1,0,1,0
9,33,0,P,001,3:1,2.24,2,5,2,0,1
9,34,0,P,000,E,4.90,4,1,0,1,0
9,35,0,P,010,4:-2,5.83,5,3,4,1,0
9,36,0,P,100,E,4.24,3,1,0,1,0
9,37,0,P,000,E,0.00,0,1,0,0,1
9,38,0,P,000,E,5.10,4,1,0,1,0
9,39,0,P,000,E,1.41,1,1,0,1,0
9,40,0,P,000,E,2.45,2,1,0,1,0
9,41,0,P,000,E,1.41,1,1,0,1,0
9,42,0,P,001,3:1,4.12,3,5,2,1,0
9,43,0,P,000,E,1.41,1,1,0,1,0
9,44,0,P,010,4:-2,5.48,5,3,4,1,0
9,45,0,P,100,E,4.24,3,1,0,1,0
9,46,0,P,000,E,0.00,0,1,0,0,1
9,47,0,P,000,E,3.74,3,1,0,1,0
9,48,0,P,001,3:1,4.12,3,5,2,1,0
9,49,0,P,000,E,1.41,1,1,0,1,0
9,0,1,M,100,1:1,2.24,2,3,1,1,0
9,1,1,M,000,E,2.83,2,1,0,1,0
9,2,1,M,000,E,4.24,3,1,0,1,0
9,3,1,M,001,4:1,2.83,2,3,2,1,0
9,4,1,M,010,E,0.00,0,1,0,0,1
9,5,1,M,000,E,2.83,2,1,0,1,0
9,6,1,M,101,1:1|4:1,4.58,4,7,3,1,0
9,7,1,M,010,E,4.90,4,1,0,1,0
9,8,1,M,000,E,2.83,2,1,0,1,0
9,9,1,M,100,1:1,3.61,3,3,1,1,0
9,10,1,M,000,E,2.45,2,1,0,1,0
9,11,1,M,000,E,5.66,4,1,0,1,0
9,12,1,M,000,E,0.00,0,1,0,0,1
9,13,1,M,000,E,1.41,1,1,0,1,0
9,14,1,M,000,E,2.45,2,1,0,1,0
9,15,1,M,001,4:1,2.45,2,3,2,0,1
9,16,1,M,010,E,2.83,2,1,0,1,0
9,17,1,M,000,E,2.45,2,1,0,1,0
9,18,1,M,100,1:1,2.24,2,3,1,1,0
9,19,1,M,000,E,1.41,1,1,0,1,0
9,20,1,M,000,E,2.83,2,1,0,1,0
9,21,1,M,001,4:1,2.45,2,3,2,0,1
9,22,1,M,010,E,3.74,3,1,0,1,0
9,23,1,M,000,E,0.00,0,1,0,0,1
9,24,1,M,101,1:1|4:1,4.58,4,7,3,1,0
9,25,1,M,010,E,3.74,3,1,0,1,0
9,26,1,M,000,E,2.45,2,1,0,1,0
9,27,1,M,100,1:1,2.24,2,3,1,1,0
9,28,1,M,000,E,2.83,2,1,0,1,0
9,29,1,M,000,E,4.90,4,1,0,1,0
9,30,1,M,000,E,0.00,0,1,0,0,1
9,31,1,M,000,E,1.41,1,1,0,1,0
9,32,1,M,000,E,2.45,2,1,0,1,0
9,33,1,M,001,4:1,2.45,2,3,2,0,1
9,34,1,M,010,E,4.24,3,1,0,1,0
9,35,1,M,000,E,2.83,2,1,0,1,0
9,36,1,M,100,1:1,3.61,3,3,1,1,0
9,37,1,M,000,E,2.45,2,1,0,1,0
9,38,1,M,000,E,5.66,4,1,0,1,0
9,39,1,M,000,E,0.00,0,1,0,0,1
9,40,1,M,000,E,0.00,0,1,0,0,1
9,41,1,M,000,E,2.83,2,1,0,1,0
9,42,1,M,001,4:1,2.83,2,3,2,1,0
9,43,1,M,010,E,2.83,2,1,0,1,0
9,44,1,M,000,E,2.83,2,1,0,1,0
9,45,1,M,100,1:1,3.61,3,3,1,1,0
9,46,1,M,000,E,2.45,2,1,0,1,0
9,47,1,M,000,E,3.74,3,1,0,1,0
9,48,1,M,001,4:1,2.83,2,3,2,1,0
9,49,1,M,010,E,0.00,0,1,0,0,1
9,0,2,Z,100,2:1,4.47,4,5,2,1,0
9,1,2,Z,000,E,2.45,2,1,0,1,0
9,2,2,Z,001,E,2.45,2,1,0,1,0
9,3,2,Z,000,E,2.83,2,1,0,1,0
9,4,2,Z,010,1:-2,1.41,1,3,2,1,0
9,5,2,Z,001,E,3.74,3,1,0,1,0
9,6,2,Z,100,2:1,3.46,2,5,2,1,0
9,7,2,Z,010,1:-2,4.24,4,3,2,1,0
9,8,2,Z,000,E,1.41,1,1,0,1,0
9,9,2,Z,100,2:1,5.48,5,5,2,1,0
9,10,2,Z,000,E,1.41,1,1,0,1,0
9,11,2,Z,000,E,3.74,3,1,0,1,0
9,12,2,Z,000,E,2.83,2,1,0,1,0
9,13,2,Z,000,E,2.45,2,1,0,1,0
9,14,2,Z,001,E,1.41,1,1,0,1,0
9,15,2,Z,000,E,1.41,1,1,0,1,0
9,16,2,Z,010,1:-2,3.74,3,3,2,1,0
9,17,2,Z,000,E,2.45,2,1,0,1,0
9,18,2,Z,100,2:1,4.47,4,5,2,1,0
9,19,2,Z,000,E,1.41,1,1,0,1,0
9,20,2,Z,001,E,1.41,1,1,0,1,0
9,21,2,Z,000,E,1.41,1,1,0,1,0
9,22,2,Z,010,1:-2,4.69,3,3,2,1,0
9,23,2,Z,001,E,2.45,2,1,0,1,0
9,24,2,Z,100,2:1,3.46,2,5,2,1,0
9,25,2,Z,010,1:-2,3.16,3,3,2,1,0
9,26,2,Z,000,E,2.45,2,1,0,1,0
9,27,2,Z,100,2:1,4.47,4,5,2,1,0
9,28,2,Z,000,E,2.45,2,1,0,1,0
9,29,2,Z,000,E,2.45,2,1,0,1,0
9,30,2,Z,000,E,2.83,2,1,0,1,0
9,31,2,Z,000,E,2.45,2,1,0,1,0
9,32,2,Z,001,E,1.41,1,1,0,1,0
9,33,2,Z,000,E,1.41,1,1,0,1,0
9,34,2,Z,010,1:-2,5.10,4,3,2,1,0
9,35,2,Z,000,E,1.41,1,1,0,1,0
9,36,2,Z,100,2:1,5.48,5,5,2,1,0
9,37,2,Z,000,E,1.41,1,1,0,1,0
9,38,2,Z,000,E,3.74,3,1,0,1,0
9,39,2,Z,000,E,2.83,2,1,0,1,0
9,40,2,Z,000,E,1.41,1,1,0,1,0
9,41,2,Z,001,E,2.45,2,1,0,1,0
9,42,2,Z,000,E,2.83,2,1,0,1,0
9,43,2,Z,010,1:-2,3.16,3,3,2,1,0
9,44,2,Z,000,E,1.41,1,1,0,1,0
9,45,2,Z,100,2:1,5.48,5,5,2,1,0
9,46,2,Z,000,E,1.41,1,1,0,1,0
9,47,2,Z,001,E,1.41,1,1,0,1,0
9,48,2,Z,000,E,2.83,2,1,0,1,0
9,49,2,Z,010,1:-2,1.41,1,3,2,1,0
9,0,3,Z,100,3:1,3.00,3,5,2,1,0
9,1,3,Z,000,E,3.74,3,1,0,1,0
9,2,3,Z,001,1:1,1.73,1,3,1,1,0
9,3,3,Z,000,E,3.74,3,1,0,1,0
9,4,3,Z,010,2:-2,3.16,3,5,4,1,0
9,5,3,Z,001,1:1,2.24,2,3,1,1,0
9,6,3,Z,100,3:1,2.24,2,5,2,0,1
9,7,3,Z,010,2:-2,5.10,5,5,4,1,0
9,8,3,Z,000,E,1.41,1,1,0,1,0
9,9,3,Z,100,3:1,4.58,4,5,2,1,0
9,10,3,Z,000,E,2.45,2,1,0,1,0
9,11,3,Z,000,E,2.45,2,1,0,1,0
9,12,3,Z,000,E,3.74,3,1,0,1,0
9,13,3,Z,000,E,1.41,1,1,0,1,0
9,14,3,Z,001,1:1,3.00,2,3,1,1,0
9,15,3,Z,000,E,1.41,1,1,0,1,0
9,16,3,Z,010,2:-2,4.24,4,5,4,1,0
9,17,3,Z,000,E,3.74,3,1,0,1,0
9,18,3,Z,100,3:1,3.00,3,5,2,1,0
9,19,3,Z,000,E,2.45,2,1,0,1,0
9,20,3,Z,001,1:1,3.00,2,3,1,1,0
9,21,3,Z,000,E,1.41,1,1,0,1,0
9,22,3,Z,010,2:-2,4.69,3,5,4,1,0
9,23,3,Z,001,1:1,2.24,2,3,1,1,0
9,24,3,Z,100,3:1,2.24,2,5,2,0,1
9,25,3,Z,010,2:-2,4.00,4,5,4,0,1
9,26,3,Z,000,E,3.74,3,1,0,1,0
9,27,3,Z,100,3:1,3.00,3,5,2,1,0
9,28,3,Z,000,E,3.74,3,1,0,1,0
9,29,3,Z,000,E,1.41,1,1,0,1,0
9,30,3,Z,000,E,3.74,3,1,0,1,0
9,31,3,Z,000,E,1.41,1,1,0,1,0
9,32,3,Z,001,1:1,3.00,2,3,1,1,0
9,33,3,Z,000,E,1.41,1,1,0,1,0
9,34,3,Z,010,2:-2,5.48,5,5,4,1,0
9,35,3,Z,000,E,1.41,1,1,0,1,0
9,36,3,Z,100,3:1,4.58,4,5,2,1,0
9,37,3,Z,000,E,2.45,2,1,0,1,0
9,38,3,Z,000,E,2.45,2,1,0,1,0
9,39,3,Z,000,E,3.74,3,1,0,1,0
9,40,3,Z,000,E,2.45,2,1,0,1,0
9,41,3,Z,001,1:1,1.73,1,3,1,1,0
9,42,3,Z,000,E,3.74,3,1,0,1,0
9,43,3,Z,010,2:-2,5.10,5,5,4,1,0
9,44,3,Z,000,E,1.41,1,1,0,1,0
9,45,3,Z,100,3:1,4.58,4,5,2,1,0
9,46,3,Z,000,E,2.45,2,1,0,1,0
9,47,3,Z,001,1:1,1.00,1,3,1,0,1
9,48,3,Z,000,E,3.74,3,1,0,1,0
9,49,3,Z,010,2:-2,3.16,3,5,4,1,0
9,0,4,Z,100,4:1,2.83,2,3,2,1,0
9,1,4,Z,000,E,2.45,2,1,0,1,0
9,2,4,Z,001,2:1,3.16,3,5,2,1,0
9,3,4,Z,000,E,2.45,2,1,0,1,0
9,4,4,Z,010,3:-2,3.74,3,5,4,1,0
9,5,4,Z,001,2:1,2.45,2,5,2,1,0
9,6,4,Z,100,4:1,2.83,2,3,2,1,0
9,7,4,Z,010,3:-2,5.10,5,5,4,1,0
9,8,4,Z,000,E,3.74,3,1,0,1,0
9,9,4,Z,100,4:1,3.16,3,3,2,1,0
9,10,4,Z,000,E,4.24,3,1,0,1,0
9,11,4,Z,000,E,2.45,2,1,0,1,0
9,12,4,Z,000,E,2.83,2,1,0,1,0
9,13,4,Z,000,E,1.41,1,1,0,1,0
9,14,4,Z,001,2:1,2.45,2,5,2,1,0
9,15,4,Z,000,E,3.74,3,1,0,1,0
9,16,4,Z,010,3:-2,4.24,4,5,4,1,0
9,17,4,Z,000,E,3.74,3,1,0,1,0
9,18,4,Z,100,4:1,2.83,2,3,2,1,0
9,19,4,Z,000,E,1.41,1,1,0,1,0
9,20,4,Z,001,2:1,2.45,2,5,2,1,0
9,21,4,Z,000,E,2.83,2,1,0,1,0
9,22,4,Z,010,3:-2,4.24,3,5,4,1,0
9,23,4,Z,001,2:1,2.45,2,5,2,1,0
9,24,4,Z,100,4:1,2.83,2,3,2,1,0
9,25,4,Z,010,3:-2,4.24,4,5,4,1,0
9,26,4,Z,000,E,3.74,3,1,0,1,0
9,27,4,Z,100,4:1,2.83,2,3,2,1,0
9,28,4,Z,000,E,3.74,3,1,0,1,0
9,29,4,Z,000,E,2.45,2,1,0,1,0
9,30,4,Z,000,E,2.83,2,1,0,1,0
9,31,4,Z,000,E,1.41,1,1,0,1,0
9,32,4,Z,001,2:1,2.45,2,5,2,1,0
9,33,4,Z,000,E,3.74,3,1,0,1,0
9,34,4,Z,010,3:-2,5.10,5,5,4,1,0
9,35,4,Z,000,E,3.74,3,1,0,1,0
9,36,4,Z,100,4:1,3.16,3,3,2,1,0
9,37,4,Z,000,E,4.24,3,1,0,1,0
9,38,4,Z,000,E,2.45,2,1,0,1,0
9,39,4,Z,000,E,2.83,2,1,0,1,0
9,40,4,Z,000,E,1.41,1,1,0,1,0
9,41,4,Z,001,2:1,3.16,3,5,2,1,0
9,42,4,Z,000,E,2.83,2,1,0,1,0
9,43,4,Z,010,3:-2,5.48,5,5,4,1,0
9,44,4,Z,000,E,3.74,3,1,0,1,0
9,45,4,Z,100,4:1,3.16,3,3,2,1,0
9,46,4,Z,000,E,3.74,3,1,0,1,0
9,47,4,Z,001,2:1,3.16,3,5,2,1,0
9,48,4,Z,000,E,2.45,2,1,0,1,0
9,49,4,Z,010,3:-2,3.74,3,5,4,1,0
10,0,0,Z,100,E,2.83,2,1,0,1,0
10,1,0,Z,000,E,2.45,2,1,0,1,0
10,2,0,Z,001,E,3.74,3,1,0,1,0
10,3,0,Z,000,E,2.45,2,1,0,1,0
10,4,0,Z,010,E,1.41,1,1,0,1,0
10,5,0,Z,001,E,2.45,2,1,0,1,0
10,6,0,Z,100,E,2.83,2,1,0,1,0
10,7,0,Z,010,E,3.74,3,1,0,1,0
10,8,0,Z,000,E,2.45,2,1,0,1,0
10,9,0,Z,100,E,3.74,3,1,0,1,0
10,10,0,Z,000,E,1.41,1,1,0,1,0
10,11,0,Z,000,E,4.24,3,1,0,1,0
10,12,0,Z,000,E,1.41,1,1,0,1,0
10,13,0,Z,000,E,2.45,2,1,0,1,0
10,14,0,Z,001,E,1.41,1,1,0,1,0
10,15,0,Z,000,E,0.00,0,1,0,0,1
10,16,0,Z,010,E,2.45,2,1,0,1,0
10,17,0,Z,000,E,1.41,1,1,0,1,0
10,18,0,Z,100,E,2.83,2,1,0,1,0
10,19,0,Z,000,E,1.41,1,1,0,1,0
10,20,0,Z,001,E,1.41,1,1,0,1,0
10,21,0,Z,000,E,0.00,0,1,0,0,1
10,22,0,Z,010,E,4.24,3,1,0,1,0
10,23,0,Z,001,E,1.41,1,1,0,1,0
10,24,0,Z,100,E,2.83,2,1,0,1,0
10,25,0,Z,010,E,2.45,2,1,0,1,0
10,26,0,Z,000,E,1.41,1,1,0,1,0
10,27,0,Z,100,E,2.83,2,1,0,1,0
10,28,0,Z,000,E,2.45,2,1,0,1,0
10,29,0,Z,000,E,3.74,3,1,0,1,0
10,30,0,Z,000,E,1.41,1,1,0,1,0
10,31,0,Z,000,E,2.45,2,1,0,1,0
10,32,0,Z,001,E,1.41,1,1,0,1,0
10,33,0,Z,000,E,0.00,0,1,0,0,1
10,34,0,Z,010,E,3.74,3,1,0,1,0
10,35,0,Z,000,E,2.45,2,1,0,1,0
10,36,0,Z,100,E,3.74,3,1,0,1,0
10,37,0,Z,000,E,1.41,1,1,0,1,0
10,38,0,Z,000,E,4.24,3,1,0,1,0
10,39,0,Z,000,E,1.41,1,1,0,1,0
10,40,0,Z,000,E,1.41,1,1,0,1,0
10,41,0,Z,001,E,2.45,2,1,0,1,0
10,42,0,Z,000,E,2.45,2,1,0,1,0
10,43,0,Z,010,E,1.41,1,1,0,1,0
10,44,0,Z,000,E,1.41,1,1,0,1,0
10,45,0,Z,100,E,3.74,3,1,0,1,0
10,46,0,Z,000,E,1.41,1,1,0,1,0
10,47,0,Z,001,E,2.45,2,1,0,1,0
10,48,0,Z,000,E,2.45,2,1,0,1,0
10,49,0,Z,010,E,1.41,1,1,0,1,0
10,0,1,Z,100,1:1,3.61,3,3,1,1,0
10,1,1,Z,000,E,2.45,2,1,0,1,0
10,2,1,Z,001,1:1,3.32,3,3,1,1,0
10,3,1,Z,000,E,2.45,2,1,0,1,0
10,4,1,Z,010,1:-2,1.41,1,3,2,1,0
10,5,1,Z,001,1:1,3.00,2,3,1,1,0
10,6,1,Z,100,1:1,3.00,2,3,1,1,0
10,7,1,Z,010,1:-2,5.48,5,3,2,1,0
10,8,1,Z,000,E,2.45,2,1,0,1,0
10,9,1,Z,100,1:1,4.58,4,3,1,1,0
10,10,1,Z,000,E,1.41,1,1,0,1,0
10,11,1,Z,000,E,4.24,3,1,0,1,0
10,12,1,Z,000,E,1.41,1,1,0,1,0
10,13,1,Z,000,E,2.45,2,1,0,1,0
10,14,1,Z,001,1:1,1.73,1,3,1,1,0
10,15,1,Z,000,E,0.00,0,1,0,0,1
10,16,1,Z,010,1:-2,3.74,3,3,2,1,0
10,17,1,Z,000,E,1.41,1,1,0,1,0
10,18,1,Z,100,1:1,3.61,3,3,1,1,0
10,19,1,Z,000,E,1.41,1,1,0,1,0
10,20,1,Z,001,1:1,1.00,1,3,1,0,1
10,21,1,Z,000,E,0.00,0,1,0,0,1
10,22,1,Z,010,1:-2,4.69,3,3,2,1,0
10,23,1,Z,001,1:1,2.24,2,3,1,1,0
10,24,1,Z,100,1:1,3.00,2,3,1,1,0
10,25,1,Z,010,1:-2,4.24,4,3,2,1,0
10,26,1,Z,000,E,1.41,1,1,0,1,0
10,27,1,Z,100,1:1,3.61,3,3,1,1,0
10,28,1,Z,000,E,2.45,2,1,0,1,0
10,29,1,Z,000,E,3.74,3,1,0,1,0
10,30,1,Z,000,E,1.41,1,1,0,1,0
10,31,1,Z,000,E,2.45,2,1,0,1,0
10,32,1,Z,001,1:1,1.73,1,3,1,1,0
10,33,1,Z,000,E,0.00,0,1,0,0,1
10,34,1,Z,010,1:-2,5.10,4,3,2,1,0
10,35,1,Z,000,E,2.45,2,1,0,1,0
10,36,1,Z,100,1:1,4.58,4,3,1,1,0
10,37,1,Z,000,E,1.41,1,1,0,1,0
10,38,1,Z,000,E,4.24,3,1,0,1,0
10,39,1,Z,000,E,1.41,1,1,0,1,0
10,40,1,Z,000,E,1.41,1,1,0,1,0
10,41,1,Z,001,1:1,2.24,2,3,1,1,0
10,42,1,Z,000,E,2.45,2,1,0,1,0
10,43,1,Z,010,1:-2,3.16,3,3,2,1,0
10,44,1,Z,000,E,1.41,1,1,0,1,0
10,45,1,Z,100,1:1,4.58,4,3,1,1,0
10,46,1,Z,000,E,1.41,1,1,0,1,0
10,47,1,Z,001,1:1,1.73,1,3,1,1,0
10,48,1,Z,000,E,2.45,2,1,0,1,0
10,49,1,Z,010,1:-2,1.41,1,3,2,1,0
10,0,2,Z,100,2:1,2.00,2,5,2,0,1
10,1,2,Z,000,E,3.74,3,1,0,1,0
10,2,2,Z,001,2:1,2.45,2,5,2,1,0
10,3,2,Z,000,E,2.45,2,1,0,1,0
10,4,2,Z,010,2:-2,2.45,2,5,4,1,0
10,5,2,Z,001,2:1,2.45,2,5,2,1,0
10,6,2,Z,100,2:1,2.00,2,5,2,0,1
10,7,2,Z,010,2:-2,5.10,5,5,4,1,0
10,8,2,Z,000,E,1.41,1,1,0,1,0
10,9,2,Z,100,2:1,3.74,3,5,2,1,0
10,10,2,Z,000,E,2.45,2,1,0,1,0
10,11,2,Z,000,E,3.74,3,1,0,1,0
10,12,2,Z,000,E,2.83,2,1,0,1,0
10,13,2,Z,000,E,1.41,1,1,0,1,0
10,14,2,Z,001,2:1,2.45,2,5,2,1,0
10,15,2,Z,000,E,1.41,1,1,0,1,0
10,16,2,Z,010,2:-2,4.24,4,5,4,1,0
10,17,2,Z,000,E,3.74,3,1,0,1,0
10,18,2,Z,100,2:1,2.00,2,5,2,0,1
10,19,2,Z,000,E,2.45,2,1,0,1,0
10,20,2,Z,001,2:1,2.45,2,5,2,1,0
10,21,2,Z,000,E,0.00,0,1,0,0,1
10,22,2,Z,010,2:-2,4.69,3,5,4,1,0
10,23,2,Z,001,2:1,2.45,2,5,2,1,0
10,24,2,Z,100,2:1,2.00,2,5,2,0,1
10,25,2,Z,010,2:-2,4.24,4,5,4,1,0
10,26,2,Z,000,E,3.74,3,1,0,1,0
10,27,2,Z,100,2:1,2.00,2,5,2,0,1
10,28,2,Z,000,E,5.10,4,1,0,1,0
10,29,2,Z,000,E,1.41,1,1,0,1,0
10,30,2,Z,000,E,2.83,2,1,0,1,0
10,31,2,Z,000,E,1.41,1,1,0,1,0
10,32,2,Z,001,2:1,2.45,2,5,2,1,0
10,33,2,Z,000,E,1.41,1,1,0,1,0
10,34,2,Z,010,2:-2,5.48,5,5,4,1,0
10,35,2,Z,000,E,1.41,1,1,0,1,0
10,36,2,Z,100,2:1,3.74,3,5,2,1,0
10,37,2,Z,000,E,2.45,2,1,0,1,0
10,38,2,Z,000,E,3.74,3,1,0,1,0
10,39,2,Z,000,E,2.83,2,1,0,1,0
10,40,2,Z,000,E,1.41,1,1,0,1,0
10,41,2,Z,001,2:1,2.45,2,5,2,1,0
10,42,2,Z,000,E,2.83,2,1,0,1,0
10,43,2,Z,010,2:-2,4.24,4,5,4,1,0
10,44,2,Z,000,E,2.45,2,1,0,1,0
10,45,2,Z,100,2:1,3.74,3,5,2,1,0
10,46,2,Z,000,E,1.41,1,1,0,1,0
10,47,2,Z,001,2:1,1.41,1,5,2,0,1
10,48,2,Z,000,E,2.45,2,1,0,1,0
10,49,2,Z,010,2:-2,2.45,2,5,4,1,0
10,0,3,Z,100,3:1,2.24,2,5,2,1,0
10,1,3,Z,000,E,2.83,2,1,0,1,0
10,2,3,Z,001,3:1,3.32,3,5,2,1,0
10,3,3,Z,000,E,2.45,2,1,0,1,0
10,4,3,Z,010,3:-2,3.74,3,5,4,1,0
10,5,3,Z,001,3:1,3.00,2,5,2,1,0
10,6,3,Z,100,3:1,3.00,2,5,2,1,0
10,7,3,Z,010,3:-2,5.10,5,5,4,1,0
10,8,3,Z,000,E,3.74,3,1,0,1,0
10,9,3,Z,100,3:1,2.24,2,5,2,0,1
10,10,3,Z,000,E,4.24,3,1,0,1,0
10,11,3,Z,000,E,2.45,2,1,0,1,0
10,12,3,Z,000,E,2.45,2,1,0,1,0
10,13,3,Z,000,E,1.41,1,1,0,1,0
10,14,3,Z,001,3:1,2.24,2,5,2,0,1
10,15,3,Z,000,E,2.45,2,1,0,1,0
10,16,3,Z,010,3:-2,4.24,4,5,4,1,0
10,17,3,Z,000,E,2.83,2,1,0,1,0
10,18,3,Z,100,3:1,2.24,2,5,2,0,1
10,19,3,Z,000,E,1.41,1,1,0,1,0
10,20,3,Z,001,3:1,2.24,2,5,2,0,1
10,21,3,Z,000,E,2.83,2,1,0,1,0
10,22,3,Z,010,3:-2,4.24,3,5,4,1,0
10,23,3,Z,001,3:1,2.24,2,5,2,0,1
10,24,3,Z,100,3:1,2.24,2,5,2,0,1
10,25,3,Z,010,3:-2,4.47,4,5,4,0,1
10,26,3,Z,000,E,2.83,2,1,0,1,0
10,27,3,Z,100,3:1,2.24,2,5,2,1,0
10,28,3,Z,000,E,3.74,3,1,0,1,0
10,29,3,Z,000,E,1.41,1,1,0,1,0
10,30,3,Z,000,E,2.45,2,1,0,1,0
10,31,3,Z,000,E,1.41,1,1,0,1,0
10,32,3,Z,001,3:1,2.24,2,5,2,0,1
10,33,3,Z,000,E,3.74,3,1,0,1,0
10,34,3,Z,010,3:-2,5.48,5,5,4,1,0
10,35,3,Z,000,E,3.74,3,1,0,1,0
10,36,3,Z,100,3:1,2.24,2,5,2,0,1
10,37,3,Z,000,E,4.24,3,1,0,1,0
10,38,3,Z,000,E,2.45,2,1,0,1,0
10,39,3,Z,000,E,1.41,1,1,0,1,0
10,40,3,Z,000,E,1.41,1,1,0,1,0
10,41,3,Z,001,3:1,3.32,3,5,2,1,0
10,42,3,Z,000,E,2.45,2,1,0,1,0
10,43,3,Z,010,3:-2,5.10,5,5,4,1,0
10,44,3,Z,000,E,3.74,3,1,0,1,0
10,45,3,Z,100,3:1,2.24,2,5,2,0,1
10,46,3,Z,000,E,2.83,2,1,0,1,0
10,47,3,Z,001,3:1,3.00,3,5,2,1,0
10,48,3,Z,000,E,2.45,2,1,0,1,0
10,49,3,Z,010,3:-2,3.74,3,5,4,1,0
10,0,4,Z,100,4:1,3.16,3,3,2,1,0
10,1,4,Z,000,E,2.45,2,1,0,1,0
10,2,4,Z,001,4:1,3.74,3,3,2,1,0
10,3,4,Z,000,E,2.45,2,1,0,1,0
10,4,4,Z,010,4:-2,5.10,4,3,4,1,0
10,5,4,Z,001,4:1,3.74,3,3,2,1,0
10,6,4,Z,100,4:1,3.74,3,3,2,1,0
10,7,4,Z,010,4:-2,5.83,5,3,4,1,0
10,8,4,Z,000,E,4.24,3,1,0,1,0
10,9,4,Z,100,4:1,2.83,2,3,2,0,1
10,10,4,Z,000,E,6.16,5,1,0,1,0
10,11,4,Z,000,E,1.41,1,1,0,1,0
10,12,4,Z,000,E,2.83,2,1,0,1,0
10,13,4,Z,000,E,4.24,3,1,0,1,0
10,14,4,Z,001,4:1,2.45,2,3,2,0,1
10,15,4,Z,000,E,3.74,3,1,0,1,0
10,16,4,Z,010,4:-2,5.10,4,3,4,1,0
10,17,4,Z,000,E,2.45,2,1,0,1,0
10,18,4,Z,100,4:1,2.83,2,3,2,1,0
10,19,4,Z,000,E,3.74,3,1,0,1,0
10,20,4,Z,001,4:1,2.45,2,3,2,0,1
10,21,4,Z,000,E,5.66,4,1,0,1,0
10,22,4,Z,010,4:-2,4.69,3,3,4,1,0
10,23,4,Z,001,4:1,3.74,3,3,2,1,0
10,24,4,Z,100,4:1,2.83,2,3,2,1,0
10,25,4,Z,010,4:-2,5.10,4,3,4,1,0
10,26,4,Z,000,E,2.45,2,1,0,1,0
10,27,4,Z,100,4:1,3.16,3,3,2,1,0
10,28,4,Z,000,E,4.24,3,1,0,1,0
10,29,4,Z,000,E,1.41,1,1,0,1,0
10,30,4,Z,000,E,2.83,2,1,0,1,0
10,31,4,Z,000,E,4.24,3,1,0,1,0
10,32,4,Z,001,4:1,2.45,2,3,2,0,1
10,33,4,Z,000,E,4.90,4,1,0,1,0
10,34,4,Z,010,4:-2,5.83,5,3,4,1,0
10,35,4,Z,000,E,4.24,3,1,0,1,0
10,36,4,Z,100,4:1,2.83,2,3,2,0,1
10,37,4,Z,000,E,6.16,5,1,0,1,0
10,38,4,Z,000,E,1.41,1,1,0,1,0
10,39,4,Z,000,E,2.45,2,1,0,1,0
10,40,4,Z,000,E,1.41,1,1,0,1,0
10,41,4,Z,001,4:1,3.74,3,3,2,1,0
10,42,4,Z,000,E,1.41,1,1,0,1,0
10,43,4,Z,010,4:-2,5.48,5,3,4,1,0
10,44,4,Z,000,E,4.24,3,1,0,1,0
10,45,4,Z,100,4:1,2.83,2,3,2,0,1
10,46,4,Z,000,E,3.74,3,1,0,1,0
10,47,4,Z,001,4:1,3.74,3,3,2,1,0
10,48,4,Z,000,E,2.45,2,1,0,1,0
10,49,4,Z,010,4:-2,5.10,4,3,4,1,0
11,0,0,Z,100,E,2.83,2,1,0,1,0
11,1,0,Z,000,E,1.41,1,1,0,1,0
11,2,0,Z,001,2:1,3.16,3,5,2,1,0
11,3,0,Z,000,E,2.83,2,1,0,1,0
11,4,0,Z,010,1:-2,1.41,1,3,2,1,0
11,5,0,Z,001,2:1,3.74,3,5,2,1,0
11,6,0,Z,100,E,2.83,2,1,0,1,0
11,7,0,Z,010,1:-2,4.24,4,3,2,1,0
11,8,0,Z,000,E,1.41,1,1,0,1,0
11,9,0,Z,100,E,3.74,3,1,0,1,0
11,10,0,Z,000,E,1.41,1,1,0,1,0
11,11,0,Z,000,E,3.74,3,1,0,1,0
11,12,0,Z,000,E,1.41,1,1,0,1,0
11,13,0,Z,000,E,3.74,3,1,0,1,0
11,14,0,Z,001,2:1,2.45,2,5,2,1,0
11,15,0,Z,000,E,0.00,0,1,0,0,1
11,16,0,Z,010,1:-2,2.45,2,3,2,1,0
11,17,0,Z,000,E,2.45,2,1,0,1,0
11,18,0,Z,100,E,2.83,2,1,0,1,0
11,19,0,Z,000,E,1.41,1,1,0,1,0
11,20,0,Z,001,2:1,1.41,1,5,2,0,1
11,21,0,Z,000,E,1.41,1,1,0,1,0
11,22,0,Z,010,1:-2,3.74,3,3,2,1,0
11,23,0,Z,001,2:1,3.16,3,5,2,1,0
11,24,0,Z,100,E,2.83,2,1,0,1,0
11,25,0,Z,010,1:-2,3.16,3,3,2,1,0
11,26,0,Z,000,E,2.45,2,1,0,1,0
11,27,0,Z,100,E,2.83,2,1,0,1,0
11,28,0,Z,000,E,2.45,2,1,0,1,0
11,29,0,Z,000,E,2.45,2,1,0,1,0
11,30,0,Z,000,E,1.41,1,1,0,1,0
11,31,0,Z,000,E,3.74,3,1,0,1,0
11,32,0,Z,001,2:1,2.45,2,5,2,1,0
11,33,0,Z,000,E,0.00,0,1,0,0,1
11,34,0,Z,010,1:-2,3.74,3,3,2,1,0
11,35,0,Z,000,E,1.41,1,1,0,1,0
11,36,0,Z,100,E,3.74,3,1,0,1,0
11,37,0,Z,000,E,1.41,1,1,0,1,0
11,38,0,Z,000,E,3.74,3,1,0,1,0
11,39,0,Z,000,E,1.41,1,1,0,1,0
11,40,0,Z,000,E,2.45,2,1,0,1,0
11,41,0,Z,001,2:1,2.45,2,5,2,1,0
11,42,0,Z,000,E,2.45,2,1,0,1,0
11,43,0,Z,010,1:-2,2.45,2,3,2,1,0
11,44,0,Z,000,E,1.41,1,1,0,1,0
11,45,0,Z,100,E,3.74,3,1,0,1,0
11,46,0,Z,000,E,2.45,2,1,0,1,0
11,47,0,Z,001,2:1,1.41,1,5,2,0,1
11,48,0,Z,000,E,2.83,2,1,0,1,0
11,49,0,Z,010,1:-2,1.41,1,3,2,1,0
11,0,1,Z,100,1:1,1.00,1,3,1,0,1
11,1,1,Z,000,E,3.74,3,1,0,1,0
11,2,1,Z,001,3:1,3.32,3,5,2,1,0
11,3,1,Z,000,E,3.74,3,1,0,1,0
11,4,1,Z,010,2:-2,2.45,2,5,4,1,0
11,5,1,Z,001,3:1,2.24,2,5,2,0,1
11,6,1,Z,100,1:1,2.24,2,3,1,1,0
11,7,1,Z,010,2:-2,5.10,5,5,4,1,0
11,8,1,Z,000,E,2.45,2,1,0,1,0
11,9,1,Z,100,1:1,3.00,2,3,1,1,0
11,10,1,Z,000,E,1.41,1,1,0,1,0
11,11,1,Z,000,E,2.45,2,1,0,1,0
11,12,1,Z,000,E,2.83,2,1,0,1,0
11,13,1,Z,000,E,2.45,2,1,0,1,0
11,14,1,Z,001,3:1,3.32,3,5,2,1,0
11,15,1,Z,000,E,1.41,1,1,0,1,0
11,16,1,Z,010,2:-2,3.16,3,5,4,1,0
11,17,1,Z,000,E,2.83,2,1,0,1,0
11,18,1,Z,100,1:1,2.24,2,3,1,1,0
11,19,1,Z,000,E,1.41,1,1,0,1,0
11,20,1,Z,001,3:1,2.24,2,5,2,0,1
11,21,1,Z,000,E,1.41,1,1,0,1,0
11,22,1,Z,010,2:-2,3.74,3,5,4,1,0
11,23,1,Z,001,3:1,3.00,2,5,2,1,0
11,24,1,Z,100,1:1,2.24,2,3,1,1,0
11,25,1,Z,010,2:-2,4.24,4,5,4,1,0
11,26,1,Z,000,E,2.83,2,1,0,1,0
11,27,1,Z,100,1:1,1.00,1,3,1,0,1
11,28,1,Z,000,E,3.74,3,1,0,1,0
11,29,1,Z,000,E,1.41,1,1,0,1,0
11,30,1,Z,000,E,2.83,2,1,0,1,0
11,31,1,Z,000,E,2.45,2,1,0,1,0
11,32,1,Z,001,3:1,3.32,3,5,2,1,0
11,33,1,Z,000,E,2.83,2,1,0,1,0
11,34,1,Z,010,2:-2,4.90,4,5,4,1,0
11,35,1,Z,000,E,2.45,2,1,0,1,0
11,36,1,Z,100,1:1,3.00,2,3,1,1,0
11,37,1,Z,000,E,1.41,1,1,0,1,0
11,38,1,Z,000,E,2.45,2,1,0,1,0
11,39,1,Z,000,E,1.41,1,1,0,1,0
11,40,1,Z,000,E,2.45,2,1,0,1,0
11,41,1,Z,001,3:1,3.00,2,5,2,1,0
11,42,1,Z,000,E,3.74,3,1,0,1,0
11,43,1,Z,010,2:-2,3.16,3,5,4,1,0
11,44,1,Z,000,E,1.41,1,1,0,1,0
11,45,1,Z,100,1:1,3.00,2,3,1,1,0
11,46,1,Z,000,E,0.00,0,1,0,0,1
11,47,1,Z,001,3:1,1.73,1,5,2,0,1
11,48,1,Z,000,E,3.74,3,1,0,1,0
11,49,1,Z,010,2:-2,2.45,2,5,4,1,0
11,0,2,Z,100,2:1,1.41,1,5,2,0,1
11,1,2,Z,000,E,3.74,3,1,0,1,0
11,2,2,Z,001,4:1,3.74,3,3,2,1,0
11,3,2,Z,000,E,2.45,2,1,0,1,0
11,4,2,Z,010,3:-2,3.74,3,5,4,1,0
11,5,2,Z,001,4:1,3.74,3,3,2,1,0
11,6,2,Z,100,2:1,2.45,2,5,2,1,0
11,7,2,Z,010,3:-2,5.10,5,5,4,1,0
11,8,2,Z,000,E,4.24,3,1,0,1,0
11,9,2,Z,100,2:1,2.00,2,5,2,0,1
11,10,2,Z,000,E,3.74,3,1,0,1,0
11,11,2,Z,000,E,2.45,2,1,0,1,0
11,12,2,Z,000,E,2.83,2,1,0,1,0
11,13,2,Z,000,E,2.45,2,1,0,1,0
11,14,2,Z,001,4:1,2.45,2,3,2,0,1
11,15,2,Z,000,E,1.41,1,1,0,1,0
11,16,2,Z,010,3:-2,4.24,4,5,4,1,0
11,17,2,Z,000,E,2.45,2,1,0,1,0
11,18,2,Z,100,2:1,2.00,2,5,2,0,1
11,19,2,Z,000,E,1.41,1,1,0,1,0
11,20,2,Z,001,4:1,2.45,2,3,2,0,1
11,21,2,Z,000,E,2.83,2,1,0,1,0
11,22,2,Z,010,3:-2,4.24,3,5,4,1,0
11,23,2,Z,001,4:1,2.45,2,3,2,0,1
11,24,2,Z,100,2:1,2.00,2,5,2,0,1
11,25,2,Z,010,3:-2,5.10,4,5,4,1,0
11,26,2,Z,000,E,2.45,2,1,0,1,0
11,27,2,Z,100,2:1,1.41,1,5,2,0,1
11,28,2,Z,000,E,3.74,3,1,0,1,0
11,29,2,Z,000,E,1.41,1,1,0,1,0
11,30,2,Z,000,E,2.83,2,1,0,1,0
11,31,2,Z,000,E,2.45,2,1,0,1,0
11,32,2,Z,001,4:1,2.45,2,3,2,0,1
11,33,2,Z,000,E,2.83,2,1,0,1,0
11,34,2,Z,010,3:-2,6.16,5,5,4,1,0
11,35,2,Z,000,E,4.24,3,1,0,1,0
11,36,2,Z,100,2:1,2.00,2,5,2,0,1
11,37,2,Z,000,E,3.74,3,1,0,1,0
11,38,2,Z,000,E,2.45,2,1,0,1,0
11,39,2,Z,000,E,1.41,1,1,0,1,0
11,40,2,Z,000,E,1.41,1,1,0,1,0
11,41,2,Z,001,4:1,3.74,3,3,2,1,0
11,42,2,Z,000,E,1.41,1,1,0,1,0
11,43,2,Z,010,3:-2,4.24,4,5,4,1,0
11,44,2,Z,000,E,3.74,3,1,0,1,0
11,45,2,Z,100,2:1,2.00,2,5,2,0,1
11,46,2,Z,000,E,1.41,1,1,0,1,0
11,47,2,Z,001,4:1,3.16,3,3,2,1,0
11,48,2,Z,000,E,2.45,2,1,0,1,0
11,49,2,Z,010,3:-2,3.74,3,5,4,1,0
11,0,3,P,100,3:1,3.32,3,5,2,1,0
11,1,3,P,001,E,2.83,2,1,0,1,0
11,2,3,P,000,E,3.74,3,1,0,1,0
11,3,3,P,000,E,2.45,2,1,0,1,0
11,4,3,P,011,4:-2,4.69,3,3,4,1,0
11,5,3,P,000,E,2.83,2,1,0,1,0
11,6,3,P,100,3:1,3.32,3,5,2,1,0
11,7,3,P,010,4:-2,5.83,5,3,4,1,0
11,8,3,P,000,E,4.24,3,1,0,1,0
11,9,3,P,100,3:1,2.24,2,5,2,0,1
11,10,3,P,000,E,5.10,4,1,0,1,0
11,11,3,P,000,E,1.41,1,1,0,1,0
11,12,3,P,000,E,2.83,2,1,0,1,0
11,13,3,P,001,E,2.83,2,1,0,1,0
11,14,3,P,000,E,1.41,1,1,0,1,0
11,15,3,P,000,E,3.74,3,1,0,1,0
11,16,3,P,010,4:-2,4.90,4,3,4,0,1
11,17,3,P,000,E,2.45,2,1,0,1,0
11,18,3,P,100,3:1,3.00,2,5,2,1,0
11,19,3,P,001,E,2.45,2,1,0,1,0
11,20,3,P,000,E,1.41,1,1,0,1,0
11,21,3,P,000,E,5.66,4,1,0,1,0
11,22,3,P,011,4:-2,5.10,4,3,4,1,0
11,23,3,P,000,E,1.41,1,1,0,1,0
11,24,3,P,100,3:1,2.24,2,5,2,1,0
11,25,3,P,010,4:-2,5.10,4,3,4,1,0
11,26,3,P,000,E,2.45,2,1,0,1,0
11,27,3,P,100,3:1,3.32,3,5,2,1,0
11,28,3,P,000,E,3.74,3,1,0,1,0
11,29,3,P,000,E,1.41,1,1,0,1,0
11,30,3,P,000,E,2.83,2,1,0,1,0
11,31,3,P,001,E,2.83,2,1,0,1,0
11,32,3,P,000,E,1.41,1,1,0,1,0
11,33,3,P,000,E,4.90,4,1,0,1,0
11,34,3,P,010,4:-2,6.48,5,3,4,1,0
11,35,3,P,000,E,4.24,3,1,0,1,0
11,36,3,P,100,3:1,2.24,2,5,2,0,1
11,37,3,P,000,E,5.10,4,1,0,1,0
11,38,3,P,000,E,1.41,1,1,0,1,0
11,39,3,P,000,E,2.45,2,1,0,1,0
11,40,3,P,001,E,1.41,1,1,0,1,0
11,41,3,P,000,E,3.74,3,1,0,1,0
11,42,3,P,000,E,1.41,1,1,0,1,0
11,43,3,P,010,4:-2,5.48,5,3,4,1,0
11,44,3,P,000,E,3.74,3,1,0,1,0
11,45,3,P,100,3:1,2.24,2,5,2,0,1
11,46,3,P,001,E,2.83,2,1,0,1,0
11,47,3,P,000,E,2.45,2,1,0,1,0
11,48,3,P,000,E,2.45,2,1,0,1,0
11,49,3,P,011,4:-2,4.69,3,3,4,1,0
11,0,4,M,100,4:1,3.16,3,3,2,1,0
11,1,4,M,001,1:1,3.61,3,3,1,1,0
11,2,4,M,000,E,1.41,1,1,0,1,0
11,3,4,M,010,E,1.41,1,1,0,1,0
11,4,4,M,001,1:1,3.00,2,3,1,1,0
11,5,4,M,000,E,3.74,3,1,0,1,0
11,6,4,M,110,4:1,4.69,3,3,2,1,0
11,7,4,M,000,E,2.83,2,1,0,1,0
11,8,4,M,000,E,2.45,2,1,0,1,0
11,9,4,M,100,4:1,3.16,3,3,2,1,0
11,10,4,M,000,E,5.66,4,1,0,1,0
11,11,4,M,000,E,1.41,1,1,0,1,0
11,12,4,M,000,E,1.41,1,1,0,1,0
11,13,4,M,001,1:1,2.24,2,3,1,1,0
11,14,4,M,000,E,1.41,1,1,0,1,0
11,15,4,M,010,E,3.74,3,1,0,1,0
11,16,4,M,000,E,2.45,2,1,0,1,0
11,17,4,M,000,E,2.45,2,1,0,1,0
11,18,4,M,100,4:1,2.45,2,3,2,1,0
11,19,4,M,001,1:1,2.24,2,3,1,1,0
11,20,4,M,000,E,1.41,1,1,0,1,0
11,21,4,M,010,E,5.10,4,1,0,1,0
11,22,4,M,001,1:1,1.00,1,3,1,0,1
11,23,4,M,000,E,3.74,3,1,0,1,0
11,24,4,M,110,4:1,3.74,3,3,2,1,0
11,25,4,M,000,E,2.45,2,1,0,1,0
11,26,4,M,000,E,2.45,2,1,0,1,0
11,27,4,M,100,4:1,3.16,3,3,2,1,0
11,28,4,M,000,E,4.90,4,1,0,1,0
11,29,4,M,000,E,1.41,1,1,0,1,0
11,30,4,M,000,E,1.41,1,1,0,1,0
11,31,4,M,001,1:1,2.24,2,3,1,1,0
11,32,4,M,000,E,1.41,1,1,0,1,0
11,33,4,M,010,E,5.10,4,1,0,1,0
11,34,4,M,000,E,2.83,2,1,0,1,0
11,35,4,M,000,E,2.45,2,1,0,1,0
11,36,4,M,100,4:1,3.16,3,3,2,1,0
11,37,4,M,000,E,5.66,4,1,0,1,0
11,38,4,M,000,E,1.41,1,1,0,1,0
11,39,4,M,000,E,1.41,1,1,0,1,0
11,40,4,M,001,1:1,2.24,2,3,1,1,0
11,41,4,M,000,E,1.41,1,1,0,1,0
11,42,4,M,010,E,2.45,2,1,0,1,0
11,43,4,M,000,E,2.83,2,1,0,1,0
11,44,4,M,000,E,2.45,2,1,0,1,0
11,45,4,M,100,4:1,3.16,3,3,2,1,0
11,46,4,M,001,1:1,3.00,2,3,1,1,0
11,47,4,M,000,E,1.41,1,1,0,1,0
11,48,4,M,010,E,1.41,1,1,0,1,0
11,49,4,M,001,1:1,3.00,2,3,1,1,0
12,0,0,Z,100,E,1.41,1,1,0,1,0
12,1,0,Z,000,E,4.24,3,1,0,1,0
12,2,0,Z,001,4:1,3.74,3,3,2,1,0
12,3,0,Z,000,E,4.90,4,1,0,1,0
12,4,0,Z,010,2:-2,3.16,3,5,4,1,0
12,5,0,Z,001,4:1,3.16,3,3,2,1,0
12,6,0,Z,100,E,2.45,2,1,0,1,0
12,7,0,Z,010,2:-2,4.24,4,5,4,1,0
12,8,0,Z,000,E,3.74,3,1,0,1,0
12,9,0,Z,100,E,2.83,2,1,0,1,0
12,10,0,Z,000,E,1.41,1,1,0,1,0
12,11,0,Z,000,E,1.41,1,1,0,1,0
12,12,0,Z,000,E,4.24,3,1,0,1,0
12,13,0,Z,000,E,3.74,3,1,0,1,0
12,14,0,Z,001,4:1,4.24,4,3,2,1,0
12,15,0,Z,000,E,0.00,0,1,0,0,1
12,16,0,Z,010,2:-2,2.45,2,5,4,1,0
12,17,0,Z,000,E,3.74,3,1,0,1,0
12,18,0,Z,100,E,2.83,2,1,0,1,0
12,19,0,Z,000,E,1.41,1,1,0,1,0
12,20,0,Z,001,4:1,3.16,3,3,2,1,0
12,21,0,Z,000,E,2.45,2,1,0,1,0
12,22,0,Z,010,2:-2,3.16,3,5,4,1,0
12,23,0,Z,001,4:1,3.74,3,3,2,1,0
12,24,0,Z,100,E,2.83,2,1,0,1,0
12,25,0,Z,010,2:-2,3.74,3,5,4,1,0
12,26,0,Z,000,E,3.74,3,1,0,1,0
12,27,0,Z,100,E,1.41,1,1,0,1,0
12,28,0,Z,000,E,2.45,2,1,0,1,0
12,29,0,Z,000,E,1.41,1,1,0,1,0
12,30,0,Z,000,E,4.24,3,1,0,1,0
12,31,0,Z,000,E,3.74,3,1,0,1,0
12,32,0,Z,001,4:1,4.24,4,3,2,1,0
12,33,0,Z,000,E,1.41,1,1,0,1,0
12,34,0,Z,010,2:-2,4.69,3,5,4,1,0
12,35,0,Z,000,E,3.74,3,1,0,1,0
12,36,0,Z,100,E,2.83,2,1,0,1,0
12,37,0,Z,000,E,1.41,1,1,0,1,0
12,38,0,Z,000,E,1.41,1,1,0,1,0
12,39,0,Z,000,E,2.83,2,1,0,1,0
12,40,0,Z,000,E,3.74,3,1,0,1,0
12,41,0,Z,001,4:1,3.74,3,3,2,1,0
12,42,0,Z,000,E,2.83,2,1,0,1,0
12,43,0,Z,010,2:-2,2.45,2,5,4,1,0
12,44,0,Z,000,E,2.45,2,1,0,1,0
12,45,0,Z,100,E,2.83,2,1,0,1,0
12,46,0,Z,000,E,1.41,1,1,0,1,0
12,47,0,Z,001,4:1,2.45,2,3,2,0,1
12,48,0,Z,000,E,4.90,4,1,0,1,0
12,49,0,Z,010,2:-2,3.16,3,5,4,1,0
12,0,1,P,100,1:1,1.73,1,3,1,1,0
12,1,1,P,001,E,3.74,3,1,0,1,0
12,2,1,P,000,E,3.74,3,1,0,1,0
12,3,1,P,000,E,3.74,3,1,0,1,0
12,4,1,P,011,3:-2,3.74,3,5,4,1,0
12,5,1,P,000,E,1.41,1,1,0,1,0
12,6,1,P,100,1:1,1.73,1,3,1,1,0
12,7,1,P,010,3:-2,5.48,5,5,4,1,0
12,8,1,P,000,E,4.24,3,1,0,1,0
12,9,1,P,100,1:1,2.24,2,3,1,1,0
12,10,1,P,000,E,2.45,2,1,0,1,0
12,11,1,P,000,E,2.45,2,1,0,1,0
12,12,1,P,000,E,2.45,2,1,0,1,0
12,13,1,P,001,E,2.83,2,1,0,1,0
12,14,1,P,000,E,1.41,1,1,0,1,0
12,15,1,P,000,E,2.45,2,1,0,1,0
12,16,1,P,010,3:-2,3.74,3,5,4,1,0
12,17,1,P,000,E,2.45,2,1,0,1,0
12,18,1,P,100,1:1,2.24,2,3,1,1,0
12,19,1,P,001,E,0.00,0,1,0,0,1
12,20,1,P,000,E,1.41,1,1,0,1,0
12,21,1,P,000,E,4.24,3,1,0,1,0
12,22,1,P,011,3:-2,4.47,4,5,4,0,1
12,23,1,P,000,E,1.41,1,1,0,1,0
12,24,1,P,100,1:1,1.00,1,3,1,0,1
12,25,1,P,010,3:-2,4.47,4,5,4,0,1
12,26,1,P,000,E,2.45,2,1,0,1,0
12,27,1,P,100,1:1,1.73,1,3,1,1,0
12,28,1,P,000,E,2.83,2,1,0,1,0
12,29,1,P,000,E,1.41,1,1,0,1,0
12,30,1,P,000,E,2.45,2,1,0,1,0
12,31,1,P,001,E,2.83,2,1,0,1,0
12,32,1,P,000,E,1.41,1,1,0,1,0
12,33,1,P,000,E,3.74,3,1,0,1,0
12,34,1,P,010,3:-2,6.00,4,5,4,1,0
12,35,1,P,000,E,4.24,3,1,0,1,0
12,36,1,P,100,1:1,2.24,2,3,1,1,0
12,37,1,P,000,E,2.45,2,1,0,1,0
12,38,1,P,000,E,2.45,2,1,0,1,0
12,39,1,P,000,E,1.41,1,1,0,1,0
12,40,1,P,001,E,2.45,2,1,0,1,0
12,41,1,P,000,E,3.74,3,1,0,1,0
12,42,1,P,000,E,2.45,2,1,0,1,0
12,43,1,P,010,3:-2,3.74,3,5,4,1,0
12,44,1,P,000,E,3.74,3,1,0,1,0
12,45,1,P,100,1:1,2.24,2,3,1,1,0
12,46,1,P,001,E,0.00,0,1,0,0,1
12,47,1,P,000,E,1.41,1,1,0,1,0
12,48,1,P,000,E,3.74,3,1,0,1,0
12,49,1,P,011,3:-2,3.74,3,5,4,1,0
12,0,2,P,100,2:1,3.16,3,5,2,1,0
12,1,2,P,001,1:1,3.61,3,3,1,1,0
12,2,2,P,000,E,4.24,3,1,0,1,0
12,3,2,P,000,E,1.41,1,1,0,1,0
12,4,2,P,011,1:1|4:-2,4.12,3,8,4,1,0
12,5,2,P,000,E,3.74,3,1,0,1,0
12,6,2,P,100,2:1,3.74,3,5,2,1,0
12,7,2,P,010,4:-2,6.32,6,3,4,1,0
12,8,2,P,000,E,3.74,3,1,0,1,0
12,9,2,P,100,2:1,1.41,1,5,2,0,1
12,10,2,P,000,E,5.10,4,1,0,1,0
12,11,2,P,000,E,1.41,1,1,0,1,0
12,12,2,P,000,E,1.41,1,1,0,1,0
12,13,2,P,001,1:1,3.00,2,3,1,1,0
12,14,2,P,000,E,2.45,2,1,0,1,0
12,15,2,P,000,E,3.74,3,1,0,1,0
12,16,2,P,010,4:-2,5.48,5,3,4,1,0
12,17,2,P,000,E,1.41,1,1,0,1,0
12,18,2,P,100,2:1,2.45,2,5,2,1,0
12,19,2,P,001,1:1,2.24,2,3,1,1,0
12,20,2,P,000,E,2.45,2,1,0,1,0
12,21,2,P,000,E,5.10,4,1,0,1,0
12,22,2,P,011,1:1|4:-2,5.00,4,8,4,0,1
12,23,2,P,000,E,1.41,1,1,0,1,0
12,24,2,P,100,2:1,2.45,2,5,2,1,0
12,25,2,P,010,4:-2,5.83,5,3,4,1,0
12,26,2,P,000,E,1.41,1,1,0,1,0
12,27,2,P,100,2:1,3.16,3,5,2,1,0
12,28,2,P,000,E,4.90,4,1,0,1,0
12,29,2,P,000,E,1.41,1,1,0,1,0
12,30,2,P,000,E,1.41,1,1,0,1,0
12,31,2,P,001,1:1,3.00,2,3,1,1,0
12,32,2,P,000,E,2.45,2,1,0,1,0
12,33,2,P,000,E,5.10,4,1,0,1,0
12,34,2,P,010,4:-2,7.48,6,3,4,1,0
12,35,2,P,000,E,3.74,3,1,0,1,0
12,36,2,P,100,2:1,1.41,1,5,2,0,1
12,37,2,P,000,E,5.10,4,1,0,1,0
12,38,2,P,000,E,1.41,1,1,0,1,0
12,39,2,P,000,E,1.41,1,1,0,1,0
12,40,2,P,001,1:1,1.00,1,3,1,0,1
12,41,2,P,000,E,4.24,3,1,0,1,0
12,42,2,P,000,E,2.45,2,1,0,1,0
12,43,2,P,010,4:-2,5.48,5,3,4,1,0
12,44,2,P,000,E,2.45,2,1,0,1,0
12,45,2,P,100,2:1,1.41,1,5,2,0,1
12,46,2,P,001,1:1,2.24,2,3,1,1,0
12,47,2,P,000,E,1.41,1,1,0,1,0
12,48,2,P,000,E,1.41,1,1,0,1,0
12,49,2,P,011,1:1|4:-2,4.12,3,8,4,1,0
12,0,3,M,100,3:1,2.24,2,5,2,1,0
12,1,3,M,001,2:1,4.47,4,5,2,1,0
12,2,3,M,000,E,1.41,1,1,0,1,0
12,3,3,M,010,E,0.00,0,1,0,0,1
12,4,3,M,001,2:1,2.45,2,5,2,1,0
12,5,3,M,000,E,4.90,4,1,0,1,0
12,6,3,M,110,3:1,4.12,3,5,2,1,0
12,7,3,M,000,E,2.45,2,1,0,1,0
12,8,3,M,000,E,1.41,1,1,0,1,0
12,9,3,M,100,3:1,3.00,3,5,2,1,0
12,10,3,M,000,E,5.66,4,1,0,1,0
12,11,3,M,000,E,2.45,2,1,0,1,0
12,12,3,M,000,E,1.41,1,1,0,1,0
12,13,3,M,001,2:1,2.00,2,5,2,0,1
12,14,3,M,000,E,2.45,2,1,0,1,0
12,15,3,M,010,E,2.83,2,1,0,1,0
12,16,3,M,000,E,2.45,2,1,0,1,0
12,17,3,M,000,E,1.41,1,1,0,1,0
12,18,3,M,100,3:1,1.73,1,5,2,0,1
12,19,3,M,001,2:1,2.45,2,5,2,1,0
12,20,3,M,000,E,1.41,1,1,0,1,0
12,21,3,M,010,E,3.74,3,1,0,1,0
12,22,3,M,001,2:1,1.41,1,5,2,0,1
12,23,3,M,000,E,3.74,3,1,0,1,0
12,24,3,M,110,3:1,3.32,3,5,2,1,0
12,25,3,M,000,E,3.74,3,1,0,1,0
12,26,3,M,000,E,1.41,1,1,0,1,0
12,27,3,M,100,3:1,3.32,3,5,2,1,0
12,28,3,M,000,E,4.90,4,1,0,1,0
12,29,3,M,000,E,1.41,1,1,0,1,0
12,30,3,M,000,E,1.41,1,1,0,1,0
12,31,3,M,001,2:1,2.00,2,5,2,0,1
12,32,3,M,000,E,2.45,2,1,0,1,0
12,33,3,M,010,E,4.24,3,1,0,1,0
12,34,3,M,000,E,2.83,2,1,0,1,0
12,35,3,M,000,E,1.41,1,1,0,1,0
12,36,3,M,100,3:1,3.00,3,5,2,1,0
12,37,3,M,000,E,5.66,4,1,0,1,0
12,38,3,M,000,E,2.45,2,1,0,1,0
12,39,3,M,000,E,0.00,0,1,0,0,1
12,40,3,M,001,2:1,3.16,3,5,2,1,0
12,41,3,M,000,E,2.45,2,1,0,1,0
12,42,3,M,010,E,2.83,2,1,0,1,0
12,43,3,M,000,E,2.83,2,1,0,1,0
12,44,3,M,000,E,1.41,1,1,0,1,0
12,45,3,M,100,3:1,3.32,3,5,2,1,0
12,46,3,M,001,2:1,3.46,2,5,2,1,0
12,47,3,M,000,E,0.00,0,1,0,0,1
12,48,3,M,010,E,0.00,0,1,0,0,1
12,49,3,M,001,2:1,2.45,2,5,2,1,0
12,0,4,M,100,4:1,2.83,2,3,2,1,0
12,1,4,M,001,3:1,3.00,3,5,2,1,0
12,2,4,M,000,E,2.83,2,1,0,1,0
12,3,4,M,010,1:-2,1.41,1,3,2,1,0
12,4,4,M,001,3:1,4.12,3,5,2,1,0
12,5,4,M,000,E,3.74,3,1,0,1,0
12,6,4,M,110,1:-2|4:1,3.46,2,8,2,1,0
12,7,4,M,000,E,1.41,1,1,0,1,0
12,8,4,M,000,E,2.45,2,1,0,1,0
12,9,4,M,100,4:1,3.74,3,3,2,1,0
12,10,4,M,000,E,3.74,3,1,0,1,0
12,11,4,M,000,E,2.45,2,1,0,1,0
12,12,4,M,000,E,3.74,3,1,0,1,0
12,13,4,M,001,3:1,3.00,2,5,2,1,0
12,14,4,M,000,E,1.41,1,1,0,1,0
12,15,4,M,010,1:-2,2.45,2,3,2,1,0
12,16,4,M,000,E,2.45,2,1,0,1,0
12,17,4,M,000,E,3.74,3,1,0,1,0
12,18,4,M,100,4:1,3.16,3,3,2,1,0
12,19,4,M,001,3:1,2.24,2,5,2,0,1
12,20,4,M,000,E,1.41,1,1,0,1,0
12,21,4,M,010,1:-2,3.74,3,3,2,1,0
12,22,4,M,001,3:1,3.00,3,5,2,1,0
12,23,4,M,000,E,4.24,3,1,0,1,0
12,24,4,M,110,1:-2|4:1,3.16,3,8,2,1,0
12,25,4,M,000,E,2.45,2,1,0,1,0
12,26,4,M,000,E,2.45,2,1,0,1,0
12,27,4,M,100,4:1,2.45,2,3,2,1,0
12,28,4,M,000,E,2.45,2,1,0,1,0
12,29,4,M,000,E,2.45,2,1,0,1,0
12,30,4,M,000,E,3.74,3,1,0,1,0
12,31,4,M,001,3:1,3.00,2,5,2,1,0
12,32,4,M,000,E,1.41,1,1,0,1,0
12,33,4,M,010,1:-2,4.69,3,3,2,1,0
12,34,4,M,000,E,1.41,1,1,0,1,0
12,35,4,M,000,E,2.45,2,1,0,1,0
12,36,4,M,100,4:1,3.74,3,3,2,1,0
12,37,4,M,000,E,3.74,3,1,0,1,0
12,38,4,M,000,E,1.41,1,1,0,1,0
12,39,4,M,000,E,2.83,2,1,0,1,0
12,40,4,M,001,3:1,2.24,2,5,2,1,0
12,41,4,M,000,E,1.41,1,1,0,1,0
12,42,4,M,010,1:-2,2.00,2,3,2,0,1
12,43,4,M,000,E,1.41,1,1,0,1,0
12,44,4,M,000,E,2.45,2,1,0,1,0
12,45,4,M,100,4:1,3.74,3,3,2,1,0
12,46,4,M,001,3:1,2.24,2,5,2,0,1
12,47,4,M,000,E,2.83,2,1,0,1,0
12,48,4,M,010,1:-2,1.41,1,3,2,1,0
12,49,4,M,001,3:1,4.12,3,5,2,1,0
13,0,0,P,100,E,1.41,1,1,0,1,0
13,1,0,P,001,1:1,3.61,3,3,1,1,0
13,2,0,P,000,E,3.74,3,1,0,1,0
13,3,0,P,000,E,3.74,3,1,0,1,0
13,4,0,P,011,1:1|3:-2,3.61,3,11,4,1,0
13,5,0,P,000,E,1.41,1,1,0,1,0
13,6,0,P,100,E,2.45,2,1,0,1,0
13,7,0,P,010,3:-2,5.48,5,5,4,1,0
13,8,0,P,000,E,4.24,3,1,0,1,0
13,9,0,P,100,E,1.41,1,1,0,1,0
13,10,0,P,000,E,2.45,2,1,0,1,0
13,11,0,P,000,E,2.45,2,1,0,1,0
13,12,0,P,000,E,2.45,2,1,0,1,0
13,13,0,P,001,1:1,3.61,3,3,1,1,0
13,14,0,P,000,E,1.41,1,1,0,1,0
13,15,0,P,000,E,2.45,2,1,0,1,0
13,16,0,P,010,3:-2,3.74,3,5,4,1,0
13,17,0,P,000,E,2.45,2,1,0,1,0
13,18,0,P,100,E,1.41,1,1,0,1,0
13,19,0,P,001,1:1,1.00,1,3,1,0,1
13,20,0,P,000,E,1.41,1,1,0,1,0
13,21,0,P,000,E,4.24,3,1,0,1,0
13,22,0,P,011,1:1|3:-2,4.12,4,11,4,0,1
13,23,0,P,000,E,1.41,1,1,0,1,0
13,24,0,P,100,E,1.41,1,1,0,1,0
13,25,0,P,010,3:-2,4.47,4,5,4,0,1
13,26,0,P,000,E,2.45,2,1,0,1,0
13,27,0,P,100,E,1.41,1,1,0,1,0
13,28,0,P,000,E,2.83,2,1,0,1,0
13,29,0,P,000,E,1.41,1,1,0,1,0
13,30,0,P,000,E,2.45,2,1,0,1,0
13,31,0,P,001,1:1,3.61,3,3,1,1,0
13,32,0,P,000,E,1.41,1,1,0,1,0
13,33,0,P,000,E,3.74,3,1,0,1,0
13,34,0,P,010,3:-2,6.00,4,5,4,1,0
13,35,0,P,000,E,4.24,3,1,0,1,0
13,36,0,P,100,E,1.41,1,1,0,1,0
13,37,0,P,000,E,2.45,2,1,0,1,0
13,38,0,P,000,E,2.45,2,1,0,1,0
13,39,0,P,000,E,1.41,1,1,0,1,0
13,40,0,P,001,1:1,3.00,2,3,1,1,0
13,41,0,P,000,E,3.74,3,1,0,1,0
13,42,0,P,000,E,2.45,2,1,0,1,0
13,43,0,P,010,3:-2,3.74,3,5,4,1,0
13,44,0,P,000,E,3.74,3,1,0,1,0
13,45,0,P,100,E,1.41,1,1,0,1,0
13,46,0,P,001,1:1,1.00,1,3,1,0,1
13,47,0,P,000,E,1.41,1,1,0,1,0
13,48,0,P,000,E,3.74,3,1,0,1,0
13,49,0,P,011,1:1|3:-2,3.61,3,11,4,1,0
13,0,1,P,100,1:1,2.24,2,3,1,1,0
13,1,1,P,001,2:1,3.16,3,5,2,1,0
13,2,1,P,000,E,4.24,3,1,0,1,0
13,3,1,P,000,E,1.41,1,1,0,1,0
13,4,1,P,011,2:1|4:-2,3.74,3,10,4,1,0
13,5,1,P,000,E,3.74,3,1,0,1,0
13,6,1,P,100,1:1,3.00,2,3,1,1,0
13,7,1,P,010,4:-2,6.32,6,3,4,1,0
13,8,1,P,000,E,3.74,3,1,0,1,0
13,9,1,P,100,1:1,1.00,1,3,1,0,1
13,10,1,P,000,E,4.90,4,1,0,1,0
13,11,1,P,000,E,1.41,1,1,0,1,0
13,12,1,P,000,E,1.41,1,1,0,1,0
13,13,1,P,001,2:1,3.46,2,5,2,1,0
13,14,1,P,000,E,2.45,2,1,0,1,0
13,15,1,P,000,E,3.74,3,1,0,1,0
13,16,1,P,010,4:-2,4.90,4,3,4,0,1
13,17,1,P,000,E,1.41,1,1,0,1,0
13,18,1,P,100,1:1,1.73,1,3,1,1,0
13,19,1,P,001,2:1,2.00,2,5,2,0,1
13,20,1,P,000,E,2.45,2,1,0,1,0
13,21,1,P,000,E,5.10,4,1,0,1,0
13,22,1,P,011,2:1|4:-2,4.47,4,10,4,0,1
13,23,1,P,000,E,2.45,2,1,0,1,0
13,24,1,P,100,1:1,1.73,1,3,1,1,0
13,25,1,P,010,4:-2,5.83,5,3,4,1,0
13,26,1,P,000,E,1.41,1,1,0,1,0
13,27,1,P,100,1:1,3.32,3,3,1,1,0
13,28,1,P,000,E,3.74,3,1,0,1,0
13,29,1,P,000,E,2.45,2,1,0,1,0
13,30,1,P,000,E,1.41,1,1,0,1,0
13,31,1,P,001,2:1,3.46,2,5,2,1,0
13,32,1,P,000,E,2.45,2,1,0,1,0
13,33,1,P,000,E,5.10,4,1,0,1,0
13,34,1,P,010,4:-2,6.48,5,3,4,1,0
13,35,1,P,000,E,3.74,3,1,0,1,0
13,36,1,P,100,1:1,1.00,1,3,1,0,1
13,37,1,P,000,E,4.90,4,1,0,1,0
13,38,1,P,000,E,1.41,1,1,0,1,0
13,39,1,P,000,E,1.41,1,1,0,1,0
13,40,1,P,001,2:1,1.41,1,5,2,0,1
13,41,1,P,000,E,4.24,3,1,0,1,0
13,42,1,P,000,E,2.45,2,1,0,1,0
13,43,1,P,010,4:-2,4.90,4,3,4,0,1
13,44,1,P,000,E,1.41,1,1,0,1,0
13,45,1,P,100,1:1,1.73,1,3,1,1,0
13,46,1,P,001,2:1,2.00,2,5,2,0,1
13,47,1,P,000,E,1.41,1,1,0,1,0
13,48,1,P,000,E,1.41,1,1,0,1,0
13,49,1,P,011,2:1|4:-2,3.74,3,10,4,1,0
13,0,2,M,100,2:1,2.00,2,5,2,1,0
13,1,2,M,001,3:1,5.39,5,5,2,1,0
13,2,2,M,000,E,2.83,2,1,0,1,0
13,3,2,M,010,E,1.41,1,1,0,1,0
13,4,2,M,001,3:1,3.00,2,5,2,1,0
13,5,2,M,000,E,6.16,5,1,0,1,0
13,6,2,M,110,2:1,3.46,2,5,2,1,0
13,7,2,M,000,E,2.45,2,1,0,1,0
13,8,2,M,000,E,1.41,1,1,0,1,0
13,9,2,M,100,2:1,3.16,3,5,2,1,0
13,10,2,M,000,E,4.24,3,1,0,1,0
13,11,2,M,000,E,3.74,3,1,0,1,0
13,12,2,M,000,E,2.45,2,1,0,1,0
13,13,2,M,001,3:1,2.24,2,5,2,0,1
13,14,2,M,000,E,2.45,2,1,0,1,0
13,15,2,M,010,E,2.45,2,1,0,1,0
13,16,2,M,000,E,1.41,1,1,0,1,0
13,17,2,M,000,E,1.41,1,1,0,1,0
13,18,2,M,100,2:1,1.41,1,5,2,0,1
13,19,2,M,001,3:1,3.00,2,5,2,1,0
13,20,2,M,000,E,1.41,1,1,0,1,0
13,21,2,M,010,E,2.45,2,1,0,1,0
13,22,2,M,001,3:1,2.24,2,5,2,1,0
13,23,2,M,000,E,3.74,3,1,0,1,0
13,24,2,M,110,2:1,3.16,3,5,2,1,0
13,25,2,M,000,E,3.74,3,1,0,1,0
13,26,2,M,000,E,1.41,1,1,0,1,0
13,27,2,M,100,2:1,2.45,2,5,2,1,0
13,28,2,M,000,E,5.10,4,1,0,1,0
13,29,2,M,000,E,1.41,1,1,0,1,0
13,30,2,M,000,E,2.45,2,1,0,1,0
13,31,2,M,001,3:1,2.24,2,5,2,0,1
13,32,2,M,000,E,3.74,3,1,0,1,0
13,33,2,M,010,E,4.24,3,1,0,1,0
13,34,2,M,000,E,3.74,3,1,0,1,0
13,35,2,M,000,E,1.41,1,1,0,1,0
13,36,2,M,100,2:1,3.16,3,5,2,1,0
13,37,2,M,000,E,4.24,3,1,0,1,0
13,38,2,M,000,E,3.74,3,1,0,1,0
13,39,2,M,000,E,0.00,0,1,0,0,1
13,40,2,M,001,3:1,3.00,3,5,2,1,0
13,41,2,M,000,E,3.74,3,1,0,1,0
13,42,2,M,010,E,2.83,2,1,0,1,0
13,43,2,M,000,E,1.41,1,1,0,1,0
13,44,2,M,000,E,1.41,1,1,0,1,0
13,45,2,M,100,2:1,2.45,2,5,2,1,0
13,46,2,M,001,3:1,3.00,2,5,2,1,0
13,47,2,M,000,E,0.00,0,1,0,0,1
13,48,2,M,010,E,1.41,1,1,0,1,0
13,49,2,M,001,3:1,3.00,2,5,2,1,0
13,0,3,M,100,3:1,3.00,2,5,2,1,0
13,1,3,M,001,4:1,4.00,4,3,2,1,0
13,2,3,M,000,E,3.74,3,1,0,1,0
13,3,3,M,010,1:-2,2.00,2,3,2,0,1
13,4,3,M,001,4:1,3.74,3,3,2,1,0
13,5,3,M,000,E,5.10,4,1,0,1,0
13,6,3,M,110,1:-2|3:1,3.00,2,10,2,1,0
13,7,3,M,000,E,1.41,1,1,0,1,0
13,8,3,M,000,E,2.45,2,1,0,1,0
13,9,3,M,100,3:1,4.12,3,5,2,1,0
13,10,3,M,000,E,2.83,2,1,0,1,0
13,11,3,M,000,E,3.74,3,1,0,1,0
13,12,3,M,000,E,4.24,3,1,0,1,0
13,13,3,M,001,4:1,2.83,2,3,2,0,1
13,14,3,M,000,E,1.41,1,1,0,1,0
13,15,3,M,010,1:-2,2.00,2,3,2,0,1
13,16,3,M,000,E,1.41,1,1,0,1,0
13,17,3,M,000,E,3.74,3,1,0,1,0
13,18,3,M,100,3:1,3.32,3,5,2,1,0
13,19,3,M,001,4:1,2.45,2,3,2,0,1
13,20,3,M,000,E,1.41,1,1,0,1,0
13,21,3,M,010,1:-2,2.45,2,3,2,1,0
13,22,3,M,001,4:1,3.16,3,3,2,1,0
13,23,3,M,000,E,4.24,3,1,0,1,0
13,24,3,M,110,1:-2|3:1,3.32,3,10,2,1,0
13,25,3,M,000,E,2.45,2,1,0,1,0
13,26,3,M,000,E,2.45,2,1,0,1,0
13,27,3,M,100,3:1,1.73,1,5,2,0,1
13,28,3,M,000,E,2.83,2,1,0,1,0
13,29,3,M,000,E,2.45,2,1,0,1,0
13,30,3,M,000,E,4.24,3,1,0,1,0
13,31,3,M,001,4:1,2.83,2,3,2,0,1
13,32,3,M,000,E,1.41,1,1,0,1,0
13,33,3,M,010,1:-2,4.69,3,3,2,1,0
13,34,3,M,000,E,2.83,2,1,0,1,0
13,35,3,M,000,E,2.45,2,1,0,1,0
13,36,3,M,100,3:1,4.12,3,5,2,1,0
13,37,3,M,000,E,2.83,2,1,0,1,0
13,38,3,M,000,E,2.83,2,1,0,1,0
13,39,3,M,000,E,2.83,2,1,0,1,0
13,40,3,M,001,4:1,3.16,3,3,2,1,0
13,41,3,M,000,E,1.41,1,1,0,1,0
13,42,3,M,010,1:-2,2.00,2,3,2,0,1
13,43,3,M,000,E,0.00,0,1,0,0,1
13,44,3,M,000,E,2.83,2,1,0,1,0
13,45,3,M,100,3:1,3.32,3,5,2,1,0
13,46,3,M,001,4:1,2.83,2,3,2,1,0
13,47,3,M,000,E,2.83,2,1,0,1,0
13,48,3,M,010,1:-2,2.00,2,3,2,0,1
13,49,3,M,001,4:1,3.74,3,3,2,1,0
13,0,4,Z,101,4:1,4.90,4,3,2,1,0
13,1,4,Z,000,E,2.83,2,1,0,1,0
13,2,4,Z,000,E,4.90,4,1,0,1,0
13,3,4,Z,011,2:-2,2.83,2,5,4,0,1
13,4,4,Z,000,E,1.41,1,1,0,1,0
13,5,4,Z,000,E,2.45,2,1,0,1,0
13,6,4,Z,110,2:-2|4:1,2.83,2,11,2,1,0
13,7,4,Z,000,E,2.83,2,1,0,1,0
13,8,4,Z,000,E,2.83,2,1,0,1,0
13,9,4,Z,100,4:1,2.83,2,3,2,0,1
13,10,4,Z,000,E,2.83,2,1,0,1,0
13,11,4,Z,000,E,4.24,3,1,0,1,0
13,12,4,Z,001,E,3.74,3,1,0,1,0
13,13,4,Z,000,E,2.83,2,1,0,1,0
13,14,4,Z,000,E,0.00,0,1,0,0,1
13,15,4,Z,010,2:-2,2.83,2,5,4,0,1
13,16,4,Z,000,E,4.24,3,1,0,1,0
13,17,4,Z,000,E,2.83,2,1,0,1,0
13,18,4,Z,101,4:1,3.16,3,3,2,1,0
13,19,4,Z,000,E,1.41,1,1,0,1,0
13,20,4,Z,000,E,2.45,2,1,0,1,0
13,21,4,Z,011,2:-2,4.24,4,5,4,1,0
13,22,4,Z,000,E,2.45,2,1,0,1,0
13,23,4,Z,000,E,2.83,2,1,0,1,0
13,24,4,Z,110,2:-2|4:1,2.45,2,11,2,0,1
13,25,4,Z,000,E,4.24,3,1,0,1,0
13,26,4,Z,000,E,1.41,1,1,0,1,0
13,27,4,Z,100,4:1,3.16,3,3,2,1,0
13,28,4,Z,000,E,0.00,0,1,0,0,1
13,29,4,Z,000,E,4.24,3,1,0,1,0
13,30,4,Z,001,E,3.74,3,1,0,1,0
13,31,4,Z,000,E,2.83,2,1,0,1,0
13,32,4,Z,000,E,1.41,1,1,0,1,0
13,33,4,Z,010,2:-2,5.83,4,5,4,1,0
13,34,4,Z,000,E,2.83,2,1,0,1,0
13,35,4,Z,000,E,2.83,2,1,0,1,0
13,36,4,Z,100,4:1,2.83,2,3,2,0,1
13,37,4,Z,000,E,2.83,2,1,0,1,0
13,38,4,Z,000,E,2.83,2,1,0,1,0
13,39,4,Z,001,E,4.90,4,1,0,1,0
13,40,4,Z,000,E,2.45,2,1,0,1,0
13,41,4,Z,000,E,2.83,2,1,0,1,0
13,42,4,Z,010,2:-2,2.83,2,5,4,0,1
13,43,4,Z,000,E,2.83,2,1,0,1,0
13,44,4,Z,000,E,2.83,2,1,0,1,0
13,45,4,Z,101,4:1,3.16,3,3,2,1,0
13,46,4,Z,000,E,0.00,0,1,0,0,1
13,47,4,Z,000,E,4.90,4,1,0,1,0
13,48,4,Z,011,2:-2,2.83,2,5,4,0,1
13,49,4,Z,000,E,1.41,1,1,0,1,0
14,0,0,P,100,E,2.83,2,1,0,1,0
14,1,0,P,001,3:1,3.00,3,5,2,1,0
14,2,0,P,000,E,5.10,4,1,0,1,0
14,3,0,P,000,E,1.41,1,1,0,1,0
14,4,0,P,011,3:1|4:-2,3.61,3,7,3,1,0
14,5,0,P,000,E,3.74,3,1,0,1,0
14,6,0,P,100,E,2.83,2,1,0,1,0
14,7,0,P,010,4:-2,5.83,5,3,4,1,0
14,8,0,P,000,E,3.74,3,1,0,1,0
14,9,0,P,100,E,1.41,1,1,0,1,0
14,10,0,P,000,E,3.74,3,1,0,1,0
14,11,0,P,000,E,1.41,1,1,0,1,0
14,12,0,P,000,E,2.45,2,1,0,1,0
14,13,0,P,001,3:1,4.12,3,5,2,1,0
14,14,0,P,000,E,1.41,1,1,0,1,0
14,15,0,P,000,E,2.45,2,1,0,1,0
14,16,0,P,010,4:-2,4.69,3,3,4,1,0
14,17,0,P,000,E,1.41,1,1,0,1,0
14,18,0,P,100,E,1.41,1,1,0,1,0
14,19,0,P,001,3:1,2.24,2,5,2,0,1
14,20,0,P,000,E,2.83,2,1,0,1,0
14,21,0,P,000,E,4.24,3,1,0,1,0
14,22,0,P,011,3:1|4:-2,4.12,4,7,3,1,0
14,23,0,P,000,E,1.41,1,1,0,1,0
14,24,0,P,100,E,1.41,1,1,0,1,0
14,25,0,P,010,4:-2,5.10,4,3,4,1,0
14,26,0,P,000,E,1.41,1,1,0,1,0
14,27,0,P,100,E,2.45,2,1,0,1,0
14,28,0,P,000,E,2.45,2,1,0,1,0
14,29,0,P,000,E,1.41,1,1,0,1,0
14,30,0,P,000,E,2.45,2,1,0,1,0
14,31,0,P,001,3:1,4.12,3,5,2,1,0
14,32,0,P,000,E,2.45,2,1,0,1,0
14,33,0,P,000,E,4.90,4,1,0,1,0
14,34,0,P,010,4:-2,6.48,5,3,4,1,0
14,35,0,P,000,E,3.74,3,1,0,1,0
14,36,0,P,100,E,1.41,1,1,0,1,0
14,37,0,P,000,E,3.74,3,1,0,1,0
14,38,0,P,000,E,1.41,1,1,0,1,0
14,39,0,P,000,E,2.45,2,1,0,1,0
14,40,0,P,001,3:1,2.24,2,5,2,0,1
14,41,0,P,000,E,4.24,3,1,0,1,0
14,42,0,P,000,E,1.41,1,1,0,1,0
14,43,0,P,010,4:-2,4.69,3,3,4,1,0
14,44,0,P,000,E,1.41,1,1,0,1,0
14,45,0,P,100,E,1.41,1,1,0,1,0
14,46,0,P,001,3:1,2.24,2,5,2,0,1
14,47,0,P,000,E,2.45,2,1,0,1,0
14,48,0,P,000,E,1.41,1,1,0,1,0
14,49,0,P,011,3:1|4:-2,3.61,3,7,3,1,0
14,0,1,M,100,1:1,2.24,2,3,1,1,0
14,1,1,M,001,4:1,5.10,5,3,2,1,0
14,2,1,M,000,E,4.24,3,1,0,1,0
14,3,1,M,010,E,1.41,1,1,0,1,0
14,4,1,M,001,4:1,3.74,3,3,2,1,0
14,5,1,M,000,E,6.16,5,1,0,1,0
14,6,1,M,110,1:1,3.00,2,3,1,1,0
14,7,1,M,000,E,2.83,2,1,0,1,0
14,8,1,M,000,E,1.41,1,1,0,1,0
14,9,1,M,100,1:1,3.61,3,3,1,1,0
14,10,1,M,000,E,2.83,2,1,0,1,0
14,11,1,M,000,E,3.74,3,1,0,1,0
14,12,1,M,000,E,2.45,2,1,0,1,0
14,13,1,M,001,4:1,2.83,2,3,2,0,1
14,14,1,M,000,E,1.41,1,1,0,1,0
14,15,1,M,010,E,2.45,2,1,0,1,0
14,16,1,M,000,E,0.00,0,1,0,0,1
14,17,1,M,000,E,1.41,1,1,0,1,0
14,18,1,M,100,1:1,1.73,1,3,1,1,0
14,19,1,M,001,4:1,2.83,2,3,2,1,0
14,20,1,M,000,E,2.45,2,1,0,1,0
14,21,1,M,010,E,2.45,2,1,0,1,0
14,22,1,M,001,4:1,2.83,2,3,2,1,0
14,23,1,M,000,E,3.74,3,1,0,1,0
14,24,1,M,110,1:1,3.32,3,3,1,1,0
14,25,1,M,000,E,2.45,2,1,0,1,0
14,26,1,M,000,E,1.41,1,1,0,1,0
14,27,1,M,100,1:1,1.73,1,3,1,1,0
14,28,1,M,000,E,4.24,3,1,0,1,0
14,29,1,M,000,E,1.41,1,1,0,1,0
14,30,1,M,000,E,2.45,2,1,0,1,0
14,31,1,M,001,4:1,2.83,2,3,2,0,1
14,32,1,M,000,E,2.45,2,1,0,1,0
14,33,1,M,010,E,5.10,4,1,0,1,0
14,34,1,M,000,E,3.74,3,1,0,1,0
14,35,1,M,000,E,1.41,1,1,0,1,0
14,36,1,M,100,1:1,3.61,3,3,1,1,0
14,37,1,M,000,E,2.83,2,1,0,1,0
14,38,1,M,000,E,3.74,3,1,0,1,0
14,39,1,M,000,E,1.41,1,1,0,1,0
14,40,1,M,001,4:1,3.16,3,3,2,1,0
14,41,1,M,000,E,2.45,2,1,0,1,0
14,42,1,M,010,E,2.45,2,1,0,1,0
14,43,1,M,000,E,0.00,0,1,0,0,1
14,44,1,M,000,E,1.41,1,1,0,1,0
14,45,1,M,100,1:1,1.73,1,3,1,1,0
14,46,1,M,001,4:1,2.83,2,3,2,1,0
14,47,1,M,000,E,1.41,1,1,0,1,0
14,48,1,M,010,E,1.41,1,1,0,1,0
14,49,1,M,001,4:1,3.74,3,3,2,1,0
14,0,2,Z,101,2:1,3.46,2,5,2,1,0
14,1,2,Z,000,E,4.90,4,1,0,1,0
14,2,2,Z,000,E,4.90,4,1,0,1,0
14,3,2,Z,011,1:-2,2.00,2,3,2,0,1
14,4,2,Z,000,E,2.83,2,1,0,1,0
14,5,2,Z,000,E,5.10,4,1,0,1,0
14,6,2,Z,110,1:-2|2:1,2.83,2,7,1,1,0
14,7,2,Z,000,E,0.00,0,1,0,0,1
14,8,2,Z,000,E,2.83,2,1,0,1,0
14,9,2,Z,100,2:1,3.46,2,5,2,1,0
14,10,2,Z,000,E,2.45,2,1,0,1,0
14,11,2,Z,000,E,3.74,3,1,0,1,0
14,12,2,Z,001,E,4.24,3,1,0,1,0
14,13,2,Z,000,E,1.41,1,1,0,1,0
14,14,2,Z,000,E,0.00,0,1,0,0,1
14,15,2,Z,010,1:-2,2.00,2,3,2,0,1
14,16,2,Z,000,E,1.41,1,1,0,1,0
14,17,2,Z,000,E,2.83,2,1,0,1,0
14,18,2,Z,101,2:1,3.16,3,5,2,1,0
14,19,2,Z,000,E,1.41,1,1,0,1,0
14,20,2,Z,000,E,2.45,2,1,0,1,0
14,21,2,Z,011,1:-2,2.45,2,3,2,1,0
14,22,2,Z,000,E,2.45,2,1,0,1,0
14,23,2,Z,000,E,2.83,2,1,0,1,0
14,24,2,Z,110,1:-2|2:1,2.45,2,7,1,1,0
14,25,2,Z,000,E,3.74,3,1,0,1,0
14,26,2,Z,000,E,1.41,1,1,0,1,0
14,27,2,Z,100,2:1,1.41,1,5,2,0,1
14,28,2,Z,000,E,2.83,2,1,0,1,0
14,29,2,Z,000,E,1.41,1,1,0,1,0
14,30,2,Z,001,E,4.24,3,1,0,1,0
14,31,2,Z,000,E,1.41,1,1,0,1,0
14,32,2,Z,000,E,1.41,1,1,0,1,0
14,33,2,Z,010,1:-2,4.69,3,3,2,1,0
14,34,2,Z,000,E,2.83,2,1,0,1,0
14,35,2,Z,000,E,2.83,2,1,0,1,0
14,36,2,Z,100,2:1,3.46,2,5,2,1,0
14,37,2,Z,000,E,2.45,2,1,0,1,0
14,38,2,Z,000,E,2.83,2,1,0,1,0
14,39,2,Z,001,E,2.83,2,1,0,1,0
14,40,2,Z,000,E,2.83,2,1,0,1,0
14,41,2,Z,000,E,2.83,2,1,0,1,0
14,42,2,Z,010,1:-2,2.00,2,3,2,0,1
14,43,2,Z,000,E,1.41,1,1,0,1,0
14,44,2,Z,000,E,2.83,2,1,0,1,0
14,45,2,Z,101,2:1,3.16,3,5,2,1,0
14,46,2,Z,000,E,1.41,1,1,0,1,0
14,47,2,Z,000,E,2.83,2,1,0,1,0
14,48,2,Z,011,1:-2,2.00,2,3,2,0,1
14,49,2,Z,000,E,2.83,2,1,0,1,0
14,0,3,Z,101,1:1|3:1,4.90,4,10,3,1,0
14,1,3,Z,000,E,3.74,3,1,0,1,0
14,2,3,Z,000,E,5.10,4,1,0,1,0
14,3,3,Z,011,1:1|2:-2,2.24,2,8,3,0,1
14,4,3,Z,000,E,0.00,0,1,0,0,1
14,5,3,Z,000,E,3.74,3,1,0,1,0
14,6,3,Z,110,2:-2|3:1,3.61,3,10,2,1,0
14,7,3,Z,000,E,1.41,1,1,0,1,0
14,8,3,Z,000,E,2.45,2,1,0,1,0
14,9,3,Z,100,3:1,2.24,2,5,2,0,1
14,10,3,Z,000,E,2.45,2,1,0,1,0
14,11,3,Z,000,E,3.74,3,1,0,1,0
14,12,3,Z,001,1:1,3.32,3,3,1,1,0
14,13,3,Z,000,E,1.41,1,1,0,1,0
14,14,3,Z,000,E,1.41,1,1,0,1,0
14,15,3,Z,010,2:-2,3.16,3,5,4,1,0
14,16,3,Z,000,E,2.83,2,1,0,1,0
14,17,3,Z,000,E,1.41,1,1,0,1,0
14,18,3,Z,101,1:1|3:1,3.16,3,10,3,0,1
14,19,3,Z,000,E,0.00,0,1,0,0,1
14,20,3,Z,000,E,2.83,2,1,0,1,0
14,21,3,Z,011,1:1|2:-2,3.32,3,8,3,1,0
14,22,3,Z,000,E,2.83,2,1,0,1,0
14,23,3,Z,000,E,2.45,2,1,0,1,0
14,24,3,Z,110,2:-2|3:1,3.00,2,10,2,1,0
14,25,3,Z,000,E,3.74,3,1,0,1,0
14,26,3,Z,000,E,0.00,0,1,0,0,1
14,27,3,Z,100,3:1,3.00,3,5,2,1,0
14,28,3,Z,000,E,1.41,1,1,0,1,0
14,29,3,Z,000,E,2.83,2,1,0,1,0
14,30,3,Z,001,1:1,3.32,3,3,1,1,0
14,31,3,Z,000,E,1.41,1,1,0,1,0
14,32,3,Z,000,E,2.83,2,1,0,1,0
14,33,3,Z,010,2:-2,5.83,4,5,4,1,0
14,34,3,Z,000,E,2.45,2,1,0,1,0
14,35,3,Z,000,E,2.45,2,1,0,1,0
14,36,3,Z,100,3:1,2.24,2,5,2,0,1
14,37,3,Z,000,E,2.45,2,1,0,1,0
14,38,3,Z,000,E,2.45,2,1,0,1,0
14,39,3,Z,001,1:1,4.12,3,3,1,1,0
14,40,3,Z,000,E,2.83,2,1,0,1,0
14,41,3,Z,000,E,3.74,3,1,0,1,0
14,42,3,Z,010,2:-2,3.16,3,5,4,1,0
14,43,3,Z,000,E,1.41,1,1,0,1,0
14,44,3,Z,000,E,1.41,1,1,0,1,0
14,45,3,Z,101,1:1|3:1,3.16,3,10,3,0,1
14,46,3,Z,000,E,1.41,1,1,0,1,0
14,47,3,Z,000,E,3.74,3,1,0,1,0
14,48,3,Z,011,1:1|2:-2,2.24,2,8,3,0,1
14,49,3,Z,000,E,0.00,0,1,0,0,1
14,0,4,Z,101,2:1|4:1,4.47,4,10,4,1,0
14,1,4,Z,000,E,2.45,2,1,0,1,0
14,2,4,Z,000,E,2.45,2,1,0,1,0
14,3,4,Z,011,2:1|3:-2,2.83,2,10,3,0,1
14,4,4,Z,000,E,2.45,2,1,0,1,0
14,5,4,Z,000,E,2.83,2,1,0,1,0
14,6,4,Z,110,3:-2|4:1,3.16,3,8,2,1,0
14,7,4,Z,000,E,2.83,2,1,0,1,0
14,8,4,Z,000,E,0.00,0,1,0,0,1
14,9,4,Z,100,4:1,4.24,4,3,2,1,0
14,10,4,Z,000,E,2.83,2,1,0,1,0
14,11,4,Z,000,E,2.83,2,1,0,1,0
14,12,4,Z,001,2:1,3.16,3,5,2,1,0
14,13,4,Z,000,E,0.00,0,1,0,0,1
14,14,4,Z,000,E,1.41,1,1,0,1,0
14,15,4,Z,010,3:-2,3.74,3,5,4,1,0
14,16,4,Z,000,E,1.41,1,1,0,1,0
14,17,4,Z,000,E,1.41,1,1,0,1,0
14,18,4,Z,101,2:1|4:1,3.74,3,10,4,0,1
14,19,4,Z,000,E,0.00,0,1,0,0,1
14,20,4,Z,000,E,2.83,2,1,0,1,0
14,21,4,Z,011,2:1|3:-2,4.24,4,10,3,1,0
14,22,4,Z,000,E,1.41,1,1,0,1,0
14,23,4,Z,000,E,2.45,2,1,0,1,0
14,24,4,Z,110,3:-2|4:1,3.46,2,8,2,1,0
14,25,4,Z,000,E,1.41,1,1,0,1,0
14,26,4,Z,000,E,1.41,1,1,0,1,0
14,27,4,Z,100,4:1,2.83,2,3,2,1,0
14,28,4,Z,000,E,0.00,0,1,0,0,1
14,29,4,Z,000,E,2.83,2,1,0,1,0
14,30,4,Z,001,2:1,3.16,3,5,2,1,0
14,31,4,Z,000,E,0.00,0,1,0,0,1
14,32,4,Z,000,E,2.83,2,1,0,1,0
14,33,4,Z,010,3:-2,6.00,4,5,4,1,0
14,34,4,Z,000,E,2.83,2,1,0,1,0
14,35,4,Z,000,E,0.00,0,1,0,0,1
14,36,4,Z,100,4:1,4.24,4,3,2,1,0
14,37,4,Z,000,E,2.83,2,1,0,1,0
14,38,4,Z,000,E,1.41,1,1,0,1,0
14,39,4,Z,001,2:1,3.46,2,5,2,1,0
14,40,4,Z,000,E,2.45,2,1,0,1,0
14,41,4,Z,000,E,1.41,1,1,0,1,0
14,42,4,Z,010,3:-2,3.74,3,5,4,1,0
14,43,4,Z,000,E,2.83,2,1,0,1,0
14,44,4,Z,000,E,1.41,1,1,0,1,0
14,45,4,Z,101,2:1|4:1,3.74,3,10,4,0,1
14,46,4,Z,000,E,1.41,1,1,0,1,0
14,47,4,Z,000,E,2.45,2,1,0,1,0
14,48,4,Z,011,2:1|3:-2,2.83,2,10,3,0,1
14,49,4,Z,000,E,2.45,2,1,0,1,0
15,0,0,Z,101,E,2.83,2,1,0,1,0
15,1,0,Z,000,E,4.90,4,1,0,1,0
15,2,0,Z,000,E,5.10,4,1,0,1,0
15,3,0,Z,011,E,1.41,1,1,0,1,0
15,4,0,Z,000,E,2.83,2,1,0,1,0
15,5,0,Z,000,E,4.90,4,1,0,1,0
15,6,0,Z,110,E,2.83,2,1,0,1,0
15,7,0,Z,000,E,1.41,1,1,0,1,0
15,8,0,Z,000,E,2.45,2,1,0,1,0
15,9,0,Z,100,E,2.83,2,1,0,1,0
15,10,0,Z,000,E,2.45,2,1,0,1,0
15,11,0,Z,000,E,2.83,2,1,0,1,0
15,12,0,Z,001,E,2.83,2,1,0,1,0
15,13,0,Z,000,E,1.41,1,1,0,1,0
15,14,0,Z,000,E,0.00,0,1,0,0,1
15,15,0,Z,010,E,1.41,1,1,0,1,0
15,16,0,Z,000,E,1.41,1,1,0,1,0
15,17,0,Z,000,E,1.41,1,1,0,1,0
15,18,0,Z,101,E,1.41,1,1,0,1,0
15,19,0,Z,000,E,1.41,1,1,0,1,0
15,20,0,Z,000,E,2.83,2,1,0,1,0
15,21,0,Z,011,E,2.83,2,1,0,1,0
15,22,0,Z,000,E,2.45,2,1,0,1,0
15,23,0,Z,000,E,2.45,2,1,0,1,0
15,24,0,Z,110,E,2.45,2,1,0,1,0
15,25,0,Z,000,E,2.83,2,1,0,1,0
15,26,0,Z,000,E,0.00,0,1,0,0,1
15,27,0,Z,100,E,1.41,1,1,0,1,0
15,28,0,Z,000,E,2.83,2,1,0,1,0
15,29,0,Z,000,E,0.00,0,1,0,0,1
15,30,0,Z,001,E,2.83,2,1,0,1,0
15,31,0,Z,000,E,1.41,1,1,0,1,0
15,32,0,Z,000,E,1.41,1,1,0,1,0
15,33,0,Z,010,E,4.90,4,1,0,1,0
15,34,0,Z,000,E,2.83,2,1,0,1,0
15,35,0,Z,000,E,2.45,2,1,0,1,0
15,36,0,Z,100,E,2.83,2,1,0,1,0
15,37,0,Z,000,E,2.45,2,1,0,1,0
15,38,0,Z,000,E,2.45,2,1,0,1,0
15,39,0,Z,001,E,2.45,2,1,0,1,0
15,40,0,Z,000,E,2.83,2,1,0,1,0
15,41,0,Z,000,E,2.83,2,1,0,1,0
15,42,0,Z,010,E,1.41,1,1,0,1,0
15,43,0,Z,000,E,1.41,1,1,0,1,0
15,44,0,Z,000,E,1.41,1,1,0,1,0
15,45,0,Z,101,E,1.41,1,1,0,1,0
15,46,0,Z,000,E,1.41,1,1,0,1,0
15,47,0,Z,000,E,2.45,2,1,0,1,0
15,48,0,Z,011,E,1.41,1,1,0,1,0
15,49,0,Z,000,E,2.83,2,1,0,1,0
15,0,1,Z,101,1:2,3.46,2,3,2,1,0
15,1,1,Z,000,E,4.90,4,1,0,1,0
15,2,1,Z,000,E,5.10,4,1,0,1,0
15,3,1,Z,011,1:-1,1.00,1,3,1,0,1
15,4,1,Z,000,E,2.83,2,1,0,1,0
15,5,1,Z,000,E,4.90,4,1,0,1,0
15,6,1,Z,110,1:-1,3.61,3,3,1,1,0
15,7,1,Z,000,E,1.41,1,1,0,1,0
15,8,1,Z,000,E,2.45,2,1,0,1,0
15,9,1,Z,100,1:1,3.00,2,3,1,1,0
15,10,1,Z,000,E,2.45,2,1,0,1,0
15,11,1,Z,000,E,2.83,2,1,0,1,0
15,12,1,Z,001,1:1,3.61,3,3,1,1,0
15,13,1,Z,000,E,1.41,1,1,0,1,0
15,14,1,Z,000,E,0.00,0,1,0,0,1
15,15,1,Z,010,1:-2,3.16,3,3,2,1,0
15,16,1,Z,000,E,1.41,1,1,0,1,0
15,17,1,Z,000,E,1.41,1,1,0,1,0
15,18,1,Z,101,1:2,3.16,3,3,2,1,0
15,19,1,Z,000,E,1.41,1,1,0,1,0
15,20,1,Z,000,E,2.83,2,1,0,1,0
15,21,1,Z,011,1:-1,3.00,2,3,1,1,0
15,22,1,Z,000,E,2.45,2,1,0,1,0
15,23,1,Z,000,E,2.45,2,1,0,1,0
15,24,1,Z,110,1:-1,3.00,2,3,1,1,0
15,25,1,Z,000,E,2.83,2,1,0,1,0
15,26,1,Z,000,E,0.00,0,1,0,0,1
15,27,1,Z,100,1:1,1.00,1,3,1,0,1
15,28,1,Z,000,E,2.83,2,1,0,1,0
15,29,1,Z,000,E,0.00,0,1,0,0,1
15,30,1,Z,001,1:1,3.61,3,3,1,1,0
15,31,1,Z,000,E,1.41,1,1,0,1,0
15,32,1,Z,000,E,1.41,1,1,0,1,0
15,33,1,Z,010,1:-2,6.00,4,3,2,1,0
15,34,1,Z,000,E,2.83,2,1,0,1,0
15,35,1,Z,000,E,2.45,2,1,0,1,0
15,36,1,Z,100,1:1,3.00,2,3,1,1,0
15,37,1,Z,000,E,2.45,2,1,0,1,0
15,38,1,Z,000,E,2.45,2,1,0,1,0
15,39,1,Z,001,1:1,3.00,2,3,1,1,0
15,40,1,Z,000,E,2.83,2,1,0,1,0
15,41,1,Z,000,E,2.83,2,1,0,1,0
15,42,1,Z,010,1:-2,3.16,3,3,2,1,0
15,43,1,Z,000,E,1.41,1,1,0,1,0
15,44,1,Z,000,E,1.41,1,1,0,1,0
15,45,1,Z,101,1:2,3.16,3,3,2,1,0
15,46,1,Z,000,E,1.41,1,1,0,1,0
15,47,1,Z,000,E,2.45,2,1,0,1,0
15,48,1,Z,011,1:-1,1.00,1,3,1,0,1
15,49,1,Z,000,E,2.83,2,1,0,1,0
15,0,2,Z,101,2:2,4.90,4,5,4,1,0
15,1,2,Z,000,E,3.74,3,1,0,1,0
15,2,2,Z,000,E,5.10,4,1,0,1,0
15,3,2,Z,011,2:-1,2.00,2,5,2,1,0
15,4,2,Z,000,E,0.00,0,1,0,0,1
15,5,2,Z,000,E,4.90,4,1,0,1,0
15,6,2,Z,110,2:-1,3.16,3,5,2,1,0
15,7,2,Z,000,E,0.00,0,1,0,0,1
15,8,2,Z,000,E,2.83,2,1,0,1,0
15,9,2,Z,100,2:1,2.45,2,5,2,1,0
15,10,2,Z,000,E,2.45,2,1,0,1,0
15,11,2,Z,000,E,4.90,4,1,0,1,0
15,12,2,Z,001,2:1,3.16,3,5,2,1,0
15,13,2,Z,000,E,1.41,1,1,0,1,0
15,14,2,Z,000,E,1.41,1,1,0,1,0
15,15,2,Z,010,2:-2,3.16,3,5,4,1,0
15,16,2,Z,000,E,1.41,1,1,0,1,0
15,17,2,Z,000,E,1.41,1,1,0,1,0
15,18,2,Z,101,2:2,3.16,3,5,4,1,0
15,19,2,Z,000,E,0.00,0,1,0,0,1
15,20,2,Z,000,E,2.83,2,1,0,1,0
15,21,2,Z,011,2:-1,2.45,2,5,2,1,0
15,22,2,Z,000,E,3.74,3,1,0,1,0
15,23,2,Z,000,E,2.45,2,1,0,1,0
15,24,2,Z,110,2:-1,3.46,2,5,2,1,0
15,25,2,Z,000,E,3.74,3,1,0,1,0
15,26,2,Z,000,E,1.41,1,1,0,1,0
15,27,2,Z,100,2:1,2.00,2,5,2,1,0
15,28,2,Z,000,E,2.83,2,1,0,1,0
15,29,2,Z,000,E,2.83,2,1,0,1,0
15,30,2,Z,001,2:1,3.16,3,5,2,1,0
15,31,2,Z,000,E,1.41,1,1,0,1,0
15,32,2,Z,000,E,2.83,2,1,0,1,0
15,33,2,Z,010,2:-2,4.90,4,5,4,1,0
15,34,2,Z,000,E,2.83,2,1,0,1,0
15,35,2,Z,000,E,2.83,2,1,0,1,0
15,36,2,Z,100,2:1,2.45,2,5,2,1,0
15,37,2,Z,000,E,2.45,2,1,0,1,0
15,38,2,Z,000,E,3.74,3,1,0,1,0
15,39,2,Z,001,2:1,3.46,2,5,2,1,0
15,40,2,Z,000,E,2.83,2,1,0,1,0
15,41,2,Z,000,E,3.74,3,1,0,1,0
15,42,2,Z,010,2:-2,3.16,3,5,4,1,0
15,43,2,Z,000,E,1.41,1,1,0,1,0
15,44,2,Z,000,E,1.41,1,1,0,1,0
15,45,2,Z,101,2:2,3.16,3,5,4,1,0
15,46,2,Z,000,E,0.00,0,1,0,0,1
15,47,2,Z,000,E,2.45,2,1,0,1,0
15,48,2,Z,011,2:-1,2.00,2,5,2,1,0
15,49,2,Z,000,E,0.00,0,1,0,0,1
15,0,3,Z,101,3:2,4.47,4,5,4,1,0
15,1,3,Z,000,E,3.74,3,1,0,1,0
15,2,3,Z,000,E,2.45,2,1,0,1,0
15,3,3,Z,011,3:-1,2.24,2,5,2,1,0
15,4,3,Z,000,E,2.83,2,1,0,1,0
15,5,3,Z,000,E,2.83,2,1,0,1,0
15,6,3,Z,110,3:-1,3.32,3,5,2,1,0
15,7,3,Z,000,E,1.41,1,1,0,1,0
15,8,3,Z,000,E,0.00,0,1,0,0,1
15,9,3,Z,100,3:1,3.32,3,5,2,1,0
15,10,3,Z,000,E,2.83,2,1,0,1,0
15,11,3,Z,000,E,3.74,3,1,0,1,0
15,12,3,Z,001,3:1,3.32,3,5,2,1,0
15,13,3,Z,000,E,0.00,0,1,0,0,1
15,14,3,Z,000,E,1.41,1,1,0,1,0
15,15,3,Z,010,3:-2,3.74,3,5,4,1,0
15,16,3,Z,000,E,1.41,1,1,0,1,0
15,17,3,Z,000,E,1.41,1,1,0,1,0
15,18,3,Z,101,3:2,3.74,3,5,4,1,0
15,19,3,Z,000,E,1.41,1,1,0,1,0
15,20,3,Z,000,E,2.83,2,1,0,1,0
15,21,3,Z,011,3:-1,3.32,3,5,2,1,0
15,22,3,Z,000,E,1.41,1,1,0,1,0
15,23,3,Z,000,E,2.45,2,1,0,1,0
15,24,3,Z,110,3:-1,3.00,2,5,2,1,0
15,25,3,Z,000,E,1.41,1,1,0,1,0
15,26,3,Z,000,E,1.41,1,1,0,1,0
15,27,3,Z,100,3:1,2.24,2,5,2,1,0
15,28,3,Z,000,E,0.00,0,1,0,0,1
15,29,3,Z,000,E,2.83,2,1,0,1,0
15,30,3,Z,001,3:1,3.32,3,5,2,1,0
15,31,3,Z,000,E,1.41,1,1,0,1,0
15,32,3,Z,000,E,3.74,3,1,0,1,0
15,33,3,Z,010,3:-2,6.00,4,5,4,1,0
15,34,3,Z,000,E,2.45,2,1,0,1,0
15,35,3,Z,000,E,0.00,0,1,0,0,1
15,36,3,Z,100,3:1,3.32,3,5,2,1,0
15,37,3,Z,000,E,2.45,2,1,0,1,0
15,38,3,Z,000,E,1.41,1,1,0,1,0
15,39,3,Z,001,3:1,3.00,2,5,2,1,0
15,40,3,Z,000,E,2.83,2,1,0,1,0
15,41,3,Z,000,E,2.45,2,1,0,1,0
15,42,3,Z,010,3:-2,3.74,3,5,4,1,0
15,43,3,Z,000,E,1.41,1,1,0,1,0
15,44,3,Z,000,E,1.41,1,1,0,1,0
15,45,3,Z,101,3:2,3.74,3,5,4,1,0
15,46,3,Z,000,E,1.41,1,1,0,1,0
15,47,3,Z,000,E,1.41,1,1,0,1,0
15,48,3,Z,011,3:-1,2.24,2,5,2,1,0
15,49,3,Z,000,E,2.45,2,1,0,1,0
15,0,4,Z,101,4:2,4.90,4,3,4,1,0
15,1,4,Z,000,E,5.10,4,1,0,1,0
15,2,4,Z,000,E,1.41,1,1,0,1,0
15,3,4,Z,011,4:-1,2.83,2,3,2,1,0
15,4,4,Z,000,E,4.90,4,1,0,1,0
15,5,4,Z,000,E,2.83,2,1,0,1,0
15,6,4,Z,110,4:-1,3.74,3,3,2,1,0
15,7,4,Z,000,E,2.45,2,1,0,1,0
15,8,4,Z,000,E,2.83,2,1,0,1,0
15,9,4,Z,100,4:1,4.24,4,3,2,1,0
15,10,4,Z,000,E,2.83,2,1,0,1,0
15,11,4,Z,000,E,2.83,2,1,0,1,0
15,12,4,Z,001,4:1,3.74,3,3,2,1,0
15,13,4,Z,000,E,0.00,0,1,0,0,1
15,14,4,Z,000,E,1.41,1,1,0,1,0
15,15,4,Z,010,4:-2,5.10,4,3,4,1,0
15,16,4,Z,000,E,1.41,1,1,0,1,0
15,17,4,Z,000,E,1.41,1,1,0,1,0
15,18,4,Z,101,4:2,5.10,4,3,4,1,0
15,19,4,Z,000,E,2.83,2,1,0,1,0
15,20,4,Z,000,E,2.83,2,1,0,1,0
15,21,4,Z,011,4:-1,4.24,4,3,2,1,0
15,22,4,Z,000,E,2.45,2,1,0,1,0
15,23,4,Z,000,E,2.45,2,1,0,1,0
15,24,4,Z,110,4:-1,2.83,2,3,2,1,0
15,25,4,Z,000,E,0.00,0,1,0,0,1
15,26,4,Z,000,E,1.41,1,1,0,1,0
15,27,4,Z,100,4:1,2.83,2,3,2,1,0
15,28,4,Z,000,E,0.00,0,1,0,0,1
15,29,4,Z,000,E,2.83,2,1,0,1,0
15,30,4,Z,001,4:1,3.74,3,3,2,1,0
15,31,4,Z,000,E,1.41,1,1,0,1,0
15,32,4,Z,000,E,4.90,4,1,0,1,0
15,33,4,Z,010,4:-2,7.48,6,3,4,1,0
15,34,4,Z,000,E,2.45,2,1,0,1,0
15,35,4,Z,000,E,2.83,2,1,0,1,0
15,36,4,Z,100,4:1,4.24,4,3,2,1,0
15,37,4,Z,000,E,2.45,2,1,0,1,0
15,38,4,Z,000,E,2.45,2,1,0,1,0
15,39,4,Z,001,4:1,2.83,2,3,2,1,0
15,40,4,Z,000,E,2.83,2,1,0,1,0
15,41,4,Z,000,E,1.41,1,1,0,1,0
15,42,4,Z,010,4:-2,5.10,4,3,4,1,0
15,43,4,Z,000,E,1.41,1,1,0,1,0
15,44,4,Z,000,E,1.41,1,1,0,1,0
15,45,4,Z,101,4:2,5.10,4,3,4,1,0
15,46,4,Z,000,E,2.45,2,1,0,1,0
15,47,4,Z,000,E,1.41,1,1,0,1,0
15,48,4,Z,011,4:-1,2.83,2,3,2,1,0
15,49,4,Z,000,E,5.10,4,1,0,1,0
16,0,0,Z,101,2:1,3.46,2,5,2,1,0
16,1,0,Z,000,E,3.74,3,1,0,1,0
16,2,0,Z,000,E,4.90,4,1,0,1,0
16,3,0,Z,011,1:-2|2:1,1.41,1,7,1,0,1
16,4,0,Z,000,E,2.83,2,1,0,1,0
16,5,0,Z,000,E,5.10,4,1,0,1,0
16,6,0,Z,110,1:-2,3.16,3,3,2,1,0
16,7,0,Z,000,E,1.41,1,1,0,1,0
16,8,0,Z,000,E,2.45,2,1,0,1,0
16,9,0,Z,100,E,3.74,3,1,0,1,0
16,10,0,Z,000,E,2.45,2,1,0,1,0
16,11,0,Z,000,E,3.74,3,1,0,1,0
16,12,0,Z,001,2:1,4.47,4,5,2,1,0
16,13,0,Z,000,E,1.41,1,1,0,1,0
16,14,0,Z,000,E,1.41,1,1,0,1,0
16,15,0,Z,010,1:-2,2.00,2,3,2,0,1
16,16,0,Z,000,E,1.41,1,1,0,1,0
16,17,0,Z,000,E,2.83,2,1,0,1,0
16,18,0,Z,101,2:1,3.16,3,5,2,1,0
16,19,0,Z,000,E,0.00,0,1,0,0,1
16,20,0,Z,000,E,2.45,2,1,0,1,0
16,21,0,Z,011,1:-2|2:1,2.83,2,7,1,1,0
16,22,0,Z,000,E,2.45,2,1,0,1,0
16,23,0,Z,000,E,2.83,2,1,0,1,0
16,24,0,Z,110,1:-2,3.46,2,3,2,1,0
16,25,0,Z,000,E,2.83,2,1,0,1,0
16,26,0,Z,000,E,0.00,0,1,0,0,1
16,27,0,Z,100,E,0.00,0,1,0,0,1
16,28,0,Z,000,E,2.83,2,1,0,1,0
16,29,0,Z,000,E,1.41,1,1,0,1,0
16,30,0,Z,001,2:1,4.47,4,5,2,1,0
16,31,0,Z,000,E,1.41,1,1,0,1,0
16,32,0,Z,000,E,0.00,0,1,0,0,1
16,33,0,Z,010,1:-2,4.69,3,3,2,1,0
16,34,0,Z,000,E,2.83,2,1,0,1,0
16,35,0,Z,000,E,2.45,2,1,0,1,0
16,36,0,Z,100,E,3.74,3,1,0,1,0
16,37,0,Z,000,E,2.45,2,1,0,1,0
16,38,0,Z,000,E,2.83,2,1,0,1,0
16,39,0,Z,001,2:1,3.74,3,5,2,1,0
16,40,0,Z,000,E,2.83,2,1,0,1,0
16,41,0,Z,000,E,2.45,2,1,0,1,0
16,42,0,Z,010,1:-2,2.00,2,3,2,0,1
16,43,0,Z,000,E,1.41,1,1,0,1,0
16,44,0,Z,000,E,2.83,2,1,0,1,0
16,45,0,Z,101,2:1,3.16,3,5,2,1,0
16,46,0,Z,000,E,0.00,0,1,0,0,1
16,47,0,Z,000,E,2.83,2,1,0,1,0
16,48,0,Z,011,1:-2|2:1,1.41,1,7,1,0,1
16,49,0,Z,000,E,2.83,2,1,0,1,0
16,0,1,Z,101,1:1|3:1,4.90,4,10,3,1,0
16,1,1,Z,000,E,4.24,3,1,0,1,0
16,2,1,Z,000,E,5.10,4,1,0,1,0
16,3,1,Z,011,2:-2|3:1,1.00,1,10,2,0,1
16,4,1,Z,000,E,0.00,0,1,0,0,1
16,5,1,Z,000,E,3.74,3,1,0,1,0
16,6,1,Z,110,1:1|2:-2,3.32,3,8,3,1,0
16,7,1,Z,000,E,1.41,1,1,0,1,0
16,8,1,Z,000,E,2.83,2,1,0,1,0
16,9,1,Z,100,1:1,1.73,1,3,1,1,0
16,10,1,Z,000,E,2.83,2,1,0,1,0
16,11,1,Z,000,E,4.90,4,1,0,1,0
16,12,1,Z,001,3:1,3.00,3,5,2,1,0
16,13,1,Z,000,E,2.83,2,1,0,1,0
16,14,1,Z,000,E,0.00,0,1,0,0,1
16,15,1,Z,010,2:-2,3.16,3,5,4,1,0
16,16,1,Z,000,E,2.83,2,1,0,1,0
16,17,1,Z,000,E,1.41,1,1,0,1,0
16,18,1,Z,101,1:1|3:1,3.16,3,10,3,0,1
16,19,1,Z,000,E,1.41,1,1,0,1,0
16,20,1,Z,000,E,2.83,2,1,0,1,0
16,21,1,Z,011,2:-2|3:1,3.00,2,10,2,1,0
16,22,1,Z,000,E,2.83,2,1,0,1,0
16,23,1,Z,000,E,2.45,2,1,0,1,0
16,24,1,Z,110,1:1|2:-2,3.00,2,8,3,1,0
16,25,1,Z,000,E,2.83,2,1,0,1,0
16,26,1,Z,000,E,1.41,1,1,0,1,0
16,27,1,Z,100,1:1,2.24,2,3,1,1,0
16,28,1,Z,000,E,1.41,1,1,0,1,0
16,29,1,Z,000,E,2.83,2,1,0,1,0
16,30,1,Z,001,3:1,3.00,3,5,2,1,0
16,31,1,Z,000,E,1.41,1,1,0,1,0
16,32,1,Z,000,E,2.45,2,1,0,1,0
16,33,1,Z,010,2:-2,5.83,4,5,4,1,0
16,34,1,Z,000,E,2.83,2,1,0,1,0
16,35,1,Z,000,E,2.83,2,1,0,1,0
16,36,1,Z,100,1:1,1.73,1,3,1,1,0
16,37,1,Z,000,E,2.45,2,1,0,1,0
16,38,1,Z,000,E,2.45,2,1,0,1,0
16,39,1,Z,001,3:1,4.12,3,5,2,1,0
16,40,1,Z,000,E,2.83,2,1,0,1,0
16,41,1,Z,000,E,4.24,3,1,0,1,0
16,42,1,Z,010,2:-2,3.16,3,5,4,1,0
16,43,1,Z,000,E,1.41,1,1,0,1,0
16,44,1,Z,000,E,1.41,1,1,0,1,0
16,45,1,Z,101,1:1|3:1,3.16,3,10,3,0,1
16,46,1,Z,000,E,1.41,1,1,0,1,0
16,47,1,Z,000,E,2.45,2,1,0,1,0
16,48,1,Z,011,2:-2|3:1,1.00,1,10,2,0,1
16,49,1,Z,000,E,1.41,1,1,0,1,0
16,0,2,Z,101,2:1|4:1,4.47,4,10,4,1,0
16,1,2,Z,000,E,5.10,4,1,0,1,0
16,2,2,Z,000,E,2.45,2,1,0,1,0
16,3,2,Z,011,3:-2|4:1,2.00,2,8,2,1,0
16,4,2,Z,000,E,2.45,2,1,0,1,0
16,5,2,Z,000,E,2.83,2,1,0,1,0
16,6,2,Z,110,2:1|3:-2,3.74,3,10,3,1,0
16,7,2,Z,000,E,1.41,1,1,0,1,0
16,8,2,Z,000,E,0.00,0,1,0,0,1
16,9,2,Z,100,2:1,2.45,2,5,2,1,0
16,10,2,Z,000,E,3.74,3,1,0,1,0
16,11,2,Z,000,E,4.90,4,1,0,1,0
16,12,2,Z,001,4:1,3.74,3,3,2,1,0
16,13,2,Z,000,E,1.41,1,1,0,1,0
16,14,2,Z,000,E,1.41,1,1,0,1,0
16,15,2,Z,010,3:-2,3.74,3,5,4,1,0
16,16,2,Z,000,E,1.41,1,1,0,1,0
16,17,2,Z,000,E,1.41,1,1,0,1,0
16,18,2,Z,101,2:1|4:1,3.74,3,10,4,0,1
16,19,2,Z,000,E,2.83,2,1,0,1,0
16,20,2,Z,000,E,2.83,2,1,0,1,0
16,21,2,Z,011,3:-2|4:1,2.45,2,8,2,0,1
16,22,2,Z,000,E,1.41,1,1,0,1,0
16,23,2,Z,000,E,2.45,2,1,0,1,0
16,24,2,Z,110,2:1|3:-2,2.83,2,10,3,0,1
16,25,2,Z,000,E,2.83,2,1,0,1,0
16,26,2,Z,000,E,1.41,1,1,0,1,0
16,27,2,Z,100,2:1,2.00,2,5,2,1,0
16,28,2,Z,000,E,0.00,0,1,0,0,1
16,29,2,Z,000,E,2.83,2,1,0,1,0
16,30,2,Z,001,4:1,3.74,3,3,2,1,0
16,31,2,Z,000,E,0.00,0,1,0,0,1
16,32,2,Z,000,E,4.90,4,1,0,1,0
16,33,2,Z,010,3:-2,6.00,4,5,4,1,0
16,34,2,Z,000,E,2.45,2,1,0,1,0
16,35,2,Z,000,E,0.00,0,1,0,0,1
16,36,2,Z,100,2:1,2.45,2,5,2,1,0
16,37,2,Z,000,E,2.83,2,1,0,1,0
16,38,2,Z,000,E,1.41,1,1,0,1,0
16,39,2,Z,001,4:1,2.83,2,3,2,1,0
16,40,2,Z,000,E,2.45,2,1,0,1,0
16,41,2,Z,000,E,3.74,3,1,0,1,0
16,42,2,Z,010,3:-2,3.74,3,5,4,1,0
16,43,2,Z,000,E,2.83,2,1,0,1,0
16,44,2,Z,000,E,1.41,1,1,0,1,0
16,45,2,Z,101,2:1|4:1,3.74,3,10,4,0,1
16,46,2,Z,000,E,2.83,2,1,0,1,0
16,47,2,Z,000,E,1.41,1,1,0,1,0
16,48,2,Z,011,3:-2|4:1,2.00,2,8,2,1,0
16,49,2,Z,000,E,2.83,2,1,0,1,0
16,0,3,P,100,3:1,3.00,3,5,2,1,0
16,1,3,P,000,E,6.48,5,1,0,1,0
16,2,3,P,001,E,1.41,1,1,0,1,0
16,3,3,P,010,4:-2,4.69,3,3,4,1,0
16,4,3,P,000,E,3.74,3,1,0,1,0
16,5,3,P,000,E,2.83,2,1,0,1,0
16,6,3,P,110,3:1|4:-2,3.61,3,7,3,0,1
16,7,3,P,000,E,2.45,2,1,0,1,0
16,8,3,P,000,E,1.41,1,1,0,1,0
16,9,3,P,100,3:1,4.58,4,5,2,1,0
16,10,3,P,000,E,1.41,1,1,0,1,0
16,11,3,P,001,E,2.83,2,1,0,1,0
16,12,3,P,000,E,2.45,2,1,0,1,0
16,13,3,P,000,E,1.41,1,1,0,1,0
16,14,3,P,000,E,2.45,2,1,0,1,0
16,15,3,P,010,4:-2,4.69,3,3,4,1,0
16,16,3,P,000,E,1.41,1,1,0,1,0
16,17,3,P,001,E,1.41,1,1,0,1,0
16,18,3,P,100,3:1,2.24,2,5,2,0,1
16,19,3,P,000,E,4.24,3,1,0,1,0
16,20,3,P,001,E,4.24,3,1,0,1,0
16,21,3,P,010,4:-2,5.83,5,3,4,1,0
16,22,3,P,000,E,1.41,1,1,0,1,0
16,23,3,P,000,E,1.41,1,1,0,1,0
16,24,3,P,110,3:1|4:-2,3.61,3,7,3,1,0
16,25,3,P,000,E,0.00,0,1,0,0,1
16,26,3,P,000,E,2.45,2,1,0,1,0
16,27,3,P,100,3:1,2.24,2,5,2,0,1
16,28,3,P,000,E,1.41,1,1,0,1,0
16,29,3,P,001,E,2.45,2,1,0,1,0
16,30,3,P,000,E,2.45,2,1,0,1,0
16,31,3,P,000,E,2.45,2,1,0,1,0
16,32,3,P,000,E,6.16,5,1,0,1,0
16,33,3,P,010,4:-2,6.48,5,3,4,1,0
16,34,3,P,000,E,3.74,3,1,0,1,0
16,35,3,P,000,E,1.41,1,1,0,1,0
16,36,3,P,100,3:1,4.58,4,5,2,1,0
16,37,3,P,000,E,1.41,1,1,0,1,0
16,38,3,P,001,E,2.45,2,1,0,1,0
16,39,3,P,000,E,1.41,1,1,0,1,0
16,40,3,P,000,E,4.24,3,1,0,1,0
16,41,3,P,000,E,2.45,2,1,0,1,0
16,42,3,P,010,4:-2,4.69,3,3,4,1,0
16,43,3,P,000,E,1.41,1,1,0,1,0
16,44,3,P,001,E,1.41,1,1,0,1,0
16,45,3,P,100,3:1,2.24,2,5,2,0,1
16,46,3,P,000,E,3.74,3,1,0,1,0
16,47,3,P,001,E,1.41,1,1,0,1,0
16,48,3,P,010,4:-2,4.69,3,3,4,1,0
16,49,3,P,000,E,3.74,3,1,0,1,0
16,0,4,M,100,4:1,5.10,5,3,2,1,0
16,1,4,M,000,E,4.24,3,1,0,1,0
16,2,4,M,011,1:1,1.73,1,3,1,1,0
16,3,4,M,000,E,1.41,1,1,0,1,0
16,4,4,M,000,E,6.16,5,1,0,1,0
16,5,4,M,010,E,3.74,3,1,0,1,0
16,6,4,M,100,4:1,2.83,2,3,2,1,0
16,7,4,M,000,E,1.41,1,1,0,1,0
16,8,4,M,000,E,3.74,3,1,0,1,0
16,9,4,M,100,4:1,4.00,4,3,2,1,0
16,10,4,M,000,E,3.74,3,1,0,1,0
16,11,4,M,001,1:1,3.00,2,3,1,1,0
16,12,4,M,000,E,0.00,0,1,0,0,1
16,13,4,M,000,E,1.41,1,1,0,1,0
16,14,4,M,010,E,2.45,2,1,0,1,0
16,15,4,M,000,E,0.00,0,1,0,0,1
16,16,4,M,000,E,1.41,1,1,0,1,0
16,17,4,M,001,1:1,1.73,1,3,1,1,0
16,18,4,M,100,4:1,2.83,2,3,2,1,0
16,19,4,M,000,E,2.45,2,1,0,1,0
16,20,4,M,011,1:1,2.24,2,3,1,1,0
16,21,4,M,000,E,2.83,2,1,0,1,0
16,22,4,M,000,E,3.74,3,1,0,1,0
16,23,4,M,010,E,3.74,3,1,0,1,0
16,24,4,M,100,4:1,4.24,4,3,2,1,0
16,25,4,M,000,E,1.41,1,1,0,1,0
16,26,4,M,000,E,2.45,2,1,0,1,0
16,27,4,M,100,4:1,3.74,3,3,2,1,0
16,28,4,M,000,E,1.41,1,1,0,1,0
16,29,4,M,001,1:1,3.00,2,3,1,1,0
16,30,4,M,000,E,0.00,0,1,0,0,1
16,31,4,M,000,E,2.45,2,1,0,1,0
16,32,4,M,010,E,5.10,4,1,0,1,0
16,33,4,M,000,E,3.74,3,1,0,1,0
16,34,4,M,000,E,1.41,1,1,0,1,0
16,35,4,M,000,E,3.74,3,1,0,1,0
16,36,4,M,100,4:1,4.00,4,3,2,1,0
16,37,4,M,000,E,3.74,3,1,0,1,0
16,38,4,M,001,1:1,1.73,1,3,1,1,0
16,39,4,M,000,E,3.74,3,1,0,1,0
16,40,4,M,000,E,2.45,2,1,0,1,0
16,41,4,M,010,E,2.45,2,1,0,1,0
16,42,4,M,000,E,0.00,0,1,0,0,1
16,43,4,M,000,E,1.41,1,1,0,1,0
16,44,4,M,001,1:1,1.73,1,3,1,1,0
16,45,4,M,100,4:1,2.83,2,3,2,1,0
16,46,4,M,000,E,1.41,1,1,0,1,0
16,47,4,M,011,1:1,1.73,1,3,1,1,0
16,48,4,M,000,E,1.41,1,1,0,1,0
16,49,4,M,000,E,6.16,5,1,0,1,0
17,0,0,Z,101,4:1,4.90,4,3,2,1,0
17,1,0,Z,000,E,5.10,4,1,0,1,0
17,2,0,Z,000,E,4.90,4,1,0,1,0
17,3,0,Z,011,2:-2|4:1,1.41,1,11,2,0,1
17,4,0,Z,000,E,1.41,1,1,0,1,0
17,5,0,Z,000,E,2.45,2,1,0,1,0
17,6,0,Z,110,2:-2,3.74,3,5,4,1,0
17,7,0,Z,000,E,0.00,0,1,0,0,1
17,8,0,Z,000,E,2.45,2,1,0,1,0
17,9,0,Z,100,E,1.41,1,1,0,1,0
17,10,0,Z,000,E,3.74,3,1,0,1,0
17,11,0,Z,000,E,6.16,5,1,0,1,0
17,12,0,Z,001,4:1,4.00,4,3,2,1,0
17,13,0,Z,000,E,4.24,3,1,0,1,0
17,14,0,Z,000,E,1.41,1,1,0,1,0
17,15,0,Z,010,2:-2,2.83,2,5,4,0,1
17,16,0,Z,000,E,4.24,3,1,0,1,0
17,17,0,Z,000,E,2.83,2,1,0,1,0
17,18,0,Z,101,4:1,3.16,3,3,2,1,0
17,19,0,Z,000,E,2.83,2,1,0,1,0
17,20,0,Z,000,E,2.45,2,1,0,1,0
17,21,0,Z,011,2:-2|4:1,2.83,2,11,2,1,0
17,22,0,Z,000,E,2.45,2,1,0,1,0
17,23,0,Z,000,E,2.83,2,1,0,1,0
17,24,0,Z,110,2:-2,2.83,2,5,4,0,1
17,25,0,Z,000,E,3.74,3,1,0,1,0
17,26,0,Z,000,E,0.00,0,1,0,0,1
17,27,0,Z,100,E,2.83,2,1,0,1,0
17,28,0,Z,000,E,0.00,0,1,0,0,1
17,29,0,Z,000,E,4.24,3,1,0,1,0
17,30,0,Z,001,4:1,4.00,4,3,2,1,0
17,31,0,Z,000,E,2.83,2,1,0,1,0
17,32,0,Z,000,E,2.83,2,1,0,1,0
17,33,0,Z,010,2:-2,5.83,4,5,4,1,0
17,34,0,Z,000,E,2.45,2,1,0,1,0
17,35,0,Z,000,E,2.45,2,1,0,1,0
17,36,0,Z,100,E,1.41,1,1,0,1,0
17,37,0,Z,000,E,2.83,2,1,0,1,0
17,38,0,Z,000,E,2.83,2,1,0,1,0
17,39,0,Z,001,4:1,4.69,3,3,2,1,0
17,40,0,Z,000,E,2.45,2,1,0,1,0
17,41,0,Z,000,E,5.10,4,1,0,1,0
17,42,0,Z,010,2:-2,2.83,2,5,4,0,1
17,43,0,Z,000,E,2.83,2,1,0,1,0
17,44,0,Z,000,E,2.83,2,1,0,1,0
17,45,0,Z,101,4:1,3.16,3,3,2,1,0
17,46,0,Z,000,E,2.83,2,1,0,1,0
17,47,0,Z,000,E,2.83,2,1,0,1,0
17,48,0,Z,011,2:-2|4:1,1.41,1,11,2,0,1
17,49,0,Z,000,E,2.83,2,1,0,1,0
17,0,1,P,100,1:1,3.61,3,3,1,1,0
17,1,1,P,000,E,6.16,5,1,0,1,0
17,2,1,P,001,E,3.74,3,1,0,1,0
17,3,1,P,010,3:-2,3.46,2,5,4,0,1
17,4,1,P,000,E,1.41,1,1,0,1,0
17,5,1,P,000,E,2.45,2,1,0,1,0
17,6,1,P,110,1:1|3:-2,3.61,3,11,4,0,1
17,7,1,P,000,E,1.41,1,1,0,1,0
17,8,1,P,000,E,1.41,1,1,0,1,0
17,9,1,P,100,1:1,3.00,2,3,1,1,0
17,10,1,P,000,E,3.74,3,1,0,1,0
17,11,1,P,001,E,3.74,3,1,0,1,0
17,12,1,P,000,E,1.41,1,1,0,1,0
17,13,1,P,000,E,2.45,2,1,0,1,0
17,14,1,P,000,E,1.41,1,1,0,1,0
17,15,1,P,010,3:-2,3.74,3,5,4,1,0
17,16,1,P,000,E,2.45,2,1,0,1,0
17,17,1,P,001,E,1.41,1,1,0,1,0
17,18,1,P,100,1:1,1.00,1,3,1,0,1
17,19,1,P,000,E,3.74,3,1,0,1,0
17,20,1,P,001,E,4.24,3,1,0,1,0
17,21,1,P,010,3:-2,5.10,4,5,4,1,0
17,22,1,P,000,E,1.41,1,1,0,1,0
17,23,1,P,000,E,1.41,1,1,0,1,0
17,24,1,P,110,1:1|3:-2,3.61,3,11,4,1,0
17,25,1,P,000,E,1.41,1,1,0,1,0
17,26,1,P,000,E,2.45,2,1,0,1,0
17,27,1,P,100,1:1,1.00,1,3,1,0,1
17,28,1,P,000,E,1.41,1,1,0,1,0
17,29,1,P,001,E,2.45,2,1,0,1,0
17,30,1,P,000,E,1.41,1,1,0,1,0
17,31,1,P,000,E,1.41,1,1,0,1,0
17,32,1,P,000,E,5.10,4,1,0,1,0
17,33,1,P,010,3:-2,6.00,4,5,4,1,0
17,34,1,P,000,E,3.74,3,1,0,1,0
17,35,1,P,000,E,1.41,1,1,0,1,0
17,36,1,P,100,1:1,3.00,2,3,1,1,0
17,37,1,P,000,E,2.45,2,1,0,1,0
17,38,1,P,001,E,1.41,1,1,0,1,0
17,39,1,P,000,E,2.83,2,1,0,1,0
17,40,1,P,000,E,3.74,3,1,0,1,0
17,41,1,P,000,E,4.24,3,1,0,1,0
17,42,1,P,010,3:-2,3.74,3,5,4,1,0
17,43,1,P,000,E,3.74,3,1,0,1,0
17,44,1,P,001,E,1.41,1,1,0,1,0
17,45,1,P,100,1:1,1.00,1,3,1,0,1
17,46,1,P,000,E,4.24,3,1,0,1,0
17,47,1,P,001,E,1.41,1,1,0,1,0
17,48,1,P,010,3:-2,3.46,2,5,4,0,1
17,49,1,P,000,E,2.45,2,1,0,1,0
17,0,2,P,100,2:1,3.16,3,5,2,1,0
17,1,2,P,000,E,7.07,5,1,0,1,0
17,2,2,P,001,1:1,1.73,1,3,1,1,0
17,3,2,P,010,4:-2,4.69,3,3,4,1,0
17,4,2,P,000,E,3.74,3,1,0,1,0
17,5,2,P,000,E,3.74,3,1,0,1,0
17,6,2,P,110,2:1|4:-2,4.47,4,10,4,0,1
17,7,2,P,000,E,1.41,1,1,0,1,0
17,8,2,P,000,E,1.41,1,1,0,1,0
17,9,2,P,100,2:1,4.47,4,5,2,1,0
17,10,2,P,000,E,1.41,1,1,0,1,0
17,11,2,P,001,1:1,3.00,2,3,1,1,0
17,12,2,P,000,E,2.83,2,1,0,1,0
17,13,2,P,000,E,1.41,1,1,0,1,0
17,14,2,P,000,E,3.74,3,1,0,1,0
17,15,2,P,010,4:-2,4.90,4,3,4,0,1
17,16,2,P,000,E,1.41,1,1,0,1,0
17,17,2,P,001,1:1,1.73,1,3,1,1,0
17,18,2,P,100,2:1,2.00,2,5,2,0,1
17,19,2,P,000,E,5.10,4,1,0,1,0
17,20,2,P,001,1:1,5.00,4,3,1,1,0
17,21,2,P,010,4:-2,5.66,4,3,4,0,1
17,22,2,P,000,E,2.45,2,1,0,1,0
17,23,2,P,000,E,2.45,2,1,0,1,0
17,24,2,P,110,2:1|4:-2,4.24,3,10,4,1,0
17,25,2,P,000,E,1.41,1,1,0,1,0
17,26,2,P,000,E,3.74,3,1,0,1,0
17,27,2,P,100,2:1,2.45,2,5,2,1,0
17,28,2,P,000,E,2.45,2,1,0,1,0
17,29,2,P,001,1:1,2.24,2,3,1,1,0
17,30,2,P,000,E,2.83,2,1,0,1,0
17,31,2,P,000,E,2.45,2,1,0,1,0
17,32,2,P,000,E,7.35,6,1,0,1,0
17,33,2,P,010,4:-2,6.48,5,3,4,1,0
17,34,2,P,000,E,4.24,3,1,0,1,0
17,35,2,P,000,E,1.41,1,1,0,1,0
17,36,2,P,100,2:1,4.47,4,5,2,1,0
17,37,2,P,000,E,1.41,1,1,0,1,0
17,38,2,P,001,1:1,1.73,1,3,1,1,0
17,39,2,P,000,E,1.41,1,1,0,1,0
17,40,2,P,000,E,4.24,3,1,0,1,0
17,41,2,P,000,E,3.74,3,1,0,1,0
17,42,2,P,010,4:-2,4.90,4,3,4,0,1
17,43,2,P,000,E,1.41,1,1,0,1,0
17,44,2,P,001,1:1,1.73,1,3,1,1,0
17,45,2,P,100,2:1,2.00,2,5,2,0,1
17,46,2,P,000,E,3.74,3,1,0,1,0
17,47,2,P,001,1:1,1.73,1,3,1,1,0
17,48,2,P,010,4:-2,4.69,3,3,4,1,0
17,49,2,P,000,E,3.74,3,1,0,1,0
17,0,3,M,100,3:1,4.12,4,5,2,1,0
17,1,3,M,000,E,4.24,3,1,0,1,0
17,2,3,M,011,2:1,1.41,1,5,2,0,1
17,3,3,M,000,E,1.41,1,1,0,1,0
17,4,3,M,000,E,6.16,5,1,0,1,0
17,5,3,M,010,E,3.74,3,1,0,1,0
17,6,3,M,100,3:1,3.00,2,5,2,1,0
17,7,3,M,000,E,1.41,1,1,0,1,0
17,8,3,M,000,E,3.74,3,1,0,1,0
17,9,3,M,100,3:1,4.12,4,5,2,1,0
17,10,3,M,000,E,3.74,3,1,0,1,0
17,11,3,M,001,2:1,3.46,2,5,2,1,0
17,12,3,M,000,E,1.41,1,1,0,1,0
17,13,3,M,000,E,1.41,1,1,0,1,0
17,14,3,M,010,E,2.45,2,1,0,1,0
17,15,3,M,000,E,1.41,1,1,0,1,0
17,16,3,M,000,E,1.41,1,1,0,1,0
17,17,3,M,001,2:1,1.41,1,5,2,0,1
17,18,3,M,100,3:1,2.24,2,5,2,0,1
17,19,3,M,000,E,2.45,2,1,0,1,0
17,20,3,M,011,2:1,3.16,3,5,2,1,0
17,21,3,M,000,E,2.45,2,1,0,1,0
17,22,3,M,000,E,3.74,3,1,0,1,0
17,23,3,M,010,E,3.74,3,1,0,1,0
17,24,3,M,100,3:1,4.12,4,5,2,1,0
17,25,3,M,000,E,2.83,2,1,0,1,0
17,26,3,M,000,E,2.45,2,1,0,1,0
17,27,3,M,100,3:1,4.12,3,5,2,1,0
17,28,3,M,000,E,1.41,1,1,0,1,0
17,29,3,M,001,2:1,2.45,2,5,2,1,0
17,30,3,M,000,E,1.41,1,1,0,1,0
17,31,3,M,000,E,2.45,2,1,0,1,0
17,32,3,M,010,E,5.10,4,1,0,1,0
17,33,3,M,000,E,3.74,3,1,0,1,0
17,34,3,M,000,E,2.45,2,1,0,1,0
17,35,3,M,000,E,3.74,3,1,0,1,0
17,36,3,M,100,3:1,4.12,4,5,2,1,0
17,37,3,M,000,E,3.74,3,1,0,1,0
17,38,3,M,001,2:1,1.41,1,5,2,0,1
17,39,3,M,000,E,3.74,3,1,0,1,0
17,40,3,M,000,E,2.45,2,1,0,1,0
17,41,3,M,010,E,2.45,2,1,0,1,0
17,42,3,M,000,E,1.41,1,1,0,1,0
17,43,3,M,000,E,1.41,1,1,0,1,0
17,44,3,M,001,2:1,2.45,2,5,2,1,0
17,45,3,M,100,3:1,2.24,2,5,2,0,1
17,46,3,M,000,E,1.41,1,1,0,1,0
17,47,3,M,011,2:1,2.45,2,5,2,1,0
17,48,3,M,000,E,1.41,1,1,0,1,0
17,49,3,M,000,E,6.16,5,1,0,1,0
17,0,4,M,100,4:1,4.24,4,3,2,1,0
17,1,4,M,000,E,3.74,3,1,0,1,0
17,2,4,M,011,1:-2|3:1,1.73,1,10,2,0,1
17,3,4,M,000,E,1.41,1,1,0,1,0
17,4,4,M,000,E,5.10,4,1,0,1,0
17,5,4,M,010,1:-2,3.16,3,3,2,1,0
17,6,4,M,100,4:1,2.83,2,3,2,1,0
17,7,4,M,000,E,1.41,1,1,0,1,0
17,8,4,M,000,E,3.74,3,1,0,1,0
17,9,4,M,100,4:1,4.24,4,3,2,1,0
17,10,4,M,000,E,5.10,4,1,0,1,0
17,11,4,M,001,3:1,4.58,4,5,2,1,0
17,12,4,M,000,E,1.41,1,1,0,1,0
17,13,4,M,000,E,2.45,2,1,0,1,0
17,14,4,M,010,1:-2,2.00,2,3,2,0,1
17,15,4,M,000,E,1.41,1,1,0,1,0
17,16,4,M,000,E,3.74,3,1,0,1,0
17,17,4,M,001,3:1,3.32,3,5,2,1,0
17,18,4,M,100,4:1,2.45,2,3,2,0,1
17,19,4,M,000,E,1.41,1,1,0,1,0
17,20,4,M,011,1:-2|3:1,2.24,2,10,2,1,0
17,21,4,M,000,E,2.45,2,1,0,1,0
17,22,4,M,000,E,4.24,3,1,0,1,0
17,23,4,M,010,1:-2,3.46,2,3,2,1,0
17,24,4,M,100,4:1,4.24,4,3,2,1,0
17,25,4,M,000,E,1.41,1,1,0,1,0
17,26,4,M,000,E,0.00,0,1,0,0,1
17,27,4,M,100,4:1,2.83,2,3,2,1,0
17,28,4,M,000,E,2.45,2,1,0,1,0
17,29,4,M,001,3:1,4.58,4,5,2,1,0
17,30,4,M,000,E,0.00,0,1,0,0,1
17,31,4,M,000,E,0.00,0,1,0,0,1
17,32,4,M,010,1:-2,4.69,3,3,2,1,0
17,33,4,M,000,E,3.74,3,1,0,1,0
17,34,4,M,000,E,1.41,1,1,0,1,0
17,35,4,M,000,E,3.74,3,1,0,1,0
17,36,4,M,100,4:1,4.00,4,3,2,1,0
17,37,4,M,000,E,2.83,2,1,0,1,0
17,38,4,M,001,3:1,3.32,3,5,2,1,0
17,39,4,M,000,E,3.74,3,1,0,1,0
17,40,4,M,000,E,2.45,2,1,0,1,0
17,41,4,M,010,1:-2,2.00,2,3,2,0,1
17,42,4,M,000,E,0.00,0,1,0,0,1
17,43,4,M,000,E,2.83,2,1,0,1,0
17,44,4,M,001,3:1,3.32,3,5,2,1,0
17,45,4,M,100,4:1,2.45,2,3,2,0,1
17,46,4,M,000,E,2.45,2,1,0,1,0
17,47,4,M,011,1:-2|3:1,1.73,1,10,2,0,1
17,48,4,M,000,E,2.83,2,1,0,1,0
17,49,4,M,000,E,7.07,5,1,0,1,0
18,0,0,P,100,E,3.74,3,1,0,1,0
18,1,0,P,000,E,6.16,5,1,0,1,0
18,2,0,P,001,1:1,4.12,3,3,1,1,0
18,3,0,P,010,3:-2,3.46,2,5,4,0,1
18,4,0,P,000,E,1.41,1,1,0,1,0
18,5,0,P,000,E,2.45,2,1,0,1,0
18,6,0,P,110,3:-2,4.47,4,5,4,0,1
18,7,0,P,000,E,1.41,1,1,0,1,0
18,8,0,P,000,E,1.41,1,1,0,1,0
18,9,0,P,100,E,2.83,2,1,0,1,0
18,10,0,P,000,E,3.74,3,1,0,1,0
18,11,0,P,001,1:1,4.36,3,3,1,1,0
18,12,0,P,000,E,1.41,1,1,0,1,0
18,13,0,P,000,E,2.45,2,1,0,1,0
18,14,0,P,000,E,1.41,1,1,0,1,0
18,15,0,P,010,3:-2,3.74,3,5,4,1,0
18,16,0,P,000,E,2.45,2,1,0,1,0
18,17,0,P,001,1:1,2.24,2,3,1,1,0
18,18,0,P,100,E,0.00,0,1,0,0,1
18,19,0,P,000,E,3.74,3,1,0,1,0
18,20,0,P,001,1:1,4.36,3,3,1,1,0
18,21,0,P,010,3:-2,5.10,4,5,4,1,0
18,22,0,P,000,E,1.41,1,1,0,1,0
18,23,0,P,000,E,1.41,1,1,0,1,0
18,24,0,P,110,3:-2,4.24,3,5,4,1,0
18,25,0,P,000,E,1.41,1,1,0,1,0
18,26,0,P,000,E,2.45,2,1,0,1,0
18,27,0,P,100,E,1.41,1,1,0,1,0
18,28,0,P,000,E,1.41,1,1,0,1,0
18,29,0,P,001,1:1,3.32,3,3,1,1,0
18,30,0,P,000,E,1.41,1,1,0,1,0
18,31,0,P,000,E,1.41,1,1,0,1,0
18,32,0,P,000,E,5.10,4,1,0,1,0
18,33,0,P,010,3:-2,6.00,4,5,4,1,0
18,34,0,P,000,E,3.74,3,1,0,1,0
18,35,0,P,000,E,1.41,1,1,0,1,0
18,36,0,P,100,E,2.83,2,1,0,1,0
18,37,0,P,000,E,2.45,2,1,0,1,0
18,38,0,P,001,1:1,2.24,2,3,1,1,0
18,39,0,P,000,E,2.83,2,1,0,1,0
18,40,0,P,000,E,3.74,3,1,0,1,0
18,41,0,P,000,E,4.24,3,1,0,1,0
18,42,0,P,010,3:-2,3.74,3,5,4,1,0
18,43,0,P,000,E,3.74,3,1,0,1,0
18,44,0,P,001,1:1,2.24,2,3,1,1,0
18,45,0,P,100,E,0.00,0,1,0,0,1
18,46,0,P,000,E,4.24,3,1,0,1,0
18,47,0,P,001,1:1,2.24,2,3,1,1,0
18,48,0,P,010,3:-2,3.46,2,5,4,0,1
18,49,0,P,000,E,2.45,2,1,0,1,0
18,0,1,P,100,1:1,2.24,2,3,1,1,0
18,1,1,P,000,E,6.48,5,1,0,1,0
18,2,1,P,001,2:1,2.45,2,5,2,1,0
18,3,1,P,010,4:-2,4.90,4,3,4,0,1
18,4,1,P,000,E,3.74,3,1,0,1,0
18,5,1,P,000,E,3.74,3,1,0,1,0
18,6,1,P,110,1:1|4:-2,5.39,5,8,4,1,0
18,7,1,P,000,E,2.45,2,1,0,1,0
18,8,1,P,000,E,1.41,1,1,0,1,0
18,9,1,P,100,1:1,4.58,4,3,1,1,0
18,10,1,P,000,E,2.45,2,1,0,1,0
18,11,1,P,001,2:1,2.45,2,5,2,1,0
18,12,1,P,000,E,2.45,2,1,0,1,0
18,13,1,P,000,E,1.41,1,1,0,1,0
18,14,1,P,000,E,2.45,2,1,0,1,0
18,15,1,P,010,4:-2,5.48,5,3,4,1,0
18,16,1,P,000,E,1.41,1,1,0,1,0
18,17,1,P,001,2:1,2.45,2,5,2,1,0
18,18,1,P,100,1:1,2.24,2,3,1,1,0
18,19,1,P,000,E,4.24,3,1,0,1,0
18,20,1,P,001,2:1,5.83,5,5,2,1,0
18,21,1,P,010,4:-2,6.48,5,3,4,1,0
18,22,1,P,000,E,1.41,1,1,0,1,0
18,23,1,P,000,E,2.45,2,1,0,1,0
18,24,1,P,110,1:1|4:-2,5.00,4,8,4,1,0
18,25,1,P,000,E,2.45,2,1,0,1,0
18,26,1,P,000,E,3.74,3,1,0,1,0
18,27,1,P,100,1:1,3.00,2,3,1,1,0
18,28,1,P,000,E,1.41,1,1,0,1,0
18,29,1,P,001,2:1,2.45,2,5,2,1,0
18,30,1,P,000,E,2.45,2,1,0,1,0
18,31,1,P,000,E,1.41,1,1,0,1,0
18,32,1,P,000,E,6.16,5,1,0,1,0
18,33,1,P,010,4:-2,7.48,6,3,4,1,0
18,34,1,P,000,E,4.24,3,1,0,1,0
18,35,1,P,000,E,1.41,1,1,0,1,0
18,36,1,P,100,1:1,4.58,4,3,1,1,0
18,37,1,P,000,E,1.41,1,1,0,1,0
18,38,1,P,001,2:1,2.45,2,5,2,1,0
18,39,1,P,000,E,2.83,2,1,0,1,0
18,40,1,P,000,E,3.74,3,1,0,1,0
18,41,1,P,000,E,2.45,2,1,0,1,0
18,42,1,P,010,4:-2,5.48,5,3,4,1,0
18,43,1,P,000,E,2.45,2,1,0,1,0
18,44,1,P,001,2:1,1.41,1,5,2,0,1
18,45,1,P,100,1:1,2.24,2,3,1,1,0
18,46,1,P,000,E,3.74,3,1,0,1,0
18,47,1,P,001,2:1,1.41,1,5,2,0,1
18,48,1,P,010,4:-2,4.90,4,3,4,0,1
18,49,1,P,000,E,4.24,3,1,0,1,0
18,0,2,M,100,2:1,4.24,4,5,2,1,0
18,1,2,M,000,E,4.24,3,1,0,1,0
18,2,2,M,011,3:1,1.73,1,5,2,0,1
18,3,2,M,000,E,2.45,2,1,0,1,0
18,4,2,M,000,E,4.90,4,1,0,1,0
18,5,2,M,010,E,3.74,3,1,0,1,0
18,6,2,M,100,2:1,3.46,2,5,2,1,0
18,7,2,M,000,E,1.41,1,1,0,1,0
18,8,2,M,000,E,2.45,2,1,0,1,0
18,9,2,M,100,2:1,4.24,4,5,2,1,0
18,10,2,M,000,E,4.24,3,1,0,1,0
18,11,2,M,001,3:1,4.12,3,5,2,1,0
18,12,2,M,000,E,2.45,2,1,0,1,0
18,13,2,M,000,E,1.41,1,1,0,1,0
18,14,2,M,010,E,2.83,2,1,0,1,0
18,15,2,M,000,E,2.45,2,1,0,1,0
18,16,2,M,000,E,1.41,1,1,0,1,0
18,17,2,M,001,3:1,1.73,1,5,2,0,1
18,18,2,M,100,2:1,1.41,1,5,2,0,1
18,19,2,M,000,E,2.45,2,1,0,1,0
18,20,2,M,011,3:1,4.12,4,5,2,1,0
18,21,2,M,000,E,1.41,1,1,0,1,0
18,22,2,M,000,E,3.74,3,1,0,1,0
18,23,2,M,010,E,2.83,2,1,0,1,0
18,24,2,M,100,2:1,4.24,4,5,2,1,0
18,25,2,M,000,E,3.74,3,1,0,1,0
18,26,2,M,000,E,2.83,2,1,0,1,0
18,27,2,M,100,2:1,3.46,2,5,2,1,0
18,28,2,M,000,E,1.41,1,1,0,1,0
18,29,2,M,001,3:1,2.24,2,5,2,0,1
18,30,2,M,000,E,2.83,2,1,0,1,0
18,31,2,M,000,E,1.41,1,1,0,1,0
18,32,2,M,010,E,6.16,5,1,0,1,0
18,33,2,M,000,E,4.24,3,1,0,1,0
18,34,2,M,000,E,2.45,2,1,0,1,0
18,35,2,M,000,E,2.45,2,1,0,1,0
18,36,2,M,100,2:1,4.47,4,5,2,1,0
18,37,2,M,000,E,2.45,2,1,0,1,0
18,38,2,M,001,3:1,1.73,1,5,2,0,1
18,39,2,M,000,E,4.24,3,1,0,1,0
18,40,2,M,000,E,2.83,2,1,0,1,0
18,41,2,M,010,E,2.83,2,1,0,1,0
18,42,2,M,000,E,2.83,2,1,0,1,0
18,43,2,M,000,E,1.41,1,1,0,1,0
18,44,2,M,001,3:1,3.32,3,5,2,1,0
18,45,2,M,100,2:1,1.41,1,5,2,0,1
18,46,2,M,000,E,1.41,1,1,0,1,0
18,47,2,M,011,3:1,3.32,3,5,2,1,0
18,48,2,M,000,E,2.83,2,1,0,1,0
18,49,2,M,000,E,6.48,5,1,0,1,0
18,0,3,M,100,3:1,4.58,4,5,2,1,0
18,1,3,M,000,E,3.74,3,1,0,1,0
18,2,3,M,011,1:-2|4:1,1.41,1,8,2,1,0
18,3,3,M,000,E,2.45,2,1,0,1,0
18,4,3,M,000,E,3.74,3,1,0,1,0
18,5,3,M,010,1:-2,3.16,3,3,2,1,0
18,6,3,M,100,3:1,2.24,2,5,2,0,1
18,7,3,M,000,E,1.41,1,1,0,1,0
18,8,3,M,000,E,2.45,2,1,0,1,0
18,9,3,M,100,3:1,4.58,4,5,2,1,0
18,10,3,M,000,E,5.10,4,1,0,1,0
18,11,3,M,001,4:1,4.90,4,3,2,1,0
18,12,3,M,000,E,2.45,2,1,0,1,0
18,13,3,M,000,E,2.45,2,1,0,1,0
18,14,3,M,010,1:-2,2.45,2,3,2,1,0
18,15,3,M,000,E,2.45,2,1,0,1,0
18,16,3,M,000,E,3.74,3,1,0,1,0
18,17,3,M,001,4:1,3.16,3,3,2,1,0
18,18,3,M,100,3:1,2.24,2,5,2,0,1
18,19,3,M,000,E,1.41,1,1,0,1,0
18,20,3,M,011,1:-2|4:1,3.16,3,8,2,1,0
18,21,3,M,000,E,1.41,1,1,0,1,0
18,22,3,M,000,E,4.24,3,1,0,1,0
18,23,3,M,010,1:-2,2.45,2,3,2,1,0
18,24,3,M,100,3:1,4.58,4,5,2,1,0
18,25,3,M,000,E,2.83,2,1,0,1,0
18,26,3,M,000,E,1.41,1,1,0,1,0
18,27,3,M,100,3:1,2.24,2,5,2,0,1
18,28,3,M,000,E,2.45,2,1,0,1,0
18,29,3,M,001,4:1,4.24,4,3,2,1,0
18,30,3,M,000,E,1.41,1,1,0,1,0
18,31,3,M,000,E,1.41,1,1,0,1,0
18,32,3,M,010,1:-2,5.83,4,3,2,1,0
18,33,3,M,000,E,2.45,2,1,0,1,0
18,34,3,M,000,E,1.41,1,1,0,1,0
18,35,3,M,000,E,2.45,2,1,0,1,0
18,36,3,M,100,3:1,4.12,4,5,2,1,0
18,37,3,M,000,E,1.41,1,1,0,1,0
18,38,3,M,001,4:1,3.16,3,3,2,1,0
18,39,3,M,000,E,2.45,2,1,0,1,0
18,40,3,M,000,E,3.74,3,1,0,1,0
18,41,3,M,010,1:-2,2.45,2,3,2,1,0
18,42,3,M,000,E,1.41,1,1,0,1,0
18,43,3,M,000,E,2.45,2,1,0,1,0
18,44,3,M,001,4:1,3.74,3,3,2,1,0
18,45,3,M,100,3:1,2.24,2,5,2,0,1
18,46,3,M,000,E,2.45,2,1,0,1,0
18,47,3,M,011,1:-2|4:1,2.45,2,8,2,0,1
18,48,3,M,000,E,3.74,3,1,0,1,0
18,49,3,M,000,E,7.07,5,1,0,1,0
18,0,4,Z,100,4:1,5.83,4,3,2,1,0
18,1,4,Z,001,E,4.90,4,1,0,1,0
18,2,4,Z,010,2:-2,2.45,2,5,4,1,0
18,3,4,Z,000,E,1.41,1,1,0,1,0
18,4,4,Z,000,E,2.45,2,1,0,1,0
18,5,4,Z,010,2:-2,3.16,3,5,4,1,0
18,6,4,Z,100,4:1,2.45,2,3,2,0,1
18,7,4,Z,000,E,2.45,2,1,0,1,0
18,8,4,Z,000,E,2.45,2,1,0,1,0
18,9,4,Z,100,4:1,4.69,3,3,2,1,0
18,10,4,Z,001,E,6.16,5,1,0,1,0
18,11,4,Z,000,E,2.45,2,1,0,1,0
18,12,4,Z,000,E,3.74,3,1,0,1,0
18,13,4,Z,000,E,1.41,1,1,0,1,0
18,14,4,Z,010,2:-2,2.45,2,5,4,1,0
18,15,4,Z,000,E,3.74,3,1,0,1,0
18,16,4,Z,001,E,2.83,2,1,0,1,0
18,17,4,Z,000,E,1.41,1,1,0,1,0
18,18,4,Z,100,4:1,4.24,4,3,2,1,0
18,19,4,Z,001,E,2.45,2,1,0,1,0
18,20,4,Z,010,2:-2,3.74,3,5,4,1,0
18,21,4,Z,000,E,3.74,3,1,0,1,0
18,22,4,Z,000,E,2.83,2,1,0,1,0
18,23,4,Z,010,2:-2,3.74,3,5,4,1,0
18,24,4,Z,100,4:1,4.69,3,3,2,1,0
18,25,4,Z,000,E,0.00,0,1,0,0,1
18,26,4,Z,000,E,1.41,1,1,0,1,0
18,27,4,Z,100,4:1,2.45,2,3,2,0,1
18,28,4,Z,001,E,4.24,3,1,0,1,0
18,29,4,Z,000,E,2.45,2,1,0,1,0
18,30,4,Z,000,E,2.45,2,1,0,1,0
18,31,4,Z,000,E,2.83,2,1,0,1,0
18,32,4,Z,010,2:-2,4.69,3,5,4,1,0
18,33,4,Z,000,E,3.74,3,1,0,1,0
18,34,4,Z,000,E,2.45,2,1,0,1,0
18,35,4,Z,000,E,2.45,2,1,0,1,0
18,36,4,Z,100,4:1,3.74,3,3,2,1,0
18,37,4,Z,001,E,2.83,2,1,0,1,0
18,38,4,Z,000,E,3.74,3,1,0,1,0
18,39,4,Z,000,E,3.74,3,1,0,1,0
18,40,4,Z,000,E,5.10,4,1,0,1,0
18,41,4,Z,010,2:-2,2.45,2,5,4,1,0
18,42,4,Z,000,E,2.45,2,1,0,1,0
18,43,4,Z,001,E,2.83,2,1,0,1,0
18,44,4,Z,000,E,1.41,1,1,0,1,0
18,45,4,Z,100,4:1,4.24,4,3,2,1,0
18,46,4,Z,001,E,2.83,2,1,0,1,0
18,47,4,Z,010,2:-2,2.45,2,5,4,1,0
18,48,4,Z,000,E,2.45,2,1,0,1,0
18,49,4,Z,000,E,5.66,4,1,0,1,0
19,0,0,P,100,E,2.45,2,1,0,1,0
19,1,0,P,000,E,6.16,5,1,0,1,0
19,2,0,P,001,3:1,3.00,2,5,2,1,0
19,3,0,P,010,4:-2,4.90,4,3,4,0,1
19,4,0,P,000,E,2.83,2,1,0,1,0
19,5,0,P,000,E,2.83,2,1,0,1,0
19,6,0,P,110,4:-2,6.32,6,3,4,1,0
19,7,0,P,000,E,1.41,1,1,0,1,0
19,8,0,P,000,E,0.00,0,1,0,0,1
19,9,0,P,100,E,5.10,4,1,0,1,0
19,10,0,P,000,E,3.74,3,1,0,1,0
19,11,0,P,001,3:1,3.32,3,5,2,1,0
19,12,0,P,000,E,2.83,2,1,0,1,0
19,13,0,P,000,E,2.45,2,1,0,1,0
19,14,0,P,000,E,2.83,2,1,0,1,0
19,15,0,P,010,4:-2,4.90,4,3,4,0,1
19,16,0,P,000,E,2.45,2,1,0,1,0
19,17,0,P,001,3:1,3.00,2,5,2,1,0
19,18,0,P,100,E,1.41,1,1,0,1,0
19,19,0,P,000,E,3.74,3,1,0,1,0
19,20,0,P,001,3:1,5.92,5,5,2,1,0
19,21,0,P,010,4:-2,5.66,4,3,4,0,1
19,22,0,P,000,E,1.41,1,1,0,1,0
19,23,0,P,000,E,1.41,1,1,0,1,0
19,24,0,P,110,4:-2,5.83,5,3,4,1,0
19,25,0,P,000,E,1.41,1,1,0,1,0
19,26,0,P,000,E,3.74,3,1,0,1,0
19,27,0,P,100,E,2.83,2,1,0,1,0
19,28,0,P,000,E,1.41,1,1,0,1,0
19,29,0,P,001,3:1,3.32,3,5,2,1,0
19,30,0,P,000,E,2.45,2,1,0,1,0
19,31,0,P,000,E,2.45,2,1,0,1,0
19,32,0,P,000,E,6.48,5,1,0,1,0
19,33,0,P,010,4:-2,7.48,6,3,4,1,0
19,34,0,P,000,E,3.74,3,1,0,1,0
19,35,0,P,000,E,0.00,0,1,0,0,1
19,36,0,P,100,E,4.90,4,1,0,1,0
19,37,0,P,000,E,1.41,1,1,0,1,0
19,38,0,P,001,3:1,3.00,2,5,2,1,0
19,39,0,P,000,E,2.83,2,1,0,1,0
19,40,0,P,000,E,4.90,4,1,0,1,0
19,41,0,P,000,E,2.83,2,1,0,1,0
19,42,0,P,010,4:-2,5.48,5,3,4,1,0
19,43,0,P,000,E,3.74,3,1,0,1,0
19,44,0,P,001,3:1,2.24,2,5,2,0,1
19,45,0,P,100,E,1.41,1,1,0,1,0
19,46,0,P,000,E,4.24,3,1,0,1,0
19,47,0,P,001,3:1,2.24,2,5,2,0,1
19,48,0,P,010,4:-2,4.69,3,3,4,1,0
19,49,0,P,000,E,5.10,4,1,0,1,0
19,0,1,M,100,1:1,4.58,4,3,1,1,0
19,1,1,M,000,E,3.74,3,1,0,1,0
19,2,1,M,011,4:1,2.45,2,3,2,1,0
19,3,1,M,000,E,2.45,2,1,0,1,0
19,4,1,M,000,E,3.74,3,1,0,1,0
19,5,1,M,010,E,3.74,3,1,0,1,0
19,6,1,M,100,1:1,3.00,2,3,1,1,0
19,7,1,M,000,E,1.41,1,1,0,1,0
19,8,1,M,000,E,1.41,1,1,0,1,0
19,9,1,M,100,1:1,4.58,4,3,1,1,0
19,10,1,M,000,E,5.10,4,1,0,1,0
19,11,1,M,001,4:1,3.74,3,3,2,1,0
19,12,1,M,000,E,2.45,2,1,0,1,0
19,13,1,M,000,E,2.45,2,1,0,1,0
19,14,1,M,010,E,2.45,2,1,0,1,0
19,15,1,M,000,E,2.45,2,1,0,1,0
19,16,1,M,000,E,2.45,2,1,0,1,0
19,17,1,M,001,4:1,2.45,2,3,2,1,0
19,18,1,M,100,1:1,1.00,1,3,1,0,1
19,19,1,M,000,E,1.41,1,1,0,1,0
19,20,1,M,011,4:1,5.10,5,3,2,1,0
19,21,1,M,000,E,1.41,1,1,0,1,0
19,22,1,M,000,E,3.74,3,1,0,1,0
19,23,1,M,010,E,2.45,2,1,0,1,0
19,24,1,M,100,1:1,4.58,4,3,1,1,0
19,25,1,M,000,E,3.74,3,1,0,1,0
19,26,1,M,000,E,3.74,3,1,0,1,0
19,27,1,M,100,1:1,3.00,2,3,1,1,0
19,28,1,M,000,E,1.41,1,1,0,1,0
19,29,1,M,001,4:1,2.45,2,3,2,0,1
19,30,1,M,000,E,2.83,2,1,0,1,0
19,31,1,M,000,E,1.41,1,1,0,1,0
19,32,1,M,010,E,6.16,5,1,0,1,0
19,33,1,M,000,E,4.24,3,1,0,1,0
19,34,1,M,000,E,1.41,1,1,0,1,0
19,35,1,M,000,E,1.41,1,1,0,1,0
19,36,1,M,100,1:1,4.58,4,3,1,1,0
19,37,1,M,000,E,1.41,1,1,0,1,0
19,38,1,M,001,4:1,2.45,2,3,2,1,0
19,39,1,M,000,E,4.24,3,1,0,1,0
19,40,1,M,000,E,3.74,3,1,0,1,0
19,41,1,M,010,E,2.45,2,1,0,1,0
19,42,1,M,000,E,2.83,2,1,0,1,0
19,43,1,M,000,E,2.45,2,1,0,1,0
19,44,1,M,001,4:1,3.16,3,3,2,1,0
19,45,1,M,100,1:1,1.00,1,3,1,0,1
19,46,1,M,000,E,2.45,2,1,0,1,0
19,47,1,M,011,4:1,3.16,3,3,2,1,0
19,48,1,M,000,E,2.83,2,1,0,1,0
19,49,1,M,000,E,7.07,5,1,0,1,0
19,0,2,Z,100,2:1,5.10,4,5,2,1,0
19,1,2,Z,001,E,4.90,4,1,0,1,0
19,2,2,Z,010,1:-2,1.41,1,3,2,1,0
19,3,2,Z,000,E,2.45,2,1,0,1,0
19,4,2,Z,000,E,2.83,2,1,0,1,0
19,5,2,Z,010,1:-2,3.16,3,3,2,1,0
19,6,2,Z,100,2:1,1.41,1,5,2,0,1
19,7,2,Z,000,E,1.41,1,1,0,1,0
19,8,2,Z,000,E,2.45,2,1,0,1,0
19,9,2,Z,100,2:1,3.74,3,5,2,1,0
19,10,2,Z,001,E,4.90,4,1,0,1,0
19,11,2,Z,000,E,3.74,3,1,0,1,0
19,12,2,Z,000,E,2.45,2,1,0,1,0
19,13,2,Z,000,E,2.83,2,1,0,1,0
19,14,2,Z,010,1:-2,2.45,2,3,2,1,0
19,15,2,Z,000,E,2.45,2,1,0,1,0
19,16,2,Z,001,E,2.83,2,1,0,1,0
19,17,2,Z,000,E,1.41,1,1,0,1,0
19,18,2,Z,100,2:1,2.45,2,5,2,1,0
19,19,2,Z,001,E,2.45,2,1,0,1,0
19,20,2,Z,010,1:-2,4.69,3,3,2,1,0
19,21,2,Z,000,E,1.41,1,1,0,1,0
19,22,2,Z,000,E,2.83,2,1,0,1,0
19,23,2,Z,010,1:-2,2.45,2,3,2,1,0
19,24,2,Z,100,2:1,3.74,3,5,2,1,0
19,25,2,Z,000,E,2.83,2,1,0,1,0
19,26,2,Z,000,E,1.41,1,1,0,1,0
19,27,2,Z,100,2:1,1.41,1,5,2,0,1
19,28,2,Z,001,E,1.41,1,1,0,1,0
19,29,2,Z,000,E,2.45,2,1,0,1,0
19,30,2,Z,000,E,1.41,1,1,0,1,0
19,31,2,Z,000,E,2.45,2,1,0,1,0
19,32,2,Z,010,1:-2,5.83,4,3,2,1,0
19,33,2,Z,000,E,2.45,2,1,0,1,0
19,34,2,Z,000,E,2.45,2,1,0,1,0
19,35,2,Z,000,E,2.45,2,1,0,1,0
19,36,2,Z,100,2:1,3.16,3,5,2,1,0
19,37,2,Z,001,E,1.41,1,1,0,1,0
19,38,2,Z,000,E,1.41,1,1,0,1,0
19,39,2,Z,000,E,2.45,2,1,0,1,0
19,40,2,Z,000,E,4.90,4,1,0,1,0
19,41,2,Z,010,1:-2,2.45,2,3,2,1,0
19,42,2,Z,000,E,1.41,1,1,0,1,0
19,43,2,Z,001,E,3.74,3,1,0,1,0
19,44,2,Z,000,E,2.45,2,1,0,1,0
19,45,2,Z,100,2:1,2.45,2,5,2,1,0
19,46,2,Z,001,E,3.74,3,1,0,1,0
19,47,2,Z,010,1:-2,2.45,2,3,2,1,0
19,48,2,Z,000,E,3.74,3,1,0,1,0
19,49,2,Z,000,E,6.48,5,1,0,1,0
19,0,3,Z,100,3:1,5.39,4,5,2,1,0
19,1,3,Z,001,1:1,5.39,4,3,1,1,0
19,2,3,Z,010,2:-2,2.45,2,5,4,1,0
19,3,3,Z,000,E,0.00,0,1,0,0,1
19,4,3,Z,000,E,2.83,2,1,0,1,0
19,5,3,Z,010,2:-2,4.00,4,5,4,0,1
19,6,3,Z,100,3:1,1.73,1,5,2,0,1
19,7,3,Z,000,E,1.41,1,1,0,1,0
19,8,3,Z,000,E,1.41,1,1,0,1,0
19,9,3,Z,100,3:1,4.12,3,5,2,1,0
19,10,3,Z,001,1:1,5.39,4,3,1,1,0
19,11,3,Z,000,E,1.41,1,1,0,1,0
19,12,3,Z,000,E,2.83,2,1,0,1,0
19,13,3,Z,000,E,0.00,0,1,0,0,1
19,14,3,Z,010,2:-2,3.16,3,5,4,1,0
19,15,3,Z,000,E,2.83,2,1,0,1,0
19,16,3,Z,001,1:1,2.24,2,3,1,1,0
19,17,3,Z,000,E,1.41,1,1,0,1,0
19,18,3,Z,100,3:1,3.32,3,5,2,1,0
19,19,3,Z,001,1:1,3.00,2,3,1,1,0
19,20,3,Z,010,2:-2,4.69,3,5,4,1,0
19,21,3,Z,000,E,2.83,2,1,0,1,0
19,22,3,Z,000,E,2.45,2,1,0,1,0
19,23,3,Z,010,2:-2,3.74,3,5,4,1,0
19,24,3,Z,100,3:1,4.12,3,5,2,1,0
19,25,3,Z,000,E,1.41,1,1,0,1,0
19,26,3,Z,000,E,2.45,2,1,0,1,0
19,27,3,Z,100,3:1,1.73,1,5,2,0,1
19,28,3,Z,001,1:1,3.61,3,3,1,1,0
19,29,3,Z,000,E,1.41,1,1,0,1,0
19,30,3,Z,000,E,1.41,1,1,0,1,0
19,31,3,Z,000,E,3.74,3,1,0,1,0
19,32,3,Z,010,2:-2,5.83,4,5,4,1,0
19,33,3,Z,000,E,2.83,2,1,0,1,0
19,34,3,Z,000,E,2.83,2,1,0,1,0
19,35,3,Z,000,E,1.41,1,1,0,1,0
19,36,3,Z,100,3:1,3.32,3,5,2,1,0
19,37,3,Z,001,1:1,2.24,2,3,1,1,0
19,38,3,Z,000,E,2.83,2,1,0,1,0
19,39,3,Z,000,E,2.83,2,1,0,1,0
19,40,3,Z,000,E,5.66,4,1,0,1,0
19,41,3,Z,010,2:-2,3.16,3,5,4,1,0
19,42,3,Z,000,E,1.41,1,1,0,1,0
19,43,3,Z,001,1:1,3.00,2,3,1,1,0
19,44,3,Z,000,E,0.00,0,1,0,0,1
19,45,3,Z,100,3:1,3.32,3,5,2,1,0
19,46,3,Z,001,1:1,3.00,2,3,1,1,0
19,47,3,Z,010,2:-2,2.83,2,5,4,0,1
19,48,3,Z,000,E,1.41,1,1,0,1,0
19,49,3,Z,000,E,5.10,4,1,0,1,0
19,0,4,Z,100,4:1,5.83,4,3,2,1,0
19,1,4,Z,001,2:1,3.46,2,5,2,1,0
19,2,4,Z,010,3:-2,3.74,3,5,4,1,0
19,3,4,Z,000,E,1.41,1,1,0,1,0
19,4,4,Z,000,E,2.83,2,1,0,1,0
19,5,4,Z,010,3:-2,5.10,5,5,4,1,0
19,6,4,Z,100,4:1,2.45,2,3,2,0,1
19,7,4,Z,000,E,0.00,0,1,0,0,1
19,8,4,Z,000,E,3.74,3,1,0,1,0
19,9,4,Z,100,4:1,5.83,4,3,2,1,0
19,10,4,Z,001,2:1,4.69,3,5,2,1,0
19,11,4,Z,000,E,1.41,1,1,0,1,0
19,12,4,Z,000,E,2.45,2,1,0,1,0
19,13,4,Z,000,E,0.00,0,1,0,0,1
19,14,4,Z,010,3:-2,4.24,4,5,4,1,0
19,15,4,Z,000,E,2.45,2,1,0,1,0
19,16,4,Z,001,2:1,2.00,2,5,2,0,1
19,17,4,Z,000,E,1.41,1,1,0,1,0
19,18,4,Z,100,4:1,3.74,3,3,2,1,0
19,19,4,Z,001,2:1,3.74,3,5,2,1,0
19,20,4,Z,010,3:-2,5.10,4,5,4,1,0
19,21,4,Z,000,E,1.41,1,1,0,1,0
19,22,4,Z,000,E,2.45,2,1,0,1,0
19,23,4,Z,010,3:-2,5.10,4,5,4,1,0
19,24,4,Z,100,4:1,3.16,3,3,2,1,0
19,25,4,Z,000,E,1.41,1,1,0,1,0
19,26,4,Z,000,E,2.45,2,1,0,1,0
19,27,4,Z,100,4:1,3.16,3,3,2,1,0
19,28,4,Z,001,2:1,3.16,3,5,2,1,0
19,29,4,Z,000,E,1.41,1,1,0,1,0
19,30,4,Z,000,E,1.41,1,1,0,1,0
19,31,4,Z,000,E,3.74,3,1,0,1,0
19,32,4,Z,010,3:-2,6.16,5,5,4,1,0
19,33,4,Z,000,E,3.74,3,1,0,1,0
19,34,4,Z,000,E,0.00,0,1,0,0,1
19,35,4,Z,000,E,3.74,3,1,0,1,0
19,36,4,Z,100,4:1,4.69,3,3,2,1,0
19,37,4,Z,001,2:1,2.00,2,5,2,0,1
19,38,4,Z,000,E,2.45,2,1,0,1,0
19,39,4,Z,000,E,3.74,3,1,0,1,0
19,40,4,Z,000,E,2.83,2,1,0,1,0
19,41,4,Z,010,3:-2,4.24,4,5,4,1,0
19,42,4,Z,000,E,3.74,3,1,0,1,0
19,43,4,Z,001,2:1,2.00,2,5,2,0,1
19,44,4,Z,000,E,1.41,1,1,0,1,0
19,45,4,Z,100,4:1,5.10,5,3,2,1,0
19,46,4,Z,001,2:1,2.00,2,5,2,0,1
19,47,4,Z,010,3:-2,3.74,3,5,4,1,0
19,48,4,Z,000,E,2.45,2,1,0,1,0
19,49,4,Z,000,E,5.10,4,1,0,1,0
20,0,0,Z,100,E,5.10,4,1,0,1,0
20,1,0,Z,001,E,4.90,4,1,0,1,0
20,2,0,Z,010,E,1.41,1,1,0,1,0
20,3,0,Z,000,E,1.41,1,1,0,1,0
20,4,0,Z,000,E,2.83,2,1,0,1,0
20,5,0,Z,010,E,2.45,2,1,0,1,0
20,6,0,Z,100,E,2.45,2,1,0,1,0
20,7,0,Z,000,E,0.00,0,1,0,0,1
20,8,0,Z,000,E,1.41,1,1,0,1,0
20,9,0,Z,100,E,3.74,3,1,0,1,0
20,10,0,Z,001,E,4.90,4,1,0,1,0
20,11,0,Z,000,E,2.45,2,1,0,1,0
20,12,0,Z,000,E,1.41,1,1,0,1,0
20,13,0,Z,000,E,2.83,2,1,0,1,0
20,14,0,Z,010,E,1.41,1,1,0,1,0
20,15,0,Z,000,E,1.41,1,1,0,1,0
20,16,0,Z,001,E,2.83,2,1,0,1,0
20,17,0,Z,000,E,1.41,1,1,0,1,0
20,18,0,Z,100,E,1.41,1,1,0,1,0
20,19,0,Z,001,E,2.45,2,1,0,1,0
20,20,0,Z,010,E,5.10,4,1,0,1,0
20,21,0,Z,000,E,1.41,1,1,0,1,0
20,22,0,Z,000,E,2.83,2,1,0,1,0
20,23,0,Z,010,E,1.41,1,1,0,1,0
20,24,0,Z,100,E,3.74,3,1,0,1,0
20,25,0,Z,000,E,2.45,2,1,0,1,0
20,26,0,Z,000,E,2.45,2,1,0,1,0
20,27,0,Z,100,E,2.45,2,1,0,1,0
20,28,0,Z,001,E,1.41,1,1,0,1,0
20,29,0,Z,000,E,1.41,1,1,0,1,0
20,30,0,Z,000,E,1.41,1,1,0,1,0
20,31,0,Z,000,E,2.45,2,1,0,1,0
20,32,0,Z,010,E,5.10,4,1,0,1,0
20,33,0,Z,000,E,3.74,3,1,0,1,0
20,34,0,Z,000,E,2.45,2,1,0,1,0
20,35,0,Z,000,E,1.41,1,1,0,1,0
20,36,0,Z,100,E,3.74,3,1,0,1,0
20,37,0,Z,001,E,1.41,1,1,0,1,0
20,38,0,Z,000,E,1.41,1,1,0,1,0
20,39,0,Z,000,E,3.74,3,1,0,1,0
20,40,0,Z,000,E,4.90,4,1,0,1,0
20,41,0,Z,010,E,1.41,1,1,0,1,0
20,42,0,Z,000,E,1.41,1,1,0,1,0
20,43,0,Z,001,E,3.74,3,1,0,1,0
20,44,0,Z,000,E,1.41,1,1,0,1,0
20,45,0,Z,100,E,1.41,1,1,0,1,0
20,46,0,Z,001,E,3.74,3,1,0,1,0
20,47,0,Z,010,E,1.41,1,1,0,1,0
20,48,0,Z,000,E,2.45,2,1,0,1,0
20,49,0,Z,000,E,6.48,5,1,0,1,0
20,0,1,Z,100,1:1,5.00,4,3,1,1,0
20,1,1,Z,001,1:1,5.39,4,3,1,1,0
20,2,1,Z,010,1:-2,2.45,2,3,2,1,0
20,3,1,Z,000,E,1.41,1,1,0,1,0
20,4,1,Z,000,E,2.83,2,1,0,1,0
20,5,1,Z,010,1:-2,4.24,4,3,2,1,0
20,6,1,Z,100,1:1,1.73,1,3,1,1,0
20,7,1,Z,000,E,0.00,0,1,0,0,1
20,8,1,Z,000,E,1.41,1,1,0,1,0
20,9,1,Z,100,1:1,3.61,3,3,1,1,0
20,10,1,Z,001,1:1,5.39,4,3,1,1,0
20,11,1,Z,000,E,2.45,2,1,0,1,0
20,12,1,Z,000,E,1.41,1,1,0,1,0
20,13,1,Z,000,E,2.83,2,1,0,1,0
20,14,1,Z,010,1:-2,2.45,2,3,2,1,0
20,15,1,Z,000,E,1.41,1,1,0,1,0
20,16,1,Z,001,1:1,3.61,3,3,1,1,0
20,17,1,Z,000,E,1.41,1,1,0,1,0
20,18,1,Z,100,1:1,1.73,1,3,1,1,0
20,19,1,Z,001,1:1,3.00,2,3,1,1,0
20,20,1,Z,010,1:-2,5.83,4,3,2,1,0
20,21,1,Z,000,E,1.41,1,1,0,1,0
20,22,1,Z,000,E,2.83,2,1,0,1,0
20,23,1,Z,010,1:-2,3.16,3,3,2,1,0
20,24,1,Z,100,1:1,3.61,3,3,1,1,0
20,25,1,Z,000,E,2.45,2,1,0,1,0
20,26,1,Z,000,E,2.45,2,1,0,1,0
20,27,1,Z,100,1:1,1.73,1,3,1,1,0
20,28,1,Z,001,1:1,2.24,2,3,1,1,0
20,29,1,Z,000,E,1.41,1,1,0,1,0
20,30,1,Z,000,E,1.41,1,1,0,1,0
20,31,1,Z,000,E,2.45,2,1,0,1,0
20,32,1,Z,010,1:-2,5.83,4,3,2,1,0
20,33,1,Z,000,E,3.74,3,1,0,1,0
20,34,1,Z,000,E,2.45,2,1,0,1,0
20,35,1,Z,000,E,1.41,1,1,0,1,0
20,36,1,Z,100,1:1,3.32,3,3,1,1,0
20,37,1,Z,001,1:1,2.24,2,3,1,1,0
20,38,1,Z,000,E,1.41,1,1,0,1,0
20,39,1,Z,000,E,3.74,3,1,0,1,0
20,40,1,Z,000,E,4.90,4,1,0,1,0
20,41,1,Z,010,1:-2,2.45,2,3,2,1,0
20,42,1,Z,000,E,1.41,1,1,0,1,0
20,43,1,Z,001,1:1,4.58,4,3,1,1,0
20,44,1,Z,000,E,1.41,1,1,0,1,0
20,45,1,Z,100,1:1,1.73,1,3,1,1,0
20,46,1,Z,001,1:1,4.58,4,3,1,1,0
20,47,1,Z,010,1:-2,2.45,2,3,2,1,0
20,48,1,Z,000,E,2.45,2,1,0,1,0
20,49,1,Z,000,E,6.48,5,1,0,1,0
20,0,2,Z,100,2:1,4.69,3,5,2,1,0
20,1,2,Z,001,2:1,6.00,4,5,2,1,0
20,2,2,Z,010,2:-2,3.16,3,5,4,1,0
20,3,2,Z,000,E,1.41,1,1,0,1,0
20,4,2,Z,000,E,2.45,2,1,0,1,0
20,5,2,Z,010,2:-2,5.10,5,5,4,1,0
20,6,2,Z,100,2:1,1.41,1,5,2,0,1
20,7,2,Z,000,E,0.00,0,1,0,0,1
20,8,2,Z,000,E,1.41,1,1,0,1,0
20,9,2,Z,100,2:1,4.69,3,5,2,1,0
20,10,2,Z,001,2:1,6.00,4,5,2,1,0
20,11,2,Z,000,E,1.41,1,1,0,1,0
20,12,2,Z,000,E,3.74,3,1,0,1,0
20,13,2,Z,000,E,1.41,1,1,0,1,0
20,14,2,Z,010,2:-2,4.24,4,5,4,1,0
20,15,2,Z,000,E,3.74,3,1,0,1,0
20,16,2,Z,001,2:1,2.00,2,5,2,0,1
20,17,2,Z,000,E,1.41,1,1,0,1,0
20,18,2,Z,100,2:1,3.16,3,5,2,1,0
20,19,2,Z,001,2:1,3.74,3,5,2,1,0
20,20,2,Z,010,2:-2,5.83,4,5,4,1,0
20,21,2,Z,000,E,1.41,1,1,0,1,0
20,22,2,Z,000,E,2.45,2,1,0,1,0
20,23,2,Z,010,2:-2,4.24,4,5,4,1,0
20,24,2,Z,100,2:1,3.74,3,5,2,1,0
20,25,2,Z,000,E,2.45,2,1,0,1,0
20,26,2,Z,000,E,3.74,3,1,0,1,0
20,27,2,Z,100,2:1,1.41,1,5,2,0,1
20,28,2,Z,001,2:1,3.16,3,5,2,1,0
20,29,2,Z,000,E,1.41,1,1,0,1,0
20,30,2,Z,000,E,2.45,2,1,0,1,0
20,31,2,Z,000,E,2.83,2,1,0,1,0
20,32,2,Z,010,2:-2,7.07,5,5,4,1,0
20,33,2,Z,000,E,2.45,2,1,0,1,0
20,34,2,Z,000,E,2.83,2,1,0,1,0
20,35,2,Z,000,E,1.41,1,1,0,1,0
20,36,2,Z,100,2:1,3.74,3,5,2,1,0
20,37,2,Z,001,2:1,3.16,3,5,2,1,0
20,38,2,Z,000,E,2.45,2,1,0,1,0
20,39,2,Z,000,E,1.41,1,1,0,1,0
20,40,2,Z,000,E,5.10,4,1,0,1,0
20,41,2,Z,010,2:-2,4.24,4,5,4,1,0
20,42,2,Z,000,E,2.45,2,1,0,1,0
20,43,2,Z,001,2:1,3.74,3,5,2,1,0
20,44,2,Z,000,E,1.41,1,1,0,1,0
20,45,2,Z,100,2:1,3.16,3,5,2,1,0
20,46,2,Z,001,2:1,3.74,3,5,2,1,0
20,47,2,Z,010,2:-2,3.74,3,5,4,1,0
20,48,2,Z,000,E,2.45,2,1,0,1,0
20,49,2,Z,000,E,5.66,4,1,0,1,0
20,0,3,Z,100,3:1,5.39,4,5,2,1,0
20,1,3,Z,001,3:1,4.12,3,5,2,1,0
20,2,3,Z,010,3:-2,4.24,4,5,4,1,0
20,3,3,Z,000,E,1.41,1,1,0,1,0
20,4,3,Z,000,E,2.45,2,1,0,1,0
20,5,3,Z,010,3:-2,6.00,6,5,4,1,0
20,6,3,Z,100,3:1,2.24,2,5,2,0,1
20,7,3,Z,000,E,0.00,0,1,0,0,1
20,8,3,Z,000,E,3.74,3,1,0,1,0
20,9,3,Z,100,3:1,6.40,4,5,2,1,0
20,10,3,Z,001,3:1,4.12,3,5,2,1,0
20,11,3,Z,000,E,2.83,2,1,0,1,0
20,12,3,Z,000,E,2.83,2,1,0,1,0
20,13,3,Z,000,E,1.41,1,1,0,1,0
20,14,3,Z,010,3:-2,4.24,4,5,4,1,0
20,15,3,Z,000,E,2.83,2,1,0,1,0
20,16,3,Z,001,3:1,2.24,2,5,2,0,1
20,17,3,Z,000,E,0.00,0,1,0,0,1
20,18,3,Z,100,3:1,3.32,3,5,2,1,0
20,19,3,Z,001,3:1,4.58,4,5,2,1,0
20,20,3,Z,010,3:-2,5.10,4,5,4,1,0
20,21,3,Z,000,E,0.00,0,1,0,0,1
20,22,3,Z,000,E,1.41,1,1,0,1,0
20,23,3,Z,010,3:-2,5.48,5,5,4,1,0
20,24,3,Z,100,3:1,3.32,3,5,2,1,0
20,25,3,Z,000,E,1.41,1,1,0,1,0
20,26,3,Z,000,E,2.45,2,1,0,1,0
20,27,3,Z,100,3:1,3.32,3,5,2,1,0
20,28,3,Z,001,3:1,3.00,3,5,2,1,0
20,29,3,Z,000,E,1.41,1,1,0,1,0
20,30,3,Z,000,E,1.41,1,1,0,1,0
20,31,3,Z,000,E,5.10,4,1,0,1,0
20,32,3,Z,010,3:-2,7.35,6,5,4,1,0
20,33,3,Z,000,E,2.45,2,1,0,1,0
20,34,3,Z,000,E,1.41,1,1,0,1,0
20,35,3,Z,000,E,3.74,3,1,0,1,0
20,36,3,Z,100,3:1,4.12,3,5,2,1,0
20,37,3,Z,001,3:1,2.24,2,5,2,0,1
20,38,3,Z,000,E,2.83,2,1,0,1,0
20,39,3,Z,000,E,3.74,3,1,0,1,0
20,40,3,Z,000,E,4.24,3,1,0,1,0
20,41,3,Z,010,3:-2,5.10,5,5,4,1,0
20,42,3,Z,000,E,3.74,3,1,0,1,0
20,43,3,Z,001,3:1,2.24,2,5,2,0,1
20,44,3,Z,000,E,1.41,1,1,0,1,0
20,45,3,Z,100,3:1,5.20,5,5,2,1,0
20,46,3,Z,001,3:1,2.24,2,5,2,0,1
20,47,3,Z,010,3:-2,4.24,3,5,4,1,0
20,48,3,Z,000,E,3.74,3,1,0,1,0
20,49,3,Z,000,E,3.74,3,1,0,1,0
20,0,4,Z,100,4:1,5.83,4,3,2,1,0
20,1,4,Z,001,4:1,2.83,2,3,2,1,0
20,2,4,Z,010,4:-2,5.10,4,3,4,1,0
20,3,4,Z,000,E,1.41,1,1,0,1,0
20,4,4,Z,000,E,2.83,2,1,0,1,0
20,5,4,Z,010,4:-2,6.16,6,3,4,1,0
20,6,4,Z,100,4:1,2.45,2,3,2,0,1
20,7,4,Z,000,E,0.00,0,1,0,0,1
20,8,4,Z,000,E,6.48,5,1,0,1,0
20,9,4,Z,100,4:1,5.83,4,3,2,1,0
20,10,4,Z,001,4:1,3.74,3,3,2,1,0
20,11,4,Z,000,E,4.24,3,1,0,1,0
20,12,4,Z,000,E,2.45,2,1,0,1,0
20,13,4,Z,000,E,2.83,2,1,0,1,0
20,14,4,Z,010,4:-2,5.10,4,3,4,1,0
20,15,4,Z,000,E,2.45,2,1,0,1,0
20,16,4,Z,001,4:1,2.83,2,3,2,1,0
20,17,4,Z,000,E,1.41,1,1,0,1,0
20,18,4,Z,100,4:1,3.74,3,3,2,1,0
20,19,4,Z,001,4:1,5.48,5,3,2,1,0
20,20,4,Z,010,4:-2,5.10,4,3,4,1,0
20,21,4,Z,000,E,1.41,1,1,0,1,0
20,22,4,Z,000,E,1.41,1,1,0,1,0
20,23,4,Z,010,4:-2,6.48,5,3,4,1,0
20,24,4,Z,100,4:1,3.16,3,3,2,1,0
20,25,4,Z,000,E,3.74,3,1,0,1,0
20,26,4,Z,000,E,3.74,3,1,0,1,0
20,27,4,Z,100,4:1,3.16,3,3,2,1,0
20,28,4,Z,001,4:1,3.16,3,3,2,1,0
20,29,4,Z,000,E,3.74,3,1,0,1,0
20,30,4,Z,000,E,3.74,3,1,0,1,0
20,31,4,Z,000,E,6.48,5,1,0,1,0
20,32,4,Z,010,4:-2,6.78,6,3,4,1,0
20,33,4,Z,000,E,3.74,3,1,0,1,0
20,34,4,Z,000,E,0.00,0,1,0,0,1
20,35,4,Z,000,E,6.16,5,1,0,1,0
20,36,4,Z,100,4:1,3.16,3,3,2,1,0
20,37,4,Z,001,4:1,2.83,2,3,2,1,0
20,38,4,Z,000,E,2.45,2,1,0,1,0
20,39,4,Z,000,E,6.16,5,1,0,1,0
20,40,4,Z,000,E,2.83,2,1,0,1,0
20,41,4,Z,010,4:-2,5.48,5,3,4,1,0
20,42,4,Z,000,E,4.24,3,1,0,1,0
20,43,4,Z,001,4:1,2.83,2,3,2,0,1
20,44,4,Z,000,E,1.41,1,1,0,1,0
20,45,4,Z,100,4:1,5.10,5,3,2,1,0
20,46,4,Z,001,4:1,2.83,2,3,2,0,1
20,47,4,Z,010,4:-2,5.10,4,3,4,1,0
20,48,4,Z,000,E,5.10,4,1,0,1,0
20,49,4,Z,000,E,2.45,2,1,0,1,0
25,0,0,Z,100,E,4.90,4,1,0,1,0
25,1,0,Z,010,E,2.45,2,1,0,1,0
25,2,0,Z,000,E,1.41,1,1,0,1,0
25,3,0,Z,000,E,2.83,2,1,0,1,0
25,4,0,Z,010,E,2.45,2,1,0,1,0
25,5,0,Z,000,E,4.24,3,1,0,1,0
25,6,0,Z,100,E,1.41,1,1,0,1,0
25,7,0,Z,000,E,3.74,3,1,0,1,0
25,8,0,Z,001,E,3.74,3,1,0,1,0
25,9,0,Z,100,E,4.90,4,1,0,1,0
25,10,0,Z,000,E,3.74,3,1,0,1,0
25,11,0,Z,000,E,4.24,3,1,0,1,0
25,12,0,Z,000,E,2.83,2,1,0,1,0
25,13,0,Z,010,E,1.41,1,1,0,1,0
25,14,0,Z,001,E,2.45,2,1,0,1,0
25,15,0,Z,000,E,1.41,1,1,0,1,0
25,16,0,Z,000,E,3.74,3,1,0,1,0
25,17,0,Z,001,E,1.41,1,1,0,1,0
25,18,0,Z,100,E,2.45,2,1,0,1,0
25,19,0,Z,010,E,5.10,4,1,0,1,0
25,20,0,Z,000,E,1.41,1,1,0,1,0
25,21,0,Z,000,E,2.83,2,1,0,1,0
25,22,0,Z,010,E,2.45,2,1,0,1,0
25,23,0,Z,000,E,3.74,3,1,0,1,0
25,24,0,Z,100,E,2.83,2,1,0,1,0
25,25,0,Z,000,E,2.45,2,1,0,1,0
25,26,0,Z,001,E,2.45,2,1,0,1,0
25,27,0,Z,100,E,1.41,1,1,0,1,0
25,28,0,Z,000,E,1.41,1,1,0,1,0
25,29,0,Z,000,E,2.45,2,1,0,1,0
25,30,0,Z,000,E,2.45,2,1,0,1,0
25,31,0,Z,010,E,5.10,4,1,0,1,0
25,32,0,Z,000,E,3.74,3,1,0,1,0
25,33,0,Z,000,E,2.45,2,1,0,1,0
25,34,0,Z,000,E,1.41,1,1,0,1,0
25,35,0,Z,001,E,2.45,2,1,0,1,0
25,36,0,Z,100,E,1.41,1,1,0,1,0
25,37,0,Z,000,E,1.41,1,1,0,1,0
25,38,0,Z,000,E,3.74,3,1,0,1,0
25,39,0,Z,000,E,4.90,4,1,0,1,0
25,40,0,Z,010,E,1.41,1,1,0,1,0
25,41,0,Z,001,E,1.41,1,1,0,1,0
25,42,0,Z,000,E,2.83,2,1,0,1,0
25,43,0,Z,000,E,2.45,2,1,0,1,0
25,44,0,Z,001,E,1.41,1,1,0,1,0
25,45,0,Z,100,E,3.74,3,1,0,1,0
25,46,0,Z,010,E,2.45,2,1,0,1,0
25,47,0,Z,000,E,5.10,4,1,0,1,0
25,48,0,Z,000,E,6.48,5,1,0,1,0
25,49,0,Z,010,E,3.74,3,1,0,1,0
25,0,1,Z,100,1:1,5.39,4,3,1,1,0
25,1,1,Z,010,1:-2,3.74,3,3,2,1,0
25,2,1,Z,000,E,1.41,1,1,0,1,0
25,3,1,Z,000,E,2.83,2,1,0,1,0
25,4,1,Z,010,1:-2,4.24,4,3,2,1,0
25,5,1,Z,000,E,4.24,3,1,0,1,0
25,6,1,Z,100,1:1,2.24,2,3,1,1,0
25,7,1,Z,000,E,3.74,3,1,0,1,0
25,8,1,Z,001,1:1,3.61,3,3,1,1,0
25,9,1,Z,100,1:1,5.39,4,3,1,1,0
25,10,1,Z,000,E,3.74,3,1,0,1,0
25,11,1,Z,000,E,4.24,3,1,0,1,0
25,12,1,Z,000,E,2.83,2,1,0,1,0
25,13,1,Z,010,1:-2,1.41,1,3,2,1,0
25,14,1,Z,001,1:1,3.00,2,3,1,1,0
25,15,1,Z,000,E,1.41,1,1,0,1,0
25,16,1,Z,000,E,3.74,3,1,0,1,0
25,17,1,Z,001,1:1,1.73,1,3,1,1,0
25,18,1,Z,100,1:1,3.00,2,3,1,1,0
25,19,1,Z,010,1:-2,5.83,4,3,2,1,0
25,20,1,Z,000,E,1.41,1,1,0,1,0
25,21,1,Z,000,E,2.83,2,1,0,1,0
25,22,1,Z,010,1:-2,4.24,4,3,2,1,0
25,23,1,Z,000,E,3.74,3,1,0,1,0
25,24,1,Z,100,1:1,3.00,2,3,1,1,0
25,25,1,Z,000,E,2.45,2,1,0,1,0
25,26,1,Z,001,1:1,1.73,1,3,1,1,0
25,27,1,Z,100,1:1,2.24,2,3,1,1,0
25,28,1,Z,000,E,1.41,1,1,0,1,0
25,29,1,Z,000,E,2.45,2,1,0,1,0
25,30,1,Z,000,E,2.45,2,1,0,1,0
25,31,1,Z,010,1:-2,5.83,4,3,2,1,0
25,32,1,Z,000,E,3.74,3,1,0,1,0
25,33,1,Z,000,E,2.45,2,1,0,1,0
25,34,1,Z,000,E,1.41,1,1,0,1,0
25,35,1,Z,001,1:1,1.73,1,3,1,1,0
25,36,1,Z,100,1:1,2.24,2,3,1,1,0
25,37,1,Z,000,E,1.41,1,1,0,1,0
25,38,1,Z,000,E,3.74,3,1,0,1,0
25,39,1,Z,000,E,4.90,4,1,0,1,0
25,40,1,Z,010,1:-2,2.45,2,3,2,1,0
25,41,1,Z,001,1:1,1.73,1,3,1,1,0
25,42,1,Z,000,E,2.83,2,1,0,1,0
25,43,1,Z,000,E,2.45,2,1,0,1,0
25,44,1,Z,001,1:1,1.73,1,3,1,1,0
25,45,1,Z,100,1:1,4.58,4,3,1,1,0
25,46,1,Z,010,1:-2,2.45,2,3,2,1,0
25,47,1,Z,000,E,5.10,4,1,0,1,0
25,48,1,Z,000,E,6.48,5,1,0,1,0
25,49,1,Z,010,1:-2,4.69,3,3,2,1,0
25,0,2,Z,100,2:1,6.00,4,5,2,1,0
25,1,2,Z,010,2:-2,4.24,4,5,4,1,0
25,2,2,Z,000,E,1.41,1,1,0,1,0
25,3,2,Z,000,E,2.45,2,1,0,1,0
25,4,2,Z,010,2:-2,6.16,6,5,4,1,0
25,5,2,Z,000,E,3.74,3,1,0,1,0
25,6,2,Z,100,2:1,1.41,1,5,2,0,1
25,7,2,Z,000,E,3.74,3,1,0,1,0
25,8,2,Z,001,2:1,4.69,3,5,2,1,0
25,9,2,Z,100,2:1,6.00,4,5,2,1,0
25,10,2,Z,000,E,2.45,2,1,0,1,0
25,11,2,Z,000,E,6.16,5,1,0,1,0
25,12,2,Z,000,E,1.41,1,1,0,1,0
25,13,2,Z,010,2:-2,2.45,2,5,4,1,0
25,14,2,Z,001,2:1,3.74,3,5,2,1,0
25,15,2,Z,000,E,1.41,1,1,0,1,0
25,16,2,Z,000,E,4.24,3,1,0,1,0
25,17,2,Z,001,2:1,3.16,3,5,2,1,0
25,18,2,Z,100,2:1,3.74,3,5,2,1,0
25,19,2,Z,010,2:-2,5.83,4,5,4,1,0
25,20,2,Z,000,E,1.41,1,1,0,1,0
25,21,2,Z,000,E,2.45,2,1,0,1,0
25,22,2,Z,010,2:-2,6.16,6,5,4,1,0
25,23,2,Z,000,E,4.24,3,1,0,1,0
25,24,2,Z,100,2:1,2.00,2,5,2,0,1
25,25,2,Z,000,E,2.45,2,1,0,1,0
25,26,2,Z,001,2:1,1.41,1,5,2,0,1
25,27,2,Z,100,2:1,3.16,3,5,2,1,0
25,28,2,Z,000,E,2.45,2,1,0,1,0
25,29,2,Z,000,E,1.41,1,1,0,1,0
25,30,2,Z,000,E,2.83,2,1,0,1,0
25,31,2,Z,010,2:-2,7.07,5,5,4,1,0
25,32,2,Z,000,E,2.45,2,1,0,1,0
25,33,2,Z,000,E,2.83,2,1,0,1,0
25,34,2,Z,000,E,2.45,2,1,0,1,0
25,35,2,Z,001,2:1,1.41,1,5,2,0,1
25,36,2,Z,100,2:1,3.16,3,5,2,1,0
25,37,2,Z,000,E,2.45,2,1,0,1,0
25,38,2,Z,000,E,1.41,1,1,0,1,0
25,39,2,Z,000,E,5.10,4,1,0,1,0
25,40,2,Z,010,2:-2,3.16,3,5,4,1,0
25,41,2,Z,001,2:1,2.45,2,5,2,1,0
25,42,2,Z,000,E,2.83,2,1,0,1,0
25,43,2,Z,000,E,1.41,1,1,0,1,0
25,44,2,Z,001,2:1,3.74,3,5,2,1,0
25,45,2,Z,100,2:1,3.74,3,5,2,1,0
25,46,2,Z,010,2:-2,3.74,3,5,4,1,0
25,47,2,Z,000,E,5.10,4,1,0,1,0
25,48,2,Z,000,E,5.66,4,1,0,1,0
25,49,2,Z,010,2:-2,5.83,4,5,4,1,0
25,0,3,Z,100,3:1,4.58,4,5,2,1,0
25,1,3,Z,010,3:-2,4.47,4,5,4,0,1
25,2,3,Z,000,E,0.00,0,1,0,0,1
25,3,3,Z,000,E,2.45,2,1,0,1,0
25,4,3,Z,010,3:-2,7.07,7,5,4,1,0
25,5,3,Z,000,E,2.45,2,1,0,1,0
25,6,3,Z,100,3:1,2.24,2,5,2,0,1
25,7,3,Z,000,E,5.10,4,1,0,1,0
25,8,3,Z,001,3:1,6.40,4,5,2,1,0
25,9,3,Z,100,3:1,5.39,4,5,2,1,0
25,10,3,Z,000,E,4.24,3,1,0,1,0
25,11,3,Z,000,E,3.74,3,1,0,1,0
25,12,3,Z,000,E,1.41,1,1,0,1,0
25,13,3,Z,010,3:-2,3.74,3,5,4,1,0
25,14,3,Z,001,3:1,3.32,3,5,2,1,0
25,15,3,Z,000,E,2.45,2,1,0,1,0
25,16,3,Z,000,E,1.41,1,1,0,1,0
25,17,3,Z,001,3:1,3.32,3,5,2,1,0
25,18,3,Z,100,3:1,4.58,4,5,2,1,0
25,19,3,Z,010,3:-2,5.10,4,5,4,1,0
25,20,3,Z,000,E,0.00,0,1,0,0,1
25,21,3,Z,000,E,2.45,2,1,0,1,0
25,22,3,Z,010,3:-2,6.16,6,5,4,1,0
25,23,3,Z,000,E,2.83,2,1,0,1,0
25,24,3,Z,100,3:1,2.24,2,5,2,0,1
25,25,3,Z,000,E,2.83,2,1,0,1,0
25,26,3,Z,001,3:1,3.32,3,5,2,1,0
25,27,3,Z,100,3:1,2.24,2,5,2,0,1
25,28,3,Z,000,E,1.41,1,1,0,1,0
25,29,3,Z,000,E,2.45,2,1,0,1,0
25,30,3,Z,000,E,5.10,4,1,0,1,0
25,31,3,Z,010,3:-2,7.35,6,5,4,1,0
25,32,3,Z,000,E,2.45,2,1,0,1,0
25,33,3,Z,000,E,2.45,2,1,0,1,0
25,34,3,Z,000,E,2.83,2,1,0,1,0
25,35,3,Z,001,3:1,3.32,3,5,2,1,0
25,36,3,Z,100,3:1,2.24,2,5,2,0,1
25,37,3,Z,000,E,2.83,2,1,0,1,0
25,38,3,Z,000,E,3.74,3,1,0,1,0
25,39,3,Z,000,E,4.24,3,1,0,1,0
25,40,3,Z,010,3:-2,4.47,4,5,4,0,1
25,41,3,Z,001,3:1,4.12,4,5,2,1,0
25,42,3,Z,000,E,2.83,2,1,0,1,0
25,43,3,Z,000,E,1.41,1,1,0,1,0
25,44,3,Z,001,3:1,5.39,5,5,2,1,0
25,45,3,Z,100,3:1,3.00,3,5,2,1,0
25,46,3,Z,010,3:-2,5.10,4,5,4,1,0
25,47,3,Z,000,E,5.10,4,1,0,1,0
25,48,3,Z,000,E,3.74,3,1,0,1,0
25,49,3,Z,010,3:-2,6.16,5,5,4,1,0
25,0,4,Z,100,4:1,3.16,3,3,2,1,0
25,1,4,Z,010,4:-2,5.10,4,3,4,1,0
25,2,4,Z,000,E,1.41,1,1,0,1,0
25,3,4,Z,000,E,2.83,2,1,0,1,0
25,4,4,Z,010,4:-2,7.35,7,3,4,1,0
25,5,4,Z,000,E,1.41,1,1,0,1,0
25,6,4,Z,100,4:1,4.24,4,3,2,1,0
25,7,4,Z,000,E,6.48,5,1,0,1,0
25,8,4,Z,001,4:1,5.83,4,3,2,1,0
25,9,4,Z,100,4:1,4.90,4,3,2,1,0
25,10,4,Z,000,E,7.07,5,1,0,1,0
25,11,4,Z,000,E,2.45,2,1,0,1,0
25,12,4,Z,000,E,2.45,2,1,0,1,0
25,13,4,Z,010,4:-2,5.10,4,3,4,1,0
25,14,4,Z,001,4:1,3.16,3,3,2,1,0
25,15,4,Z,000,E,5.10,4,1,0,1,0
25,16,4,Z,000,E,1.41,1,1,0,1,0
25,17,4,Z,001,4:1,3.74,3,3,2,1,0
25,18,4,Z,100,4:1,5.48,5,3,2,1,0
25,19,4,Z,010,4:-2,5.10,4,3,4,1,0
25,20,4,Z,000,E,1.41,1,1,0,1,0
25,21,4,Z,000,E,2.83,2,1,0,1,0
25,22,4,Z,010,4:-2,6.78,6,3,4,1,0
25,23,4,Z,000,E,1.41,1,1,0,1,0
25,24,4,Z,100,4:1,2.83,2,3,2,1,0
25,25,4,Z,000,E,3.74,3,1,0,1,0
25,26,4,Z,001,4:1,3.16,3,3,2,1,0
25,27,4,Z,100,4:1,2.83,2,3,2,1,0
25,28,4,Z,000,E,1.41,1,1,0,1,0
25,29,4,Z,000,E,3.74,3,1,0,1,0
25,30,4,Z,000,E,6.48,5,1,0,1,0
25,31,4,Z,010,4:-2,6.78,6,3,4,1,0
25,32,4,Z,000,E,3.74,3,1,0,1,0
25,33,4,Z,000,E,1.41,1,1,0,1,0
25,34,4,Z,000,E,3.74,3,1,0,1,0
25,35,4,Z,001,4:1,3.16,3,3,2,1,0
25,36,4,Z,100,4:1,2.83,2,3,2,1,0
25,37,4,Z,000,E,2.45,2,1,0,1,0
25,38,4,Z,000,E,6.16,5,1,0,1,0
25,39,4,Z,000,E,2.83,2,1,0,1,0
25,40,4,Z,010,4:-2,5.10,4,3,4,1,0
25,41,4,Z,001,4:1,4.24,4,3,2,1,0
25,42,4,Z,000,E,2.83,2,1,0,1,0
25,43,4,Z,000,E,4.24,3,1,0,1,0
25,44,4,Z,001,4:1,5.10,5,3,2,1,0
25,45,4,Z,100,4:1,3.74,3,3,2,1,0
25,46,4,Z,010,4:-2,6.78,6,3,4,1,0
25,47,4,Z,000,E,5.10,4,1,0,1,0
25,48,4,Z,000,E,2.45,2,1,0,1,0
25,49,4,Z,010,4:-2,6.48,5,3,4,1,0
30,0,0,Z,110,E,2.83,2,1,0,1,0
30,1,0,Z,000,E,2.45,2,1,0,1,0
30,2,0,Z,000,E,2.83,2,1,0,1,0
30,3,0,Z,010,E,3.74,3,1,0,1,0
30,4,0,Z,000,E,2.45,2,1,0,1,0
30,5,0,Z,000,E,2.83,2,1,0,1,0
30,6,0,Z,101,E,5.66,4,1,0,1,0
30,7,0,Z,000,E,4.90,4,1,0,1,0
30,8,0,Z,000,E,3.74,3,1,0,1,0
30,9,0,Z,100,E,6.16,5,1,0,1,0
30,10,0,Z,000,E,4.90,4,1,0,1,0
30,11,0,Z,000,E,3.74,3,1,0,1,0
30,12,0,Z,011,E,1.41,1,1,0,1,0
30,13,0,Z,000,E,2.83,2,1,0,1,0
30,14,0,Z,000,E,2.83,2,1,0,1,0
30,15,0,Z,001,E,2.45,2,1,0,1,0
30,16,0,Z,000,E,2.83,2,1,0,1,0
30,17,0,Z,000,E,2.83,2,1,0,1,0
30,18,0,Z,110,E,2.83,2,1,0,1,0
30,19,0,Z,000,E,2.45,2,1,0,1,0
30,20,0,Z,000,E,2.83,2,1,0,1,0
30,21,0,Z,010,E,3.74,3,1,0,1,0
30,22,0,Z,000,E,2.45,2,1,0,1,0
30,23,0,Z,000,E,2.45,2,1,0,1,0
30,24,0,Z,101,E,2.45,2,1,0,1,0
30,25,0,Z,000,E,3.74,3,1,0,1,0
30,26,0,Z,000,E,1.41,1,1,0,1,0
30,27,0,Z,100,E,2.45,2,1,0,1,0
30,28,0,Z,000,E,2.83,2,1,0,1,0
30,29,0,Z,000,E,3.74,3,1,0,1,0
30,30,0,Z,010,E,4.90,4,1,0,1,0
30,31,0,Z,000,E,2.83,2,1,0,1,0
30,32,0,Z,000,E,2.83,2,1,0,1,0
30,33,0,Z,001,E,1.41,1,1,0,1,0
30,34,0,Z,000,E,2.83,2,1,0,1,0
30,35,0,Z,000,E,1.41,1,1,0,1,0
30,36,0,Z,100,E,2.45,2,1,0,1,0
30,37,0,Z,000,E,2.83,2,1,0,1,0
30,38,0,Z,000,E,2.83,2,1,0,1,0
30,39,0,Z,011,E,2.83,2,1,0,1,0
30,40,0,Z,000,E,2.45,2,1,0,1,0
30,41,0,Z,000,E,5.10,4,1,0,1,0
30,42,0,Z,001,E,2.83,2,1,0,1,0
30,43,0,Z,000,E,1.41,1,1,0,1,0
30,44,0,Z,000,E,2.83,2,1,0,1,0
30,45,0,Z,110,E,4.90,4,1,0,1,0
30,46,0,Z,000,E,6.16,5,1,0,1,0
30,47,0,Z,000,E,7.87,6,1,0,1,0
30,48,0,Z,011,E,2.45,2,1,0,1,0
30,49,0,Z,000,E,2.83,2,1,0,1,0
30,0,1,Z,110,1:-1,3.00,2,3,1,1,0
30,1,1,Z,000,E,2.45,2,1,0,1,0
30,2,1,Z,000,E,2.83,2,1,0,1,0
30,3,1,Z,010,1:-2,5.48,5,3,2,1,0
30,4,1,Z,000,E,2.45,2,1,0,1,0
30,5,1,Z,000,E,2.83,2,1,0,1,0
30,6,1,Z,101,1:2,6.00,4,3,2,1,0
30,7,1,Z,000,E,4.90,4,1,0,1,0
30,8,1,Z,000,E,3.74,3,1,0,1,0
30,9,1,Z,100,1:1,6.71,5,3,1,1,0
30,10,1,Z,000,E,4.90,4,1,0,1,0
30,11,1,Z,000,E,3.74,3,1,0,1,0
30,12,1,Z,011,1:-1,1.00,1,3,1,0,1
30,13,1,Z,000,E,2.83,2,1,0,1,0
30,14,1,Z,000,E,2.83,2,1,0,1,0
30,15,1,Z,001,1:1,3.00,2,3,1,1,0
30,16,1,Z,000,E,2.83,2,1,0,1,0
30,17,1,Z,000,E,2.83,2,1,0,1,0
30,18,1,Z,110,1:-1,3.00,2,3,1,1,0
30,19,1,Z,000,E,2.45,2,1,0,1,0
30,20,1,Z,000,E,2.83,2,1,0,1,0
30,21,1,Z,010,1:-2,5.48,5,3,2,1,0
30,22,1,Z,000,E,2.45,2,1,0,1,0
30,23,1,Z,000,E,2.45,2,1,0,1,0
30,24,1,Z,101,1:2,2.45,2,3,2,1,0
30,25,1,Z,000,E,3.74,3,1,0,1,0
30,26,1,Z,000,E,1.41,1,1,0,1,0
30,27,1,Z,100,1:1,3.00,2,3,1,1,0
30,28,1,Z,000,E,2.83,2,1,0,1,0
30,29,1,Z,000,E,3.74,3,1,0,1,0
30,30,1,Z,010,1:-2,6.00,4,3,2,1,0
30,31,1,Z,000,E,2.83,2,1,0,1,0
30,32,1,Z,000,E,2.83,2,1,0,1,0
30,33,1,Z,001,1:1,1.00,1,3,1,0,1
30,34,1,Z,000,E,2.83,2,1,0,1,0
30,35,1,Z,000,E,1.41,1,1,0,1,0
30,36,1,Z,100,1:1,3.00,2,3,1,1,0
30,37,1,Z,000,E,2.83,2,1,0,1,0
30,38,1,Z,000,E,2.83,2,1,0,1,0
30,39,1,Z,011,1:-1,3.00,2,3,1,1,0
30,40,1,Z,000,E,2.45,2,1,0,1,0
30,41,1,Z,000,E,5.10,4,1,0,1,0
30,42,1,Z,001,1:1,3.61,3,3,1,1,0
30,43,1,Z,000,E,1.41,1,1,0,1,0
30,44,1,Z,000,E,2.83,2,1,0,1,0
30,45,1,Z,110,1:-1,4.58,4,3,1,1,0
30,46,1,Z,000,E,6.16,5,1,0,1,0
30,47,1,Z,000,E,7.87,6,1,0,1,0
30,48,1,Z,011,1:-1,3.00,2,3,1,1,0
30,49,1,Z,000,E,2.83,2,1,0,1,0
30,0,2,Z,110,2:-1,2.45,2,5,2,1,0
30,1,2,Z,000,E,3.74,3,1,0,1,0
30,2,2,Z,000,E,3.74,3,1,0,1,0
30,3,2,Z,010,2:-2,5.48,5,5,4,1,0
30,4,2,Z,000,E,2.45,2,1,0,1,0
30,5,2,Z,000,E,2.83,2,1,0,1,0
30,6,2,Z,101,2:2,4.90,4,5,4,1,0
30,7,2,Z,000,E,5.10,4,1,0,1,0
30,8,2,Z,000,E,6.16,5,1,0,1,0
30,9,2,Z,100,2:1,6.00,4,5,2,1,0
30,10,2,Z,000,E,4.90,4,1,0,1,0
30,11,2,Z,000,E,3.74,3,1,0,1,0
30,12,2,Z,011,2:-1,2.00,2,5,2,1,0
30,13,2,Z,000,E,4.24,3,1,0,1,0
30,14,2,Z,000,E,2.45,2,1,0,1,0
30,15,2,Z,001,2:1,3.46,2,5,2,1,0
30,16,2,Z,000,E,2.83,2,1,0,1,0
30,17,2,Z,000,E,2.83,2,1,0,1,0
30,18,2,Z,110,2:-1,2.45,2,5,2,1,0
30,19,2,Z,000,E,3.74,3,1,0,1,0
30,20,2,Z,000,E,3.74,3,1,0,1,0
30,21,2,Z,010,2:-2,5.48,5,5,4,1,0
30,22,2,Z,000,E,2.45,2,1,0,1,0
30,23,2,Z,000,E,2.45,2,1,0,1,0
30,24,2,Z,101,2:2,2.45,2,5,4,1,0
30,25,2,Z,000,E,2.83,2,1,0,1,0
30,26,2,Z,000,E,1.41,1,1,0,1,0
30,27,2,Z,100,2:1,3.46,2,5,2,1,0
30,28,2,Z,000,E,2.83,2,1,0,1,0
30,29,2,Z,000,E,4.90,4,1,0,1,0
30,30,2,Z,010,2:-2,4.90,4,5,4,1,0
30,31,2,Z,000,E,2.83,2,1,0,1,0
30,32,2,Z,000,E,3.74,3,1,0,1,0
30,33,2,Z,001,2:1,2.00,2,5,2,1,0
30,34,2,Z,000,E,2.83,2,1,0,1,0
30,35,2,Z,000,E,1.41,1,1,0,1,0
30,36,2,Z,100,2:1,3.46,2,5,2,1,0
30,37,2,Z,000,E,2.83,2,1,0,1,0
30,38,2,Z,000,E,2.83,2,1,0,1,0
30,39,2,Z,011,2:-1,2.45,2,5,2,1,0
30,40,2,Z,000,E,2.83,2,1,0,1,0
30,41,2,Z,000,E,4.90,4,1,0,1,0
30,42,2,Z,001,2:1,3.16,3,5,2,1,0
30,43,2,Z,000,E,1.41,1,1,0,1,0
30,44,2,Z,000,E,2.83,2,1,0,1,0
30,45,2,Z,110,2:-1,5.48,5,5,2,1,0
30,46,2,Z,000,E,3.74,3,1,0,1,0
30,47,2,Z,000,E,7.87,6,1,0,1,0
30,48,2,Z,011,2:-1,3.46,2,5,2,1,0
30,49,2,Z,000,E,3.74,3,1,0,1,0
30,0,3,Z,110,3:-1,3.32,3,5,2,1,0
30,1,3,Z,000,E,2.83,2,1,0,1,0
30,2,3,Z,000,E,3.74,3,1,0,1,0
30,3,3,Z,010,3:-2,5.10,5,5,4,1,0
30,4,3,Z,000,E,2.83,2,1,0,1,0
30,5,3,Z,000,E,4.24,3,1,0,1,0
30,6,3,Z,101,3:2,6.63,6,5,4,1,0
30,7,3,Z,000,E,5.10,4,1,0,1,0
30,8,3,Z,000,E,6.16,5,1,0,1,0
30,9,3,Z,100,3:1,6.40,4,5,2,1,0
30,10,3,Z,000,E,3.74,3,1,0,1,0
30,11,3,Z,000,E,2.45,2,1,0,1,0
30,12,3,Z,011,3:-1,2.24,2,5,2,1,0
30,13,3,Z,000,E,2.45,2,1,0,1,0
30,14,3,Z,000,E,2.45,2,1,0,1,0
30,15,3,Z,001,3:1,3.00,2,5,2,1,0
30,16,3,Z,000,E,2.83,2,1,0,1,0
30,17,3,Z,000,E,2.83,2,1,0,1,0
30,18,3,Z,110,3:-1,3.32,3,5,2,1,0
30,19,3,Z,000,E,2.83,2,1,0,1,0
30,20,3,Z,000,E,3.74,3,1,0,1,0
30,21,3,Z,010,3:-2,5.10,5,5,4,1,0
30,22,3,Z,000,E,2.45,2,1,0,1,0
30,23,3,Z,000,E,2.45,2,1,0,1,0
30,24,3,Z,101,3:2,4.24,4,5,4,1,0
30,25,3,Z,000,E,1.41,1,1,0,1,0
30,26,3,Z,000,E,1.41,1,1,0,1,0
30,27,3,Z,100,3:1,3.00,2,5,2,1,0
30,28,3,Z,000,E,3.74,3,1,0,1,0
30,29,3,Z,000,E,4.90,4,1,0,1,0
30,30,3,Z,010,3:-2,6.00,4,5,4,1,0
30,31,3,Z,000,E,2.83,2,1,0,1,0
30,32,3,Z,000,E,2.45,2,1,0,1,0
30,33,3,Z,001,3:1,2.24,2,5,2,1,0
30,34,3,Z,000,E,1.41,1,1,0,1,0
30,35,3,Z,000,E,1.41,1,1,0,1,0
30,36,3,Z,100,3:1,3.00,2,5,2,1,0
30,37,3,Z,000,E,2.83,2,1,0,1,0
30,38,3,Z,000,E,2.83,2,1,0,1,0
30,39,3,Z,011,3:-1,3.32,3,5,2,1,0
30,40,3,Z,000,E,4.24,3,1,0,1,0
30,41,3,Z,000,E,2.83,2,1,0,1,0
30,42,3,Z,001,3:1,3.32,3,5,2,1,0
30,43,3,Z,000,E,2.83,2,1,0,1,0
30,44,3,Z,000,E,3.74,3,1,0,1,0
30,45,3,Z,110,3:-1,5.20,5,5,2,1,0
30,46,3,Z,000,E,5.10,4,1,0,1,0
30,47,3,Z,000,E,5.10,4,1,0,1,0
30,48,3,Z,011,3:-1,3.00,2,5,2,1,0
30,49,3,Z,000,E,1.41,1,1,0,1,0
30,0,4,Z,110,4:-1,4.24,4,3,2,1,0
30,1,4,Z,000,E,2.83,2,1,0,1,0
30,2,4,Z,000,E,3.74,3,1,0,1,0
30,3,4,Z,010,4:-2,5.48,5,3,4,1,0
30,4,4,Z,000,E,2.83,2,1,0,1,0
30,5,4,Z,000,E,5.66,4,1,0,1,0
30,6,4,Z,101,4:2,8.49,8,3,4,1,0
30,7,4,Z,000,E,3.74,3,1,0,1,0
30,8,4,Z,000,E,6.16,5,1,0,1,0
30,9,4,Z,100,4:1,6.93,4,3,2,1,0
30,10,4,Z,000,E,3.74,3,1,0,1,0
30,11,4,Z,000,E,1.41,1,1,0,1,0
30,12,4,Z,011,4:-1,2.83,2,3,2,1,0
30,13,4,Z,000,E,2.83,2,1,0,1,0
30,14,4,Z,000,E,2.45,2,1,0,1,0
30,15,4,Z,001,4:1,2.83,2,3,2,1,0
30,16,4,Z,000,E,2.83,2,1,0,1,0
30,17,4,Z,000,E,2.83,2,1,0,1,0
30,18,4,Z,110,4:-1,4.24,4,3,2,1,0
30,19,4,Z,000,E,2.83,2,1,0,1,0
30,20,4,Z,000,E,3.74,3,1,0,1,0
30,21,4,Z,010,4:-2,5.48,5,3,4,1,0
30,22,4,Z,000,E,2.45,2,1,0,1,0
30,23,4,Z,000,E,2.45,2,1,0,1,0
30,24,4,Z,101,4:2,6.16,6,3,4,1,0
30,25,4,Z,000,E,1.41,1,1,0,1,0
30,26,4,Z,000,E,2.45,2,1,0,1,0
30,27,4,Z,100,4:1,2.83,2,3,2,1,0
30,28,4,Z,000,E,3.74,3,1,0,1,0
30,29,4,Z,000,E,4.90,4,1,0,1,0
30,30,4,Z,010,4:-2,7.48,6,3,4,1,0
30,31,4,Z,000,E,2.83,2,1,0,1,0
30,32,4,Z,000,E,1.41,1,1,0,1,0
30,33,4,Z,001,4:1,2.83,2,3,2,1,0
30,34,4,Z,000,E,1.41,1,1,0,1,0
30,35,4,Z,000,E,2.45,2,1,0,1,0
30,36,4,Z,100,4:1,2.83,2,3,2,1,0
30,37,4,Z,000,E,2.83,2,1,0,1,0
30,38,4,Z,000,E,2.83,2,1,0,1,0
30,39,4,Z,011,4:-1,4.24,4,3,2,1,0
30,40,4,Z,000,E,5.10,4,1,0,1,0
30,41,4,Z,000,E,2.83,2,1,0,1,0
30,42,4,Z,001,4:1,3.74,3,3,2,1,0
30,43,4,Z,000,E,2.83,2,1,0,1,0
30,44,4,Z,000,E,4.90,4,1,0,1,0
30,45,4,Z,110,4:-1,5.10,5,3,2,1,0
30,46,4,Z,000,E,7.87,6,1,0,1,0
30,47,4,Z,000,E,2.45,2,1,0,1,0
30,48,4,Z,011,4:-1,2.83,2,3,2,1,0
30,49,4,Z,000,E,0.00,0,1,0,0,1
35,0,0,Z,100,E,1.41,1,1,0,1,0
35,1,0,Z,000,E,2.83,2,1,0,1,0
35,2,0,Z,010,E,3.74,3,1,0,1,0
35,3,0,Z,000,E,3.74,3,1,0,1,0
35,4,0,Z,001,E,4.90,4,1,0,1,0
35,5,0,Z,000,E,6.48,5,1,0,1,0
35,6,0,Z,100,E,6.16,5,1,0,1,0
35,7,0,Z,000,E,6.48,5,1,0,1,0
35,8,0,Z,000,E,5.10,4,1,0,1,0
35,9,0,Z,100,E,6.16,5,1,0,1,0
35,10,0,Z,001,E,6.16,5,1,0,1,0
35,11,0,Z,010,E,1.41,1,1,0,1,0
35,12,0,Z,000,E,2.45,2,1,0,1,0
35,13,0,Z,001,E,4.90,4,1,0,1,0
35,14,0,Z,000,E,3.74,3,1,0,1,0
35,15,0,Z,000,E,2.45,2,1,0,1,0
35,16,0,Z,000,E,2.45,2,1,0,1,0
35,17,0,Z,010,E,4.24,3,1,0,1,0
35,18,0,Z,100,E,1.41,1,1,0,1,0
35,19,0,Z,000,E,2.83,2,1,0,1,0
35,20,0,Z,010,E,3.74,3,1,0,1,0
35,21,0,Z,000,E,3.74,3,1,0,1,0
35,22,0,Z,001,E,2.83,2,1,0,1,0
35,23,0,Z,000,E,2.45,2,1,0,1,0
35,24,0,Z,100,E,5.10,4,1,0,1,0
35,25,0,Z,000,E,1.41,1,1,0,1,0
35,26,0,Z,000,E,3.74,3,1,0,1,0
35,27,0,Z,100,E,2.45,2,1,0,1,0
35,28,0,Z,000,E,3.74,3,1,0,1,0
35,29,0,Z,010,E,6.16,5,1,0,1,0
35,30,0,Z,000,E,3.74,3,1,0,1,0
35,31,0,Z,001,E,4.90,4,1,0,1,0
35,32,0,Z,000,E,2.45,2,1,0,1,0
35,33,0,Z,000,E,5.10,4,1,0,1,0
35,34,0,Z,000,E,2.83,2,1,0,1,0
35,35,0,Z,000,E,3.74,3,1,0,1,0
35,36,0,Z,100,E,2.45,2,1,0,1,0
35,37,0,Z,001,E,4.90,4,1,0,1,0
35,38,0,Z,010,E,2.45,2,1,0,1,0
35,39,0,Z,000,E,3.74,3,1,0,1,0
35,40,0,Z,001,E,6.48,5,1,0,1,0
35,41,0,Z,000,E,2.45,2,1,0,1,0
35,42,0,Z,000,E,1.41,1,1,0,1,0
35,43,0,Z,000,E,5.66,4,1,0,1,0
35,44,0,Z,010,E,6.16,5,1,0,1,0
35,45,0,Z,100,E,6.16,5,1,0,1,0
35,46,0,Z,001,E,6.48,5,1,0,1,0
35,47,0,Z,010,E,3.74,3,1,0,1,0
35,48,0,Z,000,E,1.41,1,1,0,1,0
35,49,0,Z,001,E,2.83,2,1,0,1,0
35,0,1,Z,100,1:1,1.73,1,3,1,1,0
35,1,1,Z,000,E,2.83,2,1,0,1,0
35,2,1,Z,010,1:-2,5.48,5,3,2,1,0
35,3,1,Z,000,E,3.74,3,1,0,1,0
35,4,1,Z,001,1:1,5.39,4,3,1,1,0
35,5,1,Z,000,E,6.48,5,1,0,1,0
35,6,1,Z,100,1:1,5.92,5,3,1,1,0
35,7,1,Z,000,E,6.48,5,1,0,1,0
35,8,1,Z,000,E,5.10,4,1,0,1,0
35,9,1,Z,100,1:1,6.56,5,3,1,1,0
35,10,1,Z,001,1:1,6.71,5,3,1,1,0
35,11,1,Z,010,1:-2,2.45,2,3,2,1,0
35,12,1,Z,000,E,2.45,2,1,0,1,0
35,13,1,Z,001,1:1,5.74,5,3,1,1,0
35,14,1,Z,000,E,3.74,3,1,0,1,0
35,15,1,Z,000,E,2.45,2,1,0,1,0
35,16,1,Z,000,E,2.45,2,1,0,1,0
35,17,1,Z,010,1:-2,4.69,3,3,2,1,0
35,18,1,Z,100,1:1,1.73,1,3,1,1,0
35,19,1,Z,000,E,2.83,2,1,0,1,0
35,20,1,Z,010,1:-2,5.48,5,3,2,1,0
35,21,1,Z,000,E,3.74,3,1,0,1,0
35,22,1,Z,001,1:1,3.00,2,3,1,1,0
35,23,1,Z,000,E,2.45,2,1,0,1,0
35,24,1,Z,100,1:1,4.36,3,3,1,1,0
35,25,1,Z,000,E,1.41,1,1,0,1,0
35,26,1,Z,000,E,3.74,3,1,0,1,0
35,27,1,Z,100,1:1,2.24,2,3,1,1,0
35,28,1,Z,000,E,3.74,3,1,0,1,0
35,29,1,Z,010,1:-2,7.07,5,3,2,1,0
35,30,1,Z,000,E,3.74,3,1,0,1,0
35,31,1,Z,001,1:1,5.39,4,3,1,1,0
35,32,1,Z,000,E,2.45,2,1,0,1,0
35,33,1,Z,000,E,5.10,4,1,0,1,0
35,34,1,Z,000,E,2.83,2,1,0,1,0
35,35,1,Z,000,E,3.74,3,1,0,1,0
35,36,1,Z,100,1:1,2.24,2,3,1,1,0
35,37,1,Z,001,1:1,5.39,4,3,1,1,0
35,38,1,Z,010,1:-2,3.74,3,3,2,1,0
35,39,1,Z,000,E,3.74,3,1,0,1,0
35,40,1,Z,001,1:1,7.28,6,3,1,1,0
35,41,1,Z,000,E,2.45,2,1,0,1,0
35,42,1,Z,000,E,1.41,1,1,0,1,0
35,43,1,Z,000,E,5.66,4,1,0,1,0
35,44,1,Z,010,1:-2,5.83,5,3,2,1,0
35,45,1,Z,100,1:1,6.56,5,3,1,1,0
35,46,1,Z,001,1:1,6.71,5,3,1,1,0
35,47,1,Z,010,1:-2,5.10,4,3,2,1,0
35,48,1,Z,000,E,1.41,1,1,0,1,0
35,49,1,Z,001,1:1,3.61,3,3,1,1,0
35,0,2,Z,100,2:1,3.16,3,5,2,1,0
35,1,2,Z,000,E,3.74,3,1,0,1,0
35,2,2,Z,010,2:-2,6.16,6,5,4,1,0
35,3,2,Z,000,E,4.24,3,1,0,1,0
35,4,2,Z,001,2:1,3.46,2,5,2,1,0
35,5,2,Z,000,E,6.16,5,1,0,1,0
35,6,2,Z,100,2:1,6.48,5,5,2,1,0
35,7,2,Z,000,E,8.60,7,1,0,1,0
35,8,2,Z,000,E,3.74,3,1,0,1,0
35,9,2,Z,100,2:1,8.37,6,5,2,1,0
35,10,2,Z,001,2:1,4.69,3,5,2,1,0
35,11,2,Z,010,2:-2,3.74,3,5,4,1,0
35,12,2,Z,000,E,5.10,4,1,0,1,0
35,13,2,Z,001,2:1,4.47,4,5,2,1,0
35,14,2,Z,000,E,5.10,4,1,0,1,0
35,15,2,Z,000,E,1.41,1,1,0,1,0
35,16,2,Z,000,E,2.83,2,1,0,1,0
35,17,2,Z,010,2:-2,4.69,3,5,4,1,0
35,18,2,Z,100,2:1,3.16,3,5,2,1,0
35,19,2,Z,000,E,3.74,3,1,0,1,0
35,20,2,Z,010,2:-2,6.16,6,5,4,1,0
35,21,2,Z,000,E,4.24,3,1,0,1,0
35,22,2,Z,001,2:1,2.00,2,5,2,0,1
35,23,2,Z,000,E,3.74,3,1,0,1,0
35,24,2,Z,100,2:1,3.16,3,5,2,1,0
35,25,2,Z,000,E,1.41,1,1,0,1,0
35,26,2,Z,000,E,4.24,3,1,0,1,0
35,27,2,Z,100,2:1,2.45,2,5,2,1,0
35,28,2,Z,000,E,4.90,4,1,0,1,0
35,29,2,Z,010,2:-2,7.07,5,5,4,1,0
35,30,2,Z,000,E,1.41,1,1,0,1,0
35,31,2,Z,001,2:1,6.00,4,5,2,1,0
35,32,2,Z,000,E,5.10,4,1,0,1,0
35,33,2,Z,000,E,2.45,2,1,0,1,0
35,34,2,Z,000,E,2.45,2,1,0,1,0
35,35,2,Z,000,E,4.24,3,1,0,1,0
35,36,2,Z,100,2:1,2.45,2,5,2,1,0
35,37,2,Z,001,2:1,6.00,4,5,2,1,0
35,38,2,Z,010,2:-2,3.16,3,5,4,1,0
35,39,2,Z,000,E,4.24,3,1,0,1,0
35,40,2,Z,001,2:1,6.48,5,5,2,1,0
35,41,2,Z,000,E,1.41,1,1,0,1,0
35,42,2,Z,000,E,3.74,3,1,0,1,0
35,43,2,Z,000,E,4.24,3,1,0,1,0
35,44,2,Z,010,2:-2,6.78,6,5,4,1,0
35,45,2,Z,100,2:1,5.83,4,5,2,1,0
35,46,2,Z,001,2:1,5.10,4,5,2,1,0
35,47,2,Z,010,2:-2,5.83,4,5,4,1,0
35,48,2,Z,000,E,3.74,3,1,0,1,0
35,49,2,Z,001,2:1,2.00,2,5,2,0,1
35,0,3,Z,100,3:1,2.24,2,5,2,1,0
35,1,3,Z,000,E,3.74,3,1,0,1,0
35,2,3,Z,010,3:-2,6.16,6,5,4,1,0
35,3,3,Z,000,E,4.90,4,1,0,1,0
35,4,3,Z,001,3:1,4.58,4,5,2,1,0
35,5,3,Z,000,E,7.48,6,1,0,1,0
35,6,3,Z,100,3:1,7.68,5,5,2,1,0
35,7,3,Z,000,E,6.16,5,1,0,1,0
35,8,3,Z,000,E,6.16,5,1,0,1,0
35,9,3,Z,100,3:1,7.68,5,5,2,1,0
35,10,3,Z,001,3:1,3.00,2,5,2,1,0
35,11,3,Z,010,3:-2,3.74,3,5,4,1,0
35,12,3,Z,000,E,4.90,4,1,0,1,0
35,13,3,Z,001,3:1,4.12,3,5,2,1,0
35,14,3,Z,000,E,2.45,2,1,0,1,0
35,15,3,Z,000,E,2.45,2,1,0,1,0
35,16,3,Z,000,E,4.24,3,1,0,1,0
35,17,3,Z,010,3:-2,5.10,4,5,4,1,0
35,18,3,Z,100,3:1,2.24,2,5,2,1,0
35,19,3,Z,000,E,3.74,3,1,0,1,0
35,20,3,Z,010,3:-2,6.16,6,5,4,1,0
35,21,3,Z,000,E,2.83,2,1,0,1,0
35,22,3,Z,001,3:1,2.24,2,5,2,0,1
35,23,3,Z,000,E,5.10,4,1,0,1,0
35,24,3,Z,100,3:1,2.24,2,5,2,0,1
35,25,3,Z,000,E,2.45,2,1,0,1,0
35,26,3,Z,000,E,2.45,2,1,0,1,0
35,27,3,Z,100,3:1,3.32,3,5,2,1,0
35,28,3,Z,000,E,6.16,5,1,0,1,0
35,29,3,Z,010,3:-2,7.35,6,5,4,1,0
35,30,3,Z,000,E,3.74,3,1,0,1,0
35,31,3,Z,001,3:1,4.58,4,5,2,1,0
35,32,3,Z,000,E,5.10,4,1,0,1,0
35,33,3,Z,000,E,1.41,1,1,0,1,0
35,34,3,Z,000,E,3.74,3,1,0,1,0
35,35,3,Z,000,E,2.45,2,1,0,1,0
35,36,3,Z,100,3:1,4.58,4,5,2,1,0
35,37,3,Z,001,3:1,4.58,4,5,2,1,0
35,38,3,Z,010,3:-2,4.24,3,5,4,1,0
35,39,3,Z,000,E,6.48,5,1,0,1,0
35,40,3,Z,001,3:1,4.58,4,5,2,1,0
35,41,3,Z,000,E,1.41,1,1,0,1,0
35,42,3,Z,000,E,5.66,4,1,0,1,0
35,43,3,Z,000,E,3.74,3,1,0,1,0
35,44,3,Z,010,3:-2,6.63,6,5,4,1,0
35,45,3,Z,100,3:1,6.40,4,5,2,1,0
35,46,3,Z,001,3:1,4.12,4,5,2,1,0
35,47,3,Z,010,3:-2,5.10,4,5,4,1,0
35,48,3,Z,000,E,2.83,2,1,0,1,0
35,49,3,Z,001,3:1,2.24,2,5,2,1,0
35,0,4,Z,100,4:1,3.16,3,3,2,1,0
35,1,4,Z,000,E,4.24,3,1,0,1,0
35,2,4,Z,010,4:-2,6.78,6,3,4,1,0
35,3,4,Z,000,E,3.74,3,1,0,1,0
35,4,4,Z,001,4:1,6.78,6,3,2,1,0
35,5,4,Z,000,E,8.83,7,1,0,1,0
35,6,4,Z,100,4:1,7.07,5,3,2,1,0
35,7,4,Z,000,E,4.24,3,1,0,1,0
35,8,4,Z,000,E,8.83,7,1,0,1,0
35,9,4,Z,100,4:1,7.07,5,3,2,1,0
35,10,4,Z,001,4:1,2.83,2,3,2,0,1
35,11,4,Z,010,4:-2,4.69,3,3,4,1,0
35,12,4,Z,000,E,5.10,4,1,0,1,0
35,13,4,Z,001,4:1,4.69,3,3,2,1,0
35,14,4,Z,000,E,1.41,1,1,0,1,0
35,15,4,Z,000,E,3.74,3,1,0,1,0
35,16,4,Z,000,E,5.66,4,1,0,1,0
35,17,4,Z,010,4:-2,5.10,4,3,4,1,0
35,18,4,Z,100,4:1,3.16,3,3,2,1,0
35,19,4,Z,000,E,4.24,3,1,0,1,0
35,20,4,Z,010,4:-2,6.78,6,3,4,1,0
35,21,4,Z,000,E,1.41,1,1,0,1,0
35,22,4,Z,001,4:1,2.83,2,3,2,1,0
35,23,4,Z,000,E,6.48,5,1,0,1,0
35,24,4,Z,100,4:1,2.45,2,3,2,1,0
35,25,4,Z,000,E,5.10,4,1,0,1,0
35,26,4,Z,000,E,1.41,1,1,0,1,0
35,27,4,Z,100,4:1,4.24,4,3,2,1,0
35,28,4,Z,000,E,7.48,6,1,0,1,0
35,29,4,Z,010,4:-2,6.78,6,3,4,1,0
35,30,4,Z,000,E,6.16,5,1,0,1,0
35,31,4,Z,001,4:1,3.16,3,3,2,1,0
35,32,4,Z,000,E,5.10,4,1,0,1,0
35,33,4,Z,000,E,4.24,3,1,0,1,0
35,34,4,Z,000,E,5.10,4,1,0,1,0
35,35,4,Z,000,E,1.41,1,1,0,1,0
35,36,4,Z,100,4:1,5.83,4,3,2,1,0
35,37,4,Z,001,4:1,3.16,3,3,2,1,0
35,38,4,Z,010,4:-2,5.83,5,3,4,1,0
35,39,4,Z,000,E,7.07,5,1,0,1,0
35,40,4,Z,001,4:1,4.00,4,3,2,1,0
35,41,4,Z,000,E,4.24,3,1,0,1,0
35,42,4,Z,000,E,5.10,4,1,0,1,0
35,43,4,Z,000,E,4.90,4,1,0,1,0
35,44,4,Z,010,4:-2,7.35,7,3,4,1,0
35,45,4,Z,100,4:1,7.07,5,3,2,1,0
35,46,4,Z,001,4:1,4.00,4,3,2,1,0
35,47,4,Z,010,4:-2,5.10,4,3,4,1,0
35,48,4,Z,000,E,2.45,2,1,0,1,0
35,49,4,Z,001,4:1,3.16,3,3,2,1,0
40,0,0,Z,100,E,2.45,2,1,0,1,0
40,1,0,Z,010,E,3.74,3,1,0,1,0
40,2,0,Z,001,E,3.74,3,1,0,1,0
40,3,0,Z,000,E,3.74,3,1,0,1,0
40,4,0,Z,000,E,7.07,5,1,0,1,0
40,5,0,Z,000,E,8.83,7,1,0,1,0
40,6,0,Z,100,E,7.48,6,1,0,1,0
40,7,0,Z,000,E,6.16,5,1,0,1,0
40,8,0,Z,001,E,6.16,5,1,0,1,0
40,9,0,Z,100,E,6.16,5,1,0,1,0
40,10,0,Z,010,E,2.45,2,1,0,1,0
40,11,0,Z,001,E,3.74,3,1,0,1,0
40,12,0,Z,000,E,3.74,3,1,0,1,0
40,13,0,Z,000,E,3.74,3,1,0,1,0
40,14,0,Z,000,E,1.41,1,1,0,1,0
40,15,0,Z,000,E,2.45,2,1,0,1,0
40,16,0,Z,010,E,5.10,4,1,0,1,0
40,17,0,Z,000,E,2.45,2,1,0,1,0
40,18,0,Z,100,E,2.45,2,1,0,1,0
40,19,0,Z,010,E,3.74,3,1,0,1,0
40,20,0,Z,001,E,3.74,3,1,0,1,0
40,21,0,Z,000,E,2.45,2,1,0,1,0
40,22,0,Z,000,E,3.74,3,1,0,1,0
40,23,0,Z,000,E,5.10,4,1,0,1,0
40,24,0,Z,100,E,0.00,0,1,0,0,1
40,25,0,Z,000,E,2.45,2,1,0,1,0
40,26,0,Z,000,E,3.74,3,1,0,1,0
40,27,0,Z,100,E,2.83,2,1,0,1,0
40,28,0,Z,010,E,7.35,6,1,0,1,0
40,29,0,Z,001,E,6.16,5,1,0,1,0
40,30,0,Z,000,E,5.10,4,1,0,1,0
40,31,0,Z,000,E,2.45,2,1,0,1,0
40,32,0,Z,000,E,5.10,4,1,0,1,0
40,33,0,Z,000,E,2.83,2,1,0,1,0
40,34,0,Z,000,E,4.24,3,1,0,1,0
40,35,0,Z,001,E,5.10,4,1,0,1,0
40,36,0,Z,100,E,4.90,4,1,0,1,0
40,37,0,Z,010,E,3.74,3,1,0,1,0
40,38,0,Z,001,E,1.41,1,1,0,1,0
40,39,0,Z,000,E,5.66,4,1,0,1,0
40,40,0,Z,000,E,3.74,3,1,0,1,0
40,41,0,Z,000,E,2.45,2,1,0,1,0
40,42,0,Z,000,E,5.66,4,1,0,1,0
40,43,0,Z,010,E,6.16,5,1,0,1,0
40,44,0,Z,001,E,6.16,5,1,0,1,0
40,45,0,Z,100,E,6.48,5,1,0,1,0
40,46,0,Z,010,E,1.41,1,1,0,1,0
40,47,0,Z,001,E,4.24,3,1,0,1,0
40,48,0,Z,000,E,1.41,1,1,0,1,0
40,49,0,Z,000,E,2.45,2,1,0,1,0
40,0,1,Z,100,1:1,2.24,2,3,1,1,0
40,1,1,Z,010,1:-2,5.48,5,3,2,1,0
40,2,1,Z,001,1:1,3.32,3,3,1,1,0
40,3,1,Z,000,E,3.74,3,1,0,1,0
40,4,1,Z,000,E,7.07,5,1,0,1,0
40,5,1,Z,000,E,8.83,7,1,0,1,0
40,6,1,Z,100,1:1,7.81,6,3,1,1,0
40,7,1,Z,000,E,6.16,5,1,0,1,0
40,8,1,Z,001,1:1,6.56,5,3,1,1,0
40,9,1,Z,100,1:1,6.71,5,3,1,1,0
40,10,1,Z,010,1:-2,1.41,1,3,2,1,0
40,11,1,Z,001,1:1,4.36,3,3,1,1,0
40,12,1,Z,000,E,3.74,3,1,0,1,0
40,13,1,Z,000,E,3.74,3,1,0,1,0
40,14,1,Z,000,E,1.41,1,1,0,1,0
40,15,1,Z,000,E,2.45,2,1,0,1,0
40,16,1,Z,010,1:-2,5.83,4,3,2,1,0
40,17,1,Z,000,E,2.45,2,1,0,1,0
40,18,1,Z,100,1:1,2.24,2,3,1,1,0
40,19,1,Z,010,1:-2,5.48,5,3,2,1,0
40,20,1,Z,001,1:1,3.32,3,3,1,1,0
40,21,1,Z,000,E,2.45,2,1,0,1,0
40,22,1,Z,000,E,3.74,3,1,0,1,0
40,23,1,Z,000,E,5.10,4,1,0,1,0
40,24,1,Z,100,1:1,1.00,1,3,1,0,1
40,25,1,Z,000,E,2.45,2,1,0,1,0
40,26,1,Z,000,E,3.74,3,1,0,1,0
40,27,1,Z,100,1:1,3.00,2,3,1,1,0
40,28,1,Z,010,1:-2,8.37,6,3,2,1,0
40,29,1,Z,001,1:1,5.92,5,3,1,1,0
40,30,1,Z,000,E,5.10,4,1,0,1,0
40,31,1,Z,000,E,2.45,2,1,0,1,0
40,32,1,Z,000,E,5.10,4,1,0,1,0
40,33,1,Z,000,E,2.83,2,1,0,1,0
40,34,1,Z,000,E,4.24,3,1,0,1,0
40,35,1,Z,001,1:1,5.00,4,3,1,1,0
40,36,1,Z,100,1:1,5.39,4,3,1,1,0
40,37,1,Z,010,1:-2,3.74,3,3,2,1,0
40,38,1,Z,001,1:1,2.24,2,3,1,1,0
40,39,1,Z,000,E,5.66,4,1,0,1,0
40,40,1,Z,000,E,3.74,3,1,0,1,0
40,41,1,Z,000,E,2.45,2,1,0,1,0
40,42,1,Z,000,E,5.66,4,1,0,1,0
40,43,1,Z,010,1:-2,5.83,5,3,2,1,0
40,44,1,Z,001,1:1,6.56,5,3,1,1,0
40,45,1,Z,100,1:1,6.71,5,3,1,1,0
40,46,1,Z,010,1:-2,2.45,2,3,2,1,0
40,47,1,Z,001,1:1,4.36,3,3,1,1,0
40,48,1,Z,000,E,1.41,1,1,0,1,0
40,49,1,Z,000,E,2.45,2,1,0,1,0
40,0,2,Z,100,2:1,2.45,2,5,2,1,0
40,1,2,Z,010,2:-2,6.16,6,5,4,1,0
40,2,2,Z,001,2:1,3.74,3,5,2,1,0
40,3,2,Z,000,E,2.83,2,1,0,1,0
40,4,2,Z,000,E,6.48,5,1,0,1,0
40,5,2,Z,000,E,9.90,7,1,0,1,0
40,6,2,Z,100,2:1,8.25,6,5,2,1,0
40,7,2,Z,000,E,6.16,5,1,0,1,0
40,8,2,Z,001,2:1,8.37,6,5,2,1,0
40,9,2,Z,100,2:1,6.00,4,5,2,1,0
40,10,2,Z,010,2:-2,2.45,2,5,4,1,0
40,11,2,Z,001,2:1,6.48,5,5,2,1,0
40,12,2,Z,000,E,2.83,2,1,0,1,0
40,13,2,Z,000,E,3.74,3,1,0,1,0
40,14,2,Z,000,E,1.41,1,1,0,1,0
40,15,2,Z,000,E,2.83,2,1,0,1,0
40,16,2,Z,010,2:-2,7.07,5,5,4,1,0
40,17,2,Z,000,E,2.45,2,1,0,1,0
40,18,2,Z,100,2:1,2.45,2,5,2,1,0
40,19,2,Z,010,2:-2,6.16,6,5,4,1,0
40,20,2,Z,001,2:1,3.74,3,5,2,1,0
40,21,2,Z,000,E,2.83,2,1,0,1,0
40,22,2,Z,000,E,5.10,4,1,0,1,0
40,23,2,Z,000,E,2.45,2,1,0,1,0
40,24,2,Z,100,2:1,2.00,2,5,2,0,1
40,25,2,Z,000,E,3.74,3,1,0,1,0
40,26,2,Z,000,E,1.41,1,1,0,1,0
40,27,2,Z,100,2:1,4.47,4,5,2,1,0
40,28,2,Z,010,2:-2,8.37,6,5,4,1,0
40,29,2,Z,001,2:1,5.10,4,5,2,1,0
40,30,2,Z,000,E,5.66,4,1,0,1,0
40,31,2,Z,000,E,3.74,3,1,0,1,0
40,32,2,Z,000,E,3.74,3,1,0,1,0
40,33,2,Z,000,E,2.45,2,1,0,1,0
40,34,2,Z,000,E,5.10,4,1,0,1,0
40,35,2,Z,001,2:1,4.69,3,5,2,1,0
40,36,2,Z,100,2:1,5.83,4,5,2,1,0
40,37,2,Z,010,2:-2,3.74,3,5,4,1,0
40,38,2,Z,001,2:1,4.24,4,5,2,1,0
40,39,2,Z,000,E,5.10,4,1,0,1,0
40,40,2,Z,000,E,2.45,2,1,0,1,0
40,41,2,Z,000,E,3.74,3,1,0,1,0
40,42,2,Z,000,E,4.24,3,1,0,1,0
40,43,2,Z,010,2:-2,6.78,6,5,4,1,0
40,44,2,Z,001,2:1,5.83,4,5,2,1,0
40,45,2,Z,100,2:1,6.00,4,5,2,1,0
40,46,2,Z,010,2:-2,3.74,3,5,4,1,0
40,47,2,Z,001,2:1,5.83,4,5,2,1,0
40,48,2,Z,000,E,0.00,0,1,0,0,1
40,49,2,Z,000,E,3.74,3,1,0,1,0
40,0,3,Z,100,3:1,3.00,2,5,2,1,0
40,1,3,Z,010,3:-2,6.16,6,5,4,1,0
40,2,3,Z,001,3:1,5.20,3,5,2,1,0
40,3,3,Z,000,E,4.24,3,1,0,1,0
40,4,3,Z,000,E,8.83,7,1,0,1,0
40,5,3,Z,000,E,8.83,7,1,0,1,0
40,6,3,Z,100,3:1,7.55,5,5,2,1,0
40,7,3,Z,000,E,7.48,6,1,0,1,0
40,8,3,Z,001,3:1,7.68,5,5,2,1,0
40,9,3,Z,100,3:1,4.58,4,5,2,1,0
40,10,3,Z,010,3:-2,3.74,3,5,4,1,0
40,11,3,Z,001,3:1,5.39,5,5,2,1,0
40,12,3,Z,000,E,3.74,3,1,0,1,0
40,13,3,Z,000,E,1.41,1,1,0,1,0
40,14,3,Z,000,E,2.45,2,1,0,1,0
40,15,3,Z,000,E,5.10,4,1,0,1,0
40,16,3,Z,010,3:-2,6.16,5,5,4,1,0
40,17,3,Z,000,E,1.41,1,1,0,1,0
40,18,3,Z,100,3:1,3.00,2,5,2,1,0
40,19,3,Z,010,3:-2,6.16,6,5,4,1,0
40,20,3,Z,001,3:1,3.32,3,5,2,1,0
40,21,3,Z,000,E,3.74,3,1,0,1,0
40,22,3,Z,000,E,4.90,4,1,0,1,0
40,23,3,Z,000,E,0.00,0,1,0,0,1
40,24,3,Z,100,3:1,2.24,2,5,2,1,0
40,25,3,Z,000,E,2.83,2,1,0,1,0
40,26,3,Z,000,E,2.83,2,1,0,1,0
40,27,3,Z,100,3:1,6.40,6,5,2,1,0
40,28,3,Z,010,3:-2,8.25,6,5,4,1,0
40,29,3,Z,001,3:1,5.20,3,5,2,1,0
40,30,3,Z,000,E,5.10,4,1,0,1,0
40,31,3,Z,000,E,4.24,3,1,0,1,0
40,32,3,Z,000,E,2.83,2,1,0,1,0
40,33,3,Z,000,E,4.24,3,1,0,1,0
40,34,3,Z,000,E,3.74,3,1,0,1,0
40,35,3,Z,001,3:1,5.39,4,5,2,1,0
40,36,3,Z,100,3:1,5.20,3,5,2,1,0
40,37,3,Z,010,3:-2,4.24,3,5,4,1,0
40,38,3,Z,001,3:1,6.40,6,5,2,1,0
40,39,3,Z,000,E,4.24,3,1,0,1,0
40,40,3,Z,000,E,2.45,2,1,0,1,0
40,41,3,Z,000,E,5.66,4,1,0,1,0
40,42,3,Z,000,E,3.74,3,1,0,1,0
40,43,3,Z,010,3:-2,6.63,6,5,4,1,0
40,44,3,Z,001,3:1,6.40,4,5,2,1,0
40,45,3,Z,100,3:1,4.12,3,5,2,1,0
40,46,3,Z,010,3:-2,5.10,4,5,4,1,0
40,47,3,Z,001,3:1,4.12,3,5,2,1,0
40,48,3,Z,000,E,2.45,2,1,0,1,0
40,49,3,Z,000,E,4.24,3,1,0,1,0
40,0,4,Z,100,4:1,3.74,3,3,2,1,0
40,1,4,Z,010,4:-2,6.78,6,3,4,1,0
40,2,4,Z,001,4:1,4.69,3,3,2,1,0
40,3,4,Z,000,E,5.66,4,1,0,1,0
40,4,4,Z,000,E,11.58,9,1,0,1,0
40,5,4,Z,000,E,6.16,5,1,0,1,0
40,6,4,Z,100,4:1,6.93,4,3,2,1,0
40,7,4,Z,000,E,8.83,7,1,0,1,0
40,8,4,Z,001,4:1,7.07,5,3,2,1,0
40,9,4,Z,100,4:1,4.00,4,3,2,1,0
40,10,4,Z,010,4:-2,5.48,5,3,4,1,0
40,11,4,Z,001,4:1,5.10,5,3,2,1,0
40,12,4,Z,000,E,4.90,4,1,0,1,0
40,13,4,Z,000,E,1.41,1,1,0,1,0
40,14,4,Z,000,E,3.74,3,1,0,1,0
40,15,4,Z,000,E,6.48,5,1,0,1,0
40,16,4,Z,010,4:-2,5.83,5,3,4,1,0
40,17,4,Z,000,E,1.41,1,1,0,1,0
40,18,4,Z,100,4:1,3.74,3,3,2,1,0
40,19,4,Z,010,4:-2,6.78,6,3,4,1,0
40,20,4,Z,001,4:1,3.16,3,3,2,1,0
40,21,4,Z,000,E,4.24,3,1,0,1,0
40,22,4,Z,000,E,5.10,4,1,0,1,0
40,23,4,Z,000,E,1.41,1,1,0,1,0
40,24,4,Z,100,4:1,3.16,3,3,2,1,0
40,25,4,Z,000,E,2.45,2,1,0,1,0
40,26,4,Z,000,E,4.24,3,1,0,1,0
40,27,4,Z,100,4:1,7.35,7,3,2,1,0
40,28,4,Z,010,4:-2,8.37,6,3,4,1,0
40,29,4,Z,001,4:1,5.83,4,3,2,1,0
40,30,4,Z,000,E,3.74,3,1,0,1,0
40,31,4,Z,000,E,3.74,3,1,0,1,0
40,32,4,Z,000,E,4.24,3,1,0,1,0
40,33,4,Z,000,E,5.66,4,1,0,1,0
40,34,4,Z,000,E,2.45,2,1,0,1,0
40,35,4,Z,001,4:1,5.83,4,3,2,1,0
40,36,4,Z,100,4:1,4.69,3,3,2,1,0
40,37,4,Z,010,4:-2,4.69,3,3,4,1,0
40,38,4,Z,001,4:1,6.78,6,3,2,1,0
40,39,4,Z,000,E,3.74,3,1,0,1,0
40,40,4,Z,000,E,5.10,4,1,0,1,0
40,41,4,Z,000,E,5.10,4,1,0,1,0
40,42,4,Z,000,E,4.90,4,1,0,1,0
40,43,4,Z,010,4:-2,7.35,7,3,4,1,0
40,44,4,Z,001,4:1,7.07,5,3,2,1,0
40,45,4,Z,100,4:1,2.83,2,3,2,0,1
40,46,4,Z,010,4:-2,6.48,5,3,4,1,0
40,47,4,Z,001,4:1,3.16,3,3,2,1,0
40,48,4,Z,000,E,3.74,3,1,0,1,0
40,49,4,Z,000,E,3.74,3,1,0,1,0
45,0,0,Z,111,E,2.83,2,1,0,1,0
45,1,0,Z,000,E,2.83,2,1,0,1,0
45,2,0,Z,000,E,2.83,2,1,0,1,0
45,3,0,Z,000,E,8.49,6,1,0,1,0
45,4,0,Z,000,E,8.49,6,1,0,1,0
45,5,0,Z,000,E,9.27,7,1,0,1,0
45,6,0,Z,101,E,8.60,7,1,0,1,0
45,7,0,Z,000,E,6.48,5,1,0,1,0
45,8,0,Z,000,E,4.24,3,1,0,1,0
45,9,0,Z,111,E,4.24,3,1,0,1,0
45,10,0,Z,000,E,4.24,3,1,0,1,0
45,11,0,Z,000,E,2.83,2,1,0,1,0
45,12,0,Z,000,E,2.83,2,1,0,1,0
45,13,0,Z,000,E,2.83,2,1,0,1,0
45,14,0,Z,000,E,2.83,2,1,0,1,0
45,15,0,Z,010,E,4.90,4,1,0,1,0
45,16,0,Z,000,E,2.83,2,1,0,1,0
45,17,0,Z,000,E,2.83,2,1,0,1,0
45,18,0,Z,111,E,2.83,2,1,0,1,0
45,19,0,Z,000,E,2.83,2,1,0,1,0
45,20,0,Z,000,E,3.74,3,1,0,1,0
45,21,0,Z,000,E,4.24,3,1,0,1,0
45,22,0,Z,000,E,4.24,3,1,0,1,0
45,23,0,Z,000,E,2.83,2,1,0,1,0
45,24,0,Z,100,E,1.41,1,1,0,1,0
45,25,0,Z,000,E,2.83,2,1,0,1,0
45,26,0,Z,000,E,4.90,4,1,0,1,0
45,27,0,Z,111,E,7.48,6,1,0,1,0
45,28,0,Z,000,E,7.48,6,1,0,1,0
45,29,0,Z,000,E,6.48,5,1,0,1,0
45,30,0,Z,000,E,3.74,3,1,0,1,0
45,31,0,Z,000,E,3.74,3,1,0,1,0
45,32,0,Z,000,E,3.74,3,1,0,1,0
45,33,0,Z,001,E,5.66,4,1,0,1,0
45,34,0,Z,000,E,6.48,5,1,0,1,0
45,35,0,Z,000,E,7.48,6,1,0,1,0
45,36,0,Z,111,E,2.83,2,1,0,1,0
45,37,0,Z,000,E,2.83,2,1,0,1,0
45,38,0,Z,000,E,3.74,3,1,0,1,0
45,39,0,Z,000,E,4.24,3,1,0,1,0
45,40,0,Z,000,E,4.24,3,1,0,1,0
45,41,0,Z,000,E,4.24,3,1,0,1,0
45,42,0,Z,011,E,4.90,4,1,0,1,0
45,43,0,Z,000,E,6.16,5,1,0,1,0
45,44,0,Z,000,E,6.48,5,1,0,1,0
45,45,0,Z,111,E,3.74,3,1,0,1,0
45,46,0,Z,000,E,3.74,3,1,0,1,0
45,47,0,Z,000,E,2.45,2,1,0,1,0
45,48,0,Z,000,E,3.74,3,1,0,1,0
45,49,0,Z,000,E,3.74,3,1,0,1,0
45,0,1,Z,111,E,2.83,2,1,0,1,0
45,1,1,Z,000,E,2.83,2,1,0,1,0
45,2,1,Z,000,E,2.83,2,1,0,1,0
45,3,1,Z,000,E,8.49,6,1,0,1,0
45,4,1,Z,000,E,8.49,6,1,0,1,0
45,5,1,Z,000,E,9.27,7,1,0,1,0
45,6,1,Z,101,1:2,9.49,7,3,2,1,0
45,7,1,Z,000,E,6.48,5,1,0,1,0
45,8,1,Z,000,E,4.24,3,1,0,1,0
45,9,1,Z,111,E,4.24,3,1,0,1,0
45,10,1,Z,000,E,4.24,3,1,0,1,0
45,11,1,Z,000,E,2.83,2,1,0,1,0
45,12,1,Z,000,E,2.83,2,1,0,1,0
45,13,1,Z,000,E,2.83,2,1,0,1,0
45,14,1,Z,000,E,2.83,2,1,0,1,0
45,15,1,Z,010,1:-2,6.00,4,3,2,1,0
45,16,1,Z,000,E,2.83,2,1,0,1,0
45,17,1,Z,000,E,2.83,2,1,0,1,0
45,18,1,Z,111,E,2.83,2,1,0,1,0
45,19,1,Z,000,E,2.83,2,1,0,1,0
45,20,1,Z,000,E,3.74,3,1,0,1,0
45,21,1,Z,000,E,4.24,3,1,0,1,0
45,22,1,Z,000,E,4.24,3,1,0,1,0
45,23,1,Z,000,E,2.83,2,1,0,1,0
45,24,1,Z,100,1:1,1.00,1,3,1,0,1
45,25,1,Z,000,E,2.83,2,1,0,1,0
45,26,1,Z,000,E,4.90,4,1,0,1,0
45,27,1,Z,111,E,7.48,6,1,0,1,0
45,28,1,Z,000,E,7.48,6,1,0,1,0
45,29,1,Z,000,E,6.48,5,1,0,1,0
45,30,1,Z,000,E,3.74,3,1,0,1,0
45,31,1,Z,000,E,3.74,3,1,0,1,0
45,32,1,Z,000,E,3.74,3,1,0,1,0
45,33,1,Z,001,1:1,5.74,4,3,1,1,0
45,34,1,Z,000,E,6.48,5,1,0,1,0
45,35,1,Z,000,E,7.48,6,1,0,1,0
45,36,1,Z,111,E,2.83,2,1,0,1,0
45,37,1,Z,000,E,2.83,2,1,0,1,0
45,38,1,Z,000,E,3.74,3,1,0,1,0
45,39,1,Z,000,E,4.24,3,1,0,1,0
45,40,1,Z,000,E,4.24,3,1,0,1,0
45,41,1,Z,000,E,4.24,3,1,0,1,0
45,42,1,Z,011,1:-1,4.58,4,3,1,1,0
45,43,1,Z,000,E,6.16,5,1,0,1,0
45,44,1,Z,000,E,6.48,5,1,0,1,0
45,45,1,Z,111,E,3.74,3,1,0,1,0
45,46,1,Z,000,E,3.74,3,1,0,1,0
45,47,1,Z,000,E,2.45,2,1,0,1,0
45,48,1,Z,000,E,3.74,3,1,0,1,0
45,49,1,Z,000,E,3.74,3,1,0,1,0
45,0,2,Z,111,E,2.83,2,1,0,1,0
45,1,2,Z,000,E,2.83,2,1,0,1,0
45,2,2,Z,000,E,2.83,2,1,0,1,0
45,3,2,Z,000,E,8.49,6,1,0,1,0
45,4,2,Z,000,E,8.49,6,1,0,1,0
45,5,2,Z,000,E,11.22,9,1,0,1,0
45,6,2,Z,101,2:2,8.12,5,5,4,1,0
45,7,2,Z,000,E,8.60,7,1,0,1,0
45,8,2,Z,000,E,4.24,3,1,0,1,0
45,9,2,Z,111,E,4.24,3,1,0,1,0
45,10,2,Z,000,E,4.24,3,1,0,1,0
45,11,2,Z,000,E,2.83,2,1,0,1,0
45,12,2,Z,000,E,2.83,2,1,0,1,0
45,13,2,Z,000,E,2.83,2,1,0,1,0
45,14,2,Z,000,E,4.90,4,1,0,1,0
45,15,2,Z,010,2:-2,4.90,4,5,4,1,0
45,16,2,Z,000,E,4.90,4,1,0,1,0
45,17,2,Z,000,E,2.83,2,1,0,1,0
45,18,2,Z,111,E,2.83,2,1,0,1,0
45,19,2,Z,000,E,2.83,2,1,0,1,0
45,20,2,Z,000,E,3.74,3,1,0,1,0
45,21,2,Z,000,E,4.24,3,1,0,1,0
45,22,2,Z,000,E,4.24,3,1,0,1,0
45,23,2,Z,000,E,1.41,1,1,0,1,0
45,24,2,Z,100,2:1,2.00,2,5,2,1,0
45,25,2,Z,000,E,1.41,1,1,0,1,0
45,26,2,Z,000,E,4.90,4,1,0,1,0
45,27,2,Z,111,E,7.48,6,1,0,1,0
45,28,2,Z,000,E,7.48,6,1,0,1,0
45,29,2,Z,000,E,6.48,5,1,0,1,0
45,30,2,Z,000,E,3.74,3,1,0,1,0
45,31,2,Z,000,E,3.74,3,1,0,1,0
45,32,2,Z,000,E,2.83,2,1,0,1,0
45,33,2,Z,001,2:1,6.48,5,5,2,1,0
45,34,2,Z,000,E,5.66,4,1,0,1,0
45,35,2,Z,000,E,7.48,6,1,0,1,0
45,36,2,Z,111,E,2.83,2,1,0,1,0
45,37,2,Z,000,E,2.83,2,1,0,1,0
45,38,2,Z,000,E,3.74,3,1,0,1,0
45,39,2,Z,000,E,4.24,3,1,0,1,0
45,40,2,Z,000,E,4.24,3,1,0,1,0
45,41,2,Z,000,E,2.83,2,1,0,1,0
45,42,2,Z,011,2:-1,5.48,5,5,2,1,0
45,43,2,Z,000,E,4.90,4,1,0,1,0
45,44,2,Z,000,E,6.48,5,1,0,1,0
45,45,2,Z,111,E,3.74,3,1,0,1,0
45,46,2,Z,000,E,3.74,3,1,0,1,0
45,47,2,Z,000,E,2.45,2,1,0,1,0
45,48,2,Z,000,E,3.74,3,1,0,1,0
45,49,2,Z,000,E,3.74,3,1,0,1,0
45,0,3,Z,111,E,2.83,2,1,0,1,0
45,1,3,Z,000,E,2.83,2,1,0,1,0
45,2,3,Z,000,E,5.66,4,1,0,1,0
45,3,3,Z,000,E,8.49,6,1,0,1,0
45,4,3,Z,000,E,9.27,7,1,0,1,0
45,5,3,Z,000,E,9.90,8,1,0,1,0
45,6,3,Z,101,3:2,9.27,6,5,4,1,0
45,7,3,Z,000,E,6.16,5,1,0,1,0
45,8,3,Z,000,E,4.24,3,1,0,1,0
45,9,3,Z,111,E,4.24,3,1,0,1,0
45,10,3,Z,000,E,2.83,2,1,0,1,0
45,11,3,Z,000,E,2.45,2,1,0,1,0
45,12,3,Z,000,E,2.83,2,1,0,1,0
45,13,3,Z,000,E,2.83,2,1,0,1,0
45,14,3,Z,000,E,4.90,4,1,0,1,0
45,15,3,Z,010,3:-2,6.00,4,5,4,1,0
45,16,3,Z,000,E,2.83,2,1,0,1,0
45,17,3,Z,000,E,2.83,2,1,0,1,0
45,18,3,Z,111,E,2.83,2,1,0,1,0
45,19,3,Z,000,E,3.74,3,1,0,1,0
45,20,3,Z,000,E,3.74,3,1,0,1,0
45,21,3,Z,000,E,4.24,3,1,0,1,0
45,22,3,Z,000,E,2.83,2,1,0,1,0
45,23,3,Z,000,E,1.41,1,1,0,1,0
45,24,3,Z,100,3:1,2.24,2,5,2,1,0
45,25,3,Z,000,E,3.74,3,1,0,1,0
45,26,3,Z,000,E,6.16,5,1,0,1,0
45,27,3,Z,111,E,7.48,6,1,0,1,0
45,28,3,Z,000,E,6.48,5,1,0,1,0
45,29,3,Z,000,E,5.10,4,1,0,1,0
45,30,3,Z,000,E,3.74,3,1,0,1,0
45,31,3,Z,000,E,3.74,3,1,0,1,0
45,32,3,Z,000,E,4.24,3,1,0,1,0
45,33,3,Z,001,3:1,5.92,5,5,2,1,0
45,34,3,Z,000,E,6.16,5,1,0,1,0
45,35,3,Z,000,E,4.90,4,1,0,1,0
45,36,3,Z,111,E,2.83,2,1,0,1,0
45,37,3,Z,000,E,3.74,3,1,0,1,0
45,38,3,Z,000,E,3.74,3,1,0,1,0
45,39,3,Z,000,E,4.24,3,1,0,1,0
45,40,3,Z,000,E,4.24,3,1,0,1,0
45,41,3,Z,000,E,3.74,3,1,0,1,0
45,42,3,Z,011,3:-1,5.20,5,5,2,1,0
45,43,3,Z,000,E,5.10,4,1,0,1,0
45,44,3,Z,000,E,5.10,4,1,0,1,0
45,45,3,Z,111,E,3.74,3,1,0,1,0
45,46,3,Z,000,E,2.45,2,1,0,1,0
45,47,3,Z,000,E,1.41,1,1,0,1,0
45,48,3,Z,000,E,3.74,3,1,0,1,0
45,49,3,Z,000,E,3.74,3,1,0,1,0
45,0,4,Z,111,E,2.83,2,1,0,1,0
45,1,4,Z,000,E,2.83,2,1,0,1,0
45,2,4,Z,000,E,8.49,6,1,0,1,0
45,3,4,Z,000,E,8.49,6,1,0,1,0
45,4,4,Z,000,E,9.27,7,1,0,1,0
45,5,4,Z,000,E,8.60,7,1,0,1,0
45,6,4,Z,101,4:2,10.68,8,3,4,1,0
45,7,4,Z,000,E,4.24,3,1,0,1,0
45,8,4,Z,000,E,4.24,3,1,0,1,0
45,9,4,Z,111,E,4.24,3,1,0,1,0
45,10,4,Z,000,E,2.83,2,1,0,1,0
45,11,4,Z,000,E,2.83,2,1,0,1,0
45,12,4,Z,000,E,2.83,2,1,0,1,0
45,13,4,Z,000,E,2.83,2,1,0,1,0
45,14,4,Z,000,E,4.90,4,1,0,1,0
45,15,4,Z,010,4:-2,7.48,6,3,4,1,0
45,16,4,Z,000,E,2.83,2,1,0,1,0
45,17,4,Z,000,E,2.83,2,1,0,1,0
45,18,4,Z,111,E,2.83,2,1,0,1,0
45,19,4,Z,000,E,3.74,3,1,0,1,0
45,20,4,Z,000,E,4.24,3,1,0,1,0
45,21,4,Z,000,E,4.24,3,1,0,1,0
45,22,4,Z,000,E,2.83,2,1,0,1,0
45,23,4,Z,000,E,1.41,1,1,0,1,0
45,24,4,Z,100,4:1,2.83,2,3,2,1,0
45,25,4,Z,000,E,4.90,4,1,0,1,0
45,26,4,Z,000,E,7.48,6,1,0,1,0
45,27,4,Z,111,E,7.48,6,1,0,1,0
45,28,4,Z,000,E,6.48,5,1,0,1,0
45,29,4,Z,000,E,3.74,3,1,0,1,0
45,30,4,Z,000,E,3.74,3,1,0,1,0
45,31,4,Z,000,E,3.74,3,1,0,1,0
45,32,4,Z,000,E,5.66,4,1,0,1,0
45,33,4,Z,001,4:1,5.48,5,3,2,1,0
45,34,4,Z,000,E,7.48,6,1,0,1,0
45,35,4,Z,000,E,2.83,2,1,0,1,0
45,36,4,Z,111,E,2.83,2,1,0,1,0
45,37,4,Z,000,E,3.74,3,1,0,1,0
45,38,4,Z,000,E,4.24,3,1,0,1,0
45,39,4,Z,000,E,4.24,3,1,0,1,0
45,40,4,Z,000,E,4.24,3,1,0,1,0
45,41,4,Z,000,E,4.90,4,1,0,1,0
45,42,4,Z,011,4:-1,5.10,5,3,2,1,0
45,43,4,Z,000,E,6.48,5,1,0,1,0
45,44,4,Z,000,E,3.74,3,1,0,1,0
45,45,4,Z,111,E,3.74,3,1,0,1,0
45,46,4,Z,000,E,2.45,2,1,0,1,0
45,47,4,Z,000,E,3.74,3,1,0,1,0
45,48,4,Z,000,E,3.74,3,1,0,1,0
45,49,4,Z,000,E,3.74,3,1,0,1,0
50,0,0,Z,100,E,3.74,3,1,0,1,0
50,1,0,Z,000,E,3.74,3,1,0,1,0
50,2,0,Z,000,E,7.07,5,1,0,1,0
50,3,0,Z,000,E,9.27,7,1,0,1,0
50,4,0,Z,001,E,11.22,9,1,0,1,0
50,5,0,Z,000,E,8.83,7,1,0,1,0
50,6,0,Z,100,E,6.16,5,1,0,1,0
50,7,0,Z,001,E,6.16,5,1,0,1,0
50,8,0,Z,010,E,2.45,2,1,0,1,0
50,9,0,Z,100,E,5.10,4,1,0,1,0
50,10,0,Z,000,E,5.66,4,1,0,1,0
50,11,0,Z,000,E,2.45,2,1,0,1,0
50,12,0,Z,000,E,1.41,1,1,0,1,0
50,13,0,Z,000,E,2.45,2,1,0,1,0
50,14,0,Z,010,E,5.10,4,1,0,1,0
50,15,0,Z,000,E,2.45,2,1,0,1,0
50,16,0,Z,001,E,2.45,2,1,0,1,0
50,17,0,Z,010,E,3.74,3,1,0,1,0
50,18,0,Z,100,E,4.24,3,1,0,1,0
50,19,0,Z,000,E,2.83,2,1,0,1,0
50,20,0,Z,000,E,5.10,4,1,0,1,0
50,21,0,Z,000,E,6.48,5,1,0,1,0
50,22,0,Z,000,E,2.83,2,1,0,1,0
50,23,0,Z,000,E,2.45,2,1,0,1,0
50,24,0,Z,100,E,3.74,3,1,0,1,0
50,25,0,Z,001,E,4.90,4,1,0,1,0
50,26,0,Z,010,E,9.90,8,1,0,1,0
50,27,0,Z,100,E,7.35,6,1,0,1,0
50,28,0,Z,000,E,8.49,6,1,0,1,0
50,29,0,Z,000,E,5.10,4,1,0,1,0
50,30,0,Z,000,E,5.10,4,1,0,1,0
50,31,0,Z,001,E,5.10,4,1,0,1,0
50,32,0,Z,000,E,7.07,5,1,0,1,0
50,33,0,Z,000,E,7.87,6,1,0,1,0
50,34,0,Z,001,E,7.35,6,1,0,1,0
50,35,0,Z,010,E,3.74,3,1,0,1,0
50,36,0,Z,100,E,2.45,2,1,0,1,0
50,37,0,Z,000,E,6.16,5,1,0,1,0
50,38,0,Z,000,E,5.10,4,1,0,1,0
50,39,0,Z,000,E,2.45,2,1,0,1,0
50,40,0,Z,001,E,6.16,5,1,0,1,0
50,41,0,Z,010,E,3.74,3,1,0,1,0
50,42,0,Z,000,E,5.10,4,1,0,1,0
50,43,0,Z,001,E,8.60,7,1,0,1,0
50,44,0,Z,010,E,4.24,3,1,0,1,0
50,45,0,Z,100,E,4.24,3,1,0,1,0
50,46,0,Z,000,E,1.41,1,1,0,1,0
50,47,0,Z,000,E,2.45,2,1,0,1,0
50,48,0,Z,000,E,5.10,4,1,0,1,0
50,49,0,Z,001,E,5.10,4,1,0,1,0
50,0,1,Z,100,1:1,3.32,3,3,1,1,0
50,1,1,Z,000,E,3.74,3,1,0,1,0
50,2,1,Z,000,E,7.07,5,1,0,1,0
50,3,1,Z,000,E,9.27,7,1,0,1,0
50,4,1,Z,001,1:1,11.53,9,3,1,1,0
50,5,1,Z,000,E,8.83,7,1,0,1,0
50,6,1,Z,100,1:1,6.56,5,3,1,1,0
50,7,1,Z,001,1:1,6.71,5,3,1,1,0
50,8,1,Z,010,1:-2,1.41,1,3,2,1,0
50,9,1,Z,100,1:1,5.74,4,3,1,1,0
50,10,1,Z,000,E,5.66,4,1,0,1,0
50,11,1,Z,000,E,2.45,2,1,0,1,0
50,12,1,Z,000,E,1.41,1,1,0,1,0
50,13,1,Z,000,E,2.45,2,1,0,1,0
50,14,1,Z,010,1:-2,5.83,4,3,2,1,0
50,15,1,Z,000,E,2.45,2,1,0,1,0
50,16,1,Z,001,1:1,2.24,2,3,1,1,0
50,17,1,Z,010,1:-2,5.48,5,3,2,1,0
50,18,1,Z,100,1:1,3.61,3,3,1,1,0
50,19,1,Z,000,E,2.83,2,1,0,1,0
50,20,1,Z,000,E,5.10,4,1,0,1,0
50,21,1,Z,000,E,6.48,5,1,0,1,0
50,22,1,Z,000,E,2.83,2,1,0,1,0
50,23,1,Z,000,E,2.45,2,1,0,1,0
50,24,1,Z,100,1:1,3.00,2,3,1,1,0
50,25,1,Z,001,1:1,4.58,4,3,1,1,0
50,26,1,Z,010,1:-2,10.68,8,3,2,1,0
50,27,1,Z,100,1:1,7.00,6,3,1,1,0
50,28,1,Z,000,E,8.49,6,1,0,1,0
50,29,1,Z,000,E,5.10,4,1,0,1,0
50,30,1,Z,000,E,5.10,4,1,0,1,0
50,31,1,Z,001,1:1,5.39,4,3,1,1,0
50,32,1,Z,000,E,7.07,5,1,0,1,0
50,33,1,Z,000,E,7.87,6,1,0,1,0
50,34,1,Z,001,1:1,7.81,6,3,1,1,0
50,35,1,Z,010,1:-2,3.74,3,3,2,1,0
50,36,1,Z,100,1:1,3.32,3,3,1,1,0
50,37,1,Z,000,E,6.16,5,1,0,1,0
50,38,1,Z,000,E,5.10,4,1,0,1,0
50,39,1,Z,000,E,2.45,2,1,0,1,0
50,40,1,Z,001,1:1,7.00,6,3,1,1,0
50,41,1,Z,010,1:-2,3.16,3,3,2,1,0
50,42,1,Z,000,E,5.10,4,1,0,1,0
50,43,1,Z,001,1:1,9.00,7,3,1,1,0
50,44,1,Z,010,1:-2,4.69,3,3,2,1,0
50,45,1,Z,100,1:1,4.36,3,3,1,1,0
50,46,1,Z,000,E,1.41,1,1,0,1,0
50,47,1,Z,000,E,2.45,2,1,0,1,0
50,48,1,Z,000,E,5.10,4,1,0,1,0
50,49,1,Z,001,1:1,5.39,4,3,1,1,0
50,0,2,Z,100,2:1,3.74,3,5,2,1,0
50,1,2,Z,000,E,2.83,2,1,0,1,0
50,2,2,Z,000,E,6.48,5,1,0,1,0
50,3,2,Z,000,E,10.68,8,1,0,1,0
50,4,2,Z,001,2:1,11.92,9,5,2,1,0
50,5,2,Z,000,E,8.83,7,1,0,1,0
50,6,2,Z,100,2:1,8.37,6,5,2,1,0
50,7,2,Z,001,2:1,6.00,4,5,2,1,0
50,8,2,Z,010,2:-2,2.45,2,5,4,1,0
50,9,2,Z,100,2:1,7.87,6,5,2,1,0
50,10,2,Z,000,E,4.24,3,1,0,1,0
50,11,2,Z,000,E,1.41,1,1,0,1,0
50,12,2,Z,000,E,1.41,1,1,0,1,0
50,13,2,Z,000,E,2.83,2,1,0,1,0
50,14,2,Z,010,2:-2,7.07,5,5,4,1,0
50,15,2,Z,000,E,2.45,2,1,0,1,0
50,16,2,Z,001,2:1,2.45,2,5,2,1,0
50,17,2,Z,010,2:-2,6.16,6,5,4,1,0
50,18,2,Z,100,2:1,3.16,3,5,2,1,0
50,19,2,Z,000,E,4.24,3,1,0,1,0
50,20,2,Z,000,E,6.48,5,1,0,1,0
50,21,2,Z,000,E,5.10,4,1,0,1,0
50,22,2,Z,000,E,1.41,1,1,0,1,0
50,23,2,Z,000,E,3.74,3,1,0,1,0
50,24,2,Z,100,2:1,1.41,1,5,2,0,1
50,25,2,Z,001,2:1,5.48,5,5,2,1,0
50,26,2,Z,010,2:-2,10.49,7,5,4,1,0
50,27,2,Z,100,2:1,5.83,5,5,2,1,0
50,28,2,Z,000,E,9.27,7,1,0,1,0
50,29,2,Z,000,E,6.16,5,1,0,1,0
50,30,2,Z,000,E,2.45,2,1,0,1,0
50,31,2,Z,001,2:1,5.83,4,5,2,1,0
50,32,2,Z,000,E,7.87,6,1,0,1,0
50,33,2,Z,000,E,6.48,5,1,0,1,0
50,34,2,Z,001,2:1,8.37,6,5,2,1,0
50,35,2,Z,010,2:-2,3.74,3,5,4,1,0
50,36,2,Z,100,2:1,5.48,5,5,2,1,0
50,37,2,Z,000,E,4.90,4,1,0,1,0
50,38,2,Z,000,E,3.74,3,1,0,1,0
50,39,2,Z,000,E,5.10,4,1,0,1,0
50,40,2,Z,001,2:1,5.48,5,5,2,1,0
50,41,2,Z,010,2:-2,4.24,4,5,4,1,0
50,42,2,Z,000,E,5.10,4,1,0,1,0
50,43,2,Z,001,2:1,7.07,5,5,2,1,0
50,44,2,Z,010,2:-2,5.83,4,5,4,1,0
50,45,2,Z,100,2:1,5.83,4,5,2,1,0
50,46,2,Z,000,E,0.00,0,1,0,0,1
50,47,2,Z,000,E,3.74,3,1,0,1,0
50,48,2,Z,000,E,2.45,2,1,0,1,0
50,49,2,Z,001,2:1,6.48,5,5,2,1,0
50,0,3,Z,100,3:1,5.20,3,5,2,1,0
50,1,3,Z,000,E,4.24,3,1,0,1,0
50,2,3,Z,000,E,9.27,7,1,0,1,0
50,3,3,Z,000,E,11.22,9,1,0,1,0
50,4,3,Z,001,3:1,10.05,7,5,2,1,0
50,5,3,Z,000,E,8.83,7,1,0,1,0
50,6,3,Z,100,3:1,7.68,5,5,2,1,0
50,7,3,Z,001,3:1,4.58,4,5,2,1,0
50,8,3,Z,010,3:-2,4.24,4,5,4,1,0
50,9,3,Z,100,3:1,7.28,6,5,2,1,0
50,10,3,Z,000,E,2.45,2,1,0,1,0
50,11,3,Z,000,E,0.00,0,1,0,0,1
50,12,3,Z,000,E,2.45,2,1,0,1,0
50,13,3,Z,000,E,5.10,4,1,0,1,0
50,14,3,Z,010,3:-2,6.16,5,5,4,1,0
50,15,3,Z,000,E,1.41,1,1,0,1,0
50,16,3,Z,001,3:1,3.00,2,5,2,1,0
50,17,3,Z,010,3:-2,7.07,7,5,4,1,0
50,18,3,Z,100,3:1,2.24,2,5,2,0,1
50,19,3,Z,000,E,5.10,4,1,0,1,0
50,20,3,Z,000,E,6.48,5,1,0,1,0
50,21,3,Z,000,E,2.83,2,1,0,1,0
50,22,3,Z,000,E,2.45,2,1,0,1,0
50,23,3,Z,000,E,3.74,3,1,0,1,0
50,24,3,Z,100,3:1,3.00,3,5,2,1,0
50,25,3,Z,001,3:1,7.68,7,5,2,1,0
50,26,3,Z,010,3:-2,10.49,7,5,4,1,0
50,27,3,Z,100,3:1,6.71,5,5,2,1,0
50,28,3,Z,000,E,7.87,6,1,0,1,0
50,29,3,Z,000,E,5.10,4,1,0,1,0
50,30,3,Z,000,E,3.74,3,1,0,1,0
50,31,3,Z,001,3:1,6.71,5,5,2,1,0
50,32,3,Z,000,E,6.48,5,1,0,1,0
50,33,3,Z,000,E,7.35,6,1,0,1,0
50,34,3,Z,001,3:1,6.40,4,5,2,1,0
50,35,3,Z,010,3:-2,3.74,3,5,4,1,0
50,36,3,Z,100,3:1,7.68,7,5,2,1,0
50,37,3,Z,000,E,3.74,3,1,0,1,0
50,38,3,Z,000,E,3.74,3,1,0,1,0
50,39,3,Z,000,E,6.48,5,1,0,1,0
50,40,3,Z,001,3:1,4.12,4,5,2,1,0
50,41,3,Z,010,3:-2,5.10,5,5,4,1,0
50,42,3,Z,000,E,6.16,5,1,0,1,0
50,43,3,Z,001,3:1,5.39,4,5,2,1,0
50,44,3,Z,010,3:-2,6.00,4,5,4,1,0
50,45,3,Z,100,3:1,4.12,3,5,2,1,0
50,46,3,Z,000,E,2.45,2,1,0,1,0
50,47,3,Z,000,E,4.24,3,1,0,1,0
50,48,3,Z,000,E,3.74,3,1,0,1,0
50,49,3,Z,001,3:1,5.39,5,5,2,1,0
50,0,4,Z,100,4:1,4.69,3,3,2,1,0
50,1,4,Z,000,E,5.66,4,1,0,1,0
50,2,4,Z,000,E,12.08,9,1,0,1,0
50,3,4,Z,000,E,9.90,8,1,0,1,0
50,4,4,Z,001,4:1,9.38,6,3,2,1,0
50,5,4,Z,000,E,8.83,7,1,0,1,0
50,6,4,Z,100,4:1,7.07,5,3,2,1,0
50,7,4,Z,001,4:1,4.00,4,3,2,1,0
50,8,4,Z,010,4:-2,6.16,6,3,4,1,0
50,9,4,Z,100,4:1,6.78,6,3,2,1,0
50,10,4,Z,000,E,2.83,2,1,0,1,0
50,11,4,Z,000,E,1.41,1,1,0,1,0
50,12,4,Z,000,E,3.74,3,1,0,1,0
50,13,4,Z,000,E,6.48,5,1,0,1,0
50,14,4,Z,010,4:-2,5.83,5,3,4,1,0
50,15,4,Z,000,E,1.41,1,1,0,1,0
50,16,4,Z,001,4:1,3.74,3,3,2,1,0
50,17,4,Z,010,4:-2,7.35,7,3,4,1,0
50,18,4,Z,100,4:1,3.16,3,3,2,1,0
50,19,4,Z,000,E,6.16,5,1,0,1,0
50,20,4,Z,000,E,6.16,5,1,0,1,0
50,21,4,Z,000,E,3.74,3,1,0,1,0
50,22,4,Z,000,E,3.74,3,1,0,1,0
50,23,4,Z,000,E,4.24,3,1,0,1,0
50,24,4,Z,100,4:1,5.10,5,3,2,1,0
50,25,4,Z,001,4:1,9.90,9,3,2,1,0
50,26,4,Z,010,4:-2,9.49,7,3,4,1,0
50,27,4,Z,100,4:1,8.83,7,3,2,1,0
50,28,4,Z,000,E,6.48,5,1,0,1,0
50,29,4,Z,000,E,3.74,3,1,0,1,0
50,30,4,Z,000,E,6.48,5,1,0,1,0
50,31,4,Z,001,4:1,7.48,6,3,2,1,0
50,32,4,Z,000,E,5.10,4,1,0,1,0
50,33,4,Z,000,E,8.60,7,1,0,1,0
50,34,4,Z,001,4:1,4.69,3,3,2,1,0
50,35,4,Z,010,4:-2,4.69,3,3,4,1,0
50,36,4,Z,100,4:1,7.35,7,3,2,1,0
50,37,4,Z,000,E,4.24,3,1,0,1,0
50,38,4,Z,000,E,5.10,4,1,0,1,0
50,39,4,Z,000,E,6.16,5,1,0,1,0
50,40,4,Z,001,4:1,4.90,4,3,2,1,0
50,41,4,Z,010,4:-2,6.16,6,3,4,1,0
50,42,4,Z,000,E,7.35,6,1,0,1,0
50,43,4,Z,001,4:1,4.90,4,3,2,1,0
50,44,4,Z,010,4:-2,6.48,5,3,4,1,0
50,45,4,Z,100,4:1,3.16,3,3,2,1,0
50,46,4,Z,000,E,3.74,3,1,0,1,0
50,47,4,Z,000,E,3.74,3,1,0,1,0
50,48,4,Z,000,E,6.48,5,1,0,1,0
50,49,4,Z,001,4:1,4.00,4,3,2,1,0
55,0,0,Z,100,E,4.90,4,1,0,1,0
55,1,0,Z,000,E,7.07,5,1,0,1,0
55,2,0,Z,001,E,9.27,7,1,0,1,0
55,3,0,Z,000,E,10.20,8,1,0,1,0
55,4,0,Z,000,E,8.60,7,1,0,1,0
55,5,0,Z,001,E,8.83,7,1,0,1,0
55,6,0,Z,100,E,6.16,5,1,0,1,0
55,7,0,Z,010,E,2.45,2,1,0,1,0
55,8,0,Z,000,E,5.10,4,1,0,1,0
55,9,0,Z,100,E,7.07,5,1,0,1,0
55,10,0,Z,000,E,2.45,2,1,0,1,0
55,11,0,Z,000,E,1.41,1,1,0,1,0
55,12,0,Z,000,E,2.45,2,1,0,1,0
55,13,0,Z,010,E,4.24,3,1,0,1,0
55,14,0,Z,001,E,1.41,1,1,0,1,0
55,15,0,Z,000,E,2.83,2,1,0,1,0
55,16,0,Z,010,E,5.10,4,1,0,1,0
55,17,0,Z,000,E,3.74,3,1,0,1,0
55,18,0,Z,100,E,1.41,1,1,0,1,0
55,19,0,Z,000,E,6.48,5,1,0,1,0
55,20,0,Z,000,E,7.87,6,1,0,1,0
55,21,0,Z,000,E,2.83,2,1,0,1,0
55,22,0,Z,000,E,3.74,3,1,0,1,0
55,23,0,Z,001,E,5.10,4,1,0,1,0
55,24,0,Z,100,E,4.90,4,1,0,1,0
55,25,0,Z,010,E,9.90,8,1,0,1,0
55,26,0,Z,000,E,9.90,8,1,0,1,0
55,27,0,Z,100,E,7.87,6,1,0,1,0
55,28,0,Z,000,E,6.16,5,1,0,1,0
55,29,0,Z,001,E,7.35,6,1,0,1,0
55,30,0,Z,000,E,5.66,4,1,0,1,0
55,31,0,Z,000,E,8.83,7,1,0,1,0
55,32,0,Z,001,E,7.07,5,1,0,1,0
55,33,0,Z,000,E,7.48,6,1,0,1,0
55,34,0,Z,010,E,3.74,3,1,0,1,0
55,35,0,Z,000,E,2.45,2,1,0,1,0
55,36,0,Z,100,E,7.48,6,1,0,1,0
55,37,0,Z,000,E,5.10,4,1,0,1,0
55,38,0,Z,001,E,2.45,2,1,0,1,0
55,39,0,Z,000,E,4.90,4,1,0,1,0
55,40,0,Z,010,E,5.10,4,1,0,1,0
55,41,0,Z,001,E,6.48,5,1,0,1,0
55,42,0,Z,000,E,7.48,6,1,0,1,0
55,43,0,Z,010,E,4.24,3,1,0,1,0
55,44,0,Z,000,E,4.24,3,1,0,1,0
55,45,0,Z,100,E,2.83,2,1,0,1,0
55,46,0,Z,000,E,2.45,2,1,0,1,0
55,47,0,Z,001,E,5.10,4,1,0,1,0
55,48,0,Z,000,E,5.66,4,1,0,1,0
55,49,0,Z,010,E,4.24,3,1,0,1,0
55,0,1,Z,100,1:1,5.39,4,3,1,1,0
55,1,1,Z,000,E,7.07,5,1,0,1,0
55,2,1,Z,001,1:1,9.22,7,3,1,1,0
55,3,1,Z,000,E,10.20,8,1,0,1,0
55,4,1,Z,000,E,8.60,7,1,0,1,0
55,5,1,Z,001,1:1,9.11,7,3,1,1,0
55,6,1,Z,100,1:1,6.71,5,3,1,1,0
55,7,1,Z,010,1:-2,2.45,2,3,2,1,0
55,8,1,Z,000,E,5.10,4,1,0,1,0
55,9,1,Z,100,1:1,7.81,6,3,1,1,0
55,10,1,Z,000,E,2.45,2,1,0,1,0
55,11,1,Z,000,E,1.41,1,1,0,1,0
55,12,1,Z,000,E,2.45,2,1,0,1,0
55,13,1,Z,010,1:-2,4.69,3,3,2,1,0
55,14,1,Z,001,1:1,1.73,1,3,1,1,0
55,15,1,Z,000,E,2.83,2,1,0,1,0
55,16,1,Z,010,1:-2,6.78,6,3,2,1,0
55,17,1,Z,000,E,3.74,3,1,0,1,0
55,18,1,Z,100,1:1,1.00,1,3,1,0,1
55,19,1,Z,000,E,6.48,5,1,0,1,0
55,20,1,Z,000,E,7.87,6,1,0,1,0
55,21,1,Z,000,E,2.83,2,1,0,1,0
55,22,1,Z,000,E,3.74,3,1,0,1,0
55,23,1,Z,001,1:1,4.58,4,3,1,1,0
55,24,1,Z,100,1:1,4.58,4,3,1,1,0
55,25,1,Z,010,1:-2,11.05,8,3,2,1,0
55,26,1,Z,000,E,9.90,8,1,0,1,0
55,27,1,Z,100,1:1,8.06,6,3,1,1,0
55,28,1,Z,000,E,6.16,5,1,0,1,0
55,29,1,Z,001,1:1,7.00,6,3,1,1,0
55,30,1,Z,000,E,5.66,4,1,0,1,0
55,31,1,Z,000,E,8.83,7,1,0,1,0
55,32,1,Z,001,1:1,7.14,5,3,1,1,0
55,33,1,Z,000,E,7.48,6,1,0,1,0
55,34,1,Z,010,1:-2,3.74,3,3,2,1,0
55,35,1,Z,000,E,2.45,2,1,0,1,0
55,36,1,Z,100,1:1,8.31,7,3,1,1,0
55,37,1,Z,000,E,5.10,4,1,0,1,0
55,38,1,Z,001,1:1,3.00,2,3,1,1,0
55,39,1,Z,000,E,4.90,4,1,0,1,0
55,40,1,Z,010,1:-2,3.74,3,3,2,1,0
55,41,1,Z,001,1:1,7.14,5,3,1,1,0
55,42,1,Z,000,E,7.48,6,1,0,1,0
55,43,1,Z,010,1:-2,4.69,3,3,2,1,0
55,44,1,Z,000,E,4.24,3,1,0,1,0
55,45,1,Z,100,1:1,3.61,3,3,1,1,0
55,46,1,Z,000,E,2.45,2,1,0,1,0
55,47,1,Z,001,1:1,4.58,4,3,1,1,0
55,48,1,Z,000,E,5.66,4,1,0,1,0
55,49,1,Z,010,1:-2,4.69,3,3,2,1,0
55,0,2,Z,100,2:1,3.46,2,5,2,1,0
55,1,2,Z,000,E,6.48,5,1,0,1,0
55,2,2,Z,001,2:1,10.10,7,5,2,1,0
55,3,2,Z,000,E,12.33,10,1,0,1,0
55,4,2,Z,000,E,7.35,6,1,0,1,0
55,5,2,Z,001,2:1,10.68,8,5,2,1,0
55,6,2,Z,100,2:1,4.69,3,5,2,1,0
55,7,2,Z,010,2:-2,4.24,4,5,4,1,0
55,8,2,Z,000,E,7.87,6,1,0,1,0
55,9,2,Z,100,2:1,5.83,5,5,2,1,0
55,10,2,Z,000,E,1.41,1,1,0,1,0
55,11,2,Z,000,E,2.45,2,1,0,1,0
55,12,2,Z,000,E,2.83,2,1,0,1,0
55,13,2,Z,010,2:-2,4.69,3,5,4,1,0
55,14,2,Z,001,2:1,3.16,3,5,2,1,0
55,15,2,Z,000,E,3.74,3,1,0,1,0
55,16,2,Z,010,2:-2,7.35,7,5,4,1,0
55,17,2,Z,000,E,1.41,1,1,0,1,0
55,18,2,Z,100,2:1,3.16,3,5,2,1,0
55,19,2,Z,000,E,9.27,7,1,0,1,0
55,20,2,Z,000,E,5.10,4,1,0,1,0
55,21,2,Z,000,E,1.41,1,1,0,1,0
55,22,2,Z,000,E,5.10,4,1,0,1,0
55,23,2,Z,001,2:1,3.16,3,5,2,1,0
55,24,2,Z,100,2:1,6.63,6,5,2,1,0
55,25,2,Z,010,2:-2,9.70,7,5,4,1,0
55,26,2,Z,000,E,7.87,6,1,0,1,0
55,27,2,Z,100,2:1,9.27,7,5,2,1,0
55,28,2,Z,000,E,7.35,6,1,0,1,0
55,29,2,Z,001,2:1,5.83,5,5,2,1,0
55,30,2,Z,000,E,4.90,4,1,0,1,0
55,31,2,Z,000,E,9.27,7,1,0,1,0
55,32,2,Z,001,2:1,7.35,5,5,2,1,0
55,33,2,Z,000,E,7.87,6,1,0,1,0
55,34,2,Z,010,2:-2,3.74,3,5,4,1,0
55,35,2,Z,000,E,5.10,4,1,0,1,0
55,36,2,Z,100,2:1,6.63,6,5,2,1,0
55,37,2,Z,000,E,3.74,3,1,0,1,0
55,38,2,Z,001,2:1,5.10,4,5,2,1,0
55,39,2,Z,000,E,4.90,4,1,0,1,0
55,40,2,Z,010,2:-2,4.24,4,5,4,1,0
55,41,2,Z,001,2:1,5.10,4,5,2,1,0
55,42,2,Z,000,E,6.48,5,1,0,1,0
55,43,2,Z,010,2:-2,5.83,4,5,4,1,0
55,44,2,Z,000,E,6.16,5,1,0,1,0
55,45,2,Z,100,2:1,2.00,2,5,2,0,1
55,46,2,Z,000,E,3.74,3,1,0,1,0
55,47,2,Z,001,2:1,3.16,3,5,2,1,0
55,48,2,Z,000,E,5.66,4,1,0,1,0
55,49,2,Z,010,2:-2,4.69,3,5,4,1,0
55,0,3,Z,100,3:1,5.39,4,5,2,1,0
55,1,3,Z,000,E,9.27,7,1,0,1,0
55,2,3,Z,001,3:1,11.36,8,5,2,1,0
55,3,3,Z,000,E,9.80,8,1,0,1,0
55,4,3,Z,000,E,8.83,7,1,0,1,0
55,5,3,Z,001,3:1,8.77,6,5,2,1,0
55,6,3,Z,100,3:1,4.12,3,5,2,1,0
55,7,3,Z,010,3:-2,5.10,5,5,4,1,0
55,8,3,Z,000,E,7.07,5,1,0,1,0
55,9,3,Z,100,3:1,4.12,4,5,2,1,0
55,10,3,Z,000,E,1.41,1,1,0,1,0
55,11,3,Z,000,E,1.41,1,1,0,1,0
55,12,3,Z,000,E,4.24,3,1,0,1,0
55,13,3,Z,010,3:-2,5.10,4,5,4,1,0
55,14,3,Z,001,3:1,2.24,2,5,2,1,0
55,15,3,Z,000,E,5.10,4,1,0,1,0
55,16,3,Z,010,3:-2,7.07,7,5,4,1,0
55,17,3,Z,000,E,1.41,1,1,0,1,0
55,18,3,Z,100,3:1,5.39,5,5,2,1,0
55,19,3,Z,000,E,7.87,6,1,0,1,0
55,20,3,Z,000,E,2.83,2,1,0,1,0
55,21,3,Z,000,E,3.74,3,1,0,1,0
55,22,3,Z,000,E,4.24,3,1,0,1,0
55,23,3,Z,001,3:1,4.12,4,5,2,1,0
55,24,3,Z,100,3:1,8.77,8,5,2,1,0
55,25,3,Z,010,3:-2,10.49,7,5,4,1,0
55,26,3,Z,000,E,7.87,6,1,0,1,0
55,27,3,Z,100,3:1,8.06,7,5,2,1,0
55,28,3,Z,000,E,6.16,5,1,0,1,0
55,29,3,Z,001,3:1,5.39,4,5,2,1,0
55,30,3,Z,000,E,7.48,6,1,0,1,0
55,31,3,Z,000,E,7.07,5,1,0,1,0
55,32,3,Z,001,3:1,7.55,5,5,2,1,0
55,33,3,Z,000,E,6.48,5,1,0,1,0
55,34,3,Z,010,3:-2,3.74,3,5,4,1,0
55,35,3,Z,000,E,7.48,6,1,0,1,0
55,36,3,Z,100,3:1,5.39,5,5,2,1,0
55,37,3,Z,000,E,3.74,3,1,0,1,0
55,38,3,Z,001,3:1,6.71,6,5,2,1,0
55,39,3,Z,000,E,4.90,4,1,0,1,0
55,40,3,Z,010,3:-2,5.10,5,5,4,1,0
55,41,3,Z,001,3:1,6.40,4,5,2,1,0
55,42,3,Z,000,E,4.24,3,1,0,1,0
55,43,3,Z,010,3:-2,6.00,4,5,4,1,0
55,44,3,Z,000,E,3.74,3,1,0,1,0
55,45,3,Z,100,3:1,2.24,2,5,2,1,0
55,46,3,Z,000,E,4.24,3,1,0,1,0
55,47,3,Z,001,3:1,4.12,3,5,2,1,0
55,48,3,Z,000,E,5.66,4,1,0,1,0
55,49,3,Z,010,3:-2,5.10,4,5,4,1,0
55,0,4,Z,100,4:1,7.48,6,3,2,1,0
55,1,4,Z,000,E,12.08,9,1,0,1,0
55,2,4,Z,001,4:1,10.68,7,3,2,1,0
55,3,4,Z,000,E,7.48,6,1,0,1,0
55,4,4,Z,000,E,11.58,9,1,0,1,0
55,5,4,Z,001,4:1,7.07,5,3,2,1,0
55,6,4,Z,100,4:1,3.74,3,3,2,1,0
55,7,4,Z,010,4:-2,6.16,6,3,4,1,0
55,8,4,Z,000,E,6.48,5,1,0,1,0
55,9,4,Z,100,4:1,4.00,4,3,2,1,0
55,10,4,Z,000,E,3.74,3,1,0,1,0
55,11,4,Z,000,E,3.74,3,1,0,1,0
55,12,4,Z,000,E,5.66,4,1,0,1,0
55,13,4,Z,010,4:-2,5.10,4,3,4,1,0
55,14,4,Z,001,4:1,3.16,3,3,2,1,0
55,15,4,Z,000,E,5.66,4,1,0,1,0
55,16,4,Z,010,4:-2,7.07,7,3,4,1,0
55,17,4,Z,000,E,2.45,2,1,0,1,0
55,18,4,Z,100,4:1,6.32,6,3,2,1,0
55,19,4,Z,000,E,7.35,6,1,0,1,0
55,20,4,Z,000,E,3.74,3,1,0,1,0
55,21,4,Z,000,E,4.90,4,1,0,1,0
55,22,4,Z,000,E,3.74,3,1,0,1,0
55,23,4,Z,001,4:1,5.10,5,3,2,1,0
55,24,4,Z,100,4:1,9.70,9,3,2,1,0
55,25,4,Z,010,4:-2,11.58,7,3,4,1,0
55,26,4,Z,000,E,9.27,7,1,0,1,0
55,27,4,Z,100,4:1,6.32,6,3,2,1,0
55,28,4,Z,000,E,5.10,4,1,0,1,0
55,29,4,Z,001,4:1,6.16,5,3,2,1,0
55,30,4,Z,000,E,10.20,8,1,0,1,0
55,31,4,Z,000,E,4.24,3,1,0,1,0
55,32,4,Z,001,4:1,8.12,5,3,2,1,0
55,33,4,Z,000,E,5.10,4,1,0,1,0
55,34,4,Z,010,4:-2,4.69,3,3,4,1,0
55,35,4,Z,000,E,7.35,6,1,0,1,0
55,36,4,Z,100,4:1,6.16,5,3,2,1,0
55,37,4,Z,000,E,5.10,4,1,0,1,0
55,38,4,Z,001,4:1,6.16,6,3,2,1,0
55,39,4,Z,000,E,4.90,4,1,0,1,0
55,40,4,Z,010,4:-2,7.07,7,3,4,1,0
55,41,4,Z,001,4:1,8.12,5,3,2,1,0
55,42,4,Z,000,E,2.83,2,1,0,1,0
55,43,4,Z,010,4:-2,6.48,5,3,4,1,0
55,44,4,Z,000,E,2.45,2,1,0,1,0
55,45,4,Z,100,4:1,3.16,3,3,2,1,0
55,46,4,Z,000,E,3.74,3,1,0,1,0
55,47,4,Z,001,4:1,6.16,5,3,2,1,0
55,48,4,Z,000,E,5.66,4,1,0,1,0
55,49,4,Z,010,4:-2,5.10,4,3,4,1,0
60,0,0,Z,101,E,9.27,7,1,0,1,0
60,1,0,Z,000,E,7.87,6,1,0,1,0
60,2,0,Z,000,E,7.48,6,1,0,1,0
60,3,0,Z,001,E,9.80,8,1,0,1,0
60,4,0,Z,000,E,8.60,7,1,0,1,0
60,5,0,Z,000,E,7.48,6,1,0,1,0
60,6,0,Z,110,E,4.90,4,1,0,1,0
60,7,0,Z,000,E,6.16,5,1,0,1,0
60,8,0,Z,000,E,4.24,3,1,0,1,0
60,9,0,Z,100,E,2.83,2,1,0,1,0
60,10,0,Z,000,E,1.41,1,1,0,1,0
60,11,0,Z,000,E,0.00,0,1,0,0,1
60,12,0,Z,011,E,2.83,2,1,0,1,0
60,13,0,Z,000,E,2.45,2,1,0,1,0
60,14,0,Z,000,E,3.74,3,1,0,1,0
60,15,0,Z,010,E,5.66,4,1,0,1,0
60,16,0,Z,000,E,2.83,2,1,0,1,0
60,17,0,Z,000,E,4.24,3,1,0,1,0
60,18,0,Z,100,E,5.66,4,1,0,1,0
60,19,0,Z,000,E,7.07,5,1,0,1,0
60,20,0,Z,000,E,5.66,4,1,0,1,0
60,21,0,Z,001,E,4.90,4,1,0,1,0
60,22,0,Z,000,E,6.16,5,1,0,1,0
60,23,0,Z,000,E,7.48,6,1,0,1,0
60,24,0,Z,110,E,9.80,8,1,0,1,0
60,25,0,Z,000,E,8.60,7,1,0,1,0
60,26,0,Z,000,E,9.27,7,1,0,1,0
60,27,0,Z,101,E,6.48,5,1,0,1,0
60,28,0,Z,000,E,8.60,7,1,0,1,0
60,29,0,Z,000,E,8.49,6,1,0,1,0
60,30,0,Z,001,E,7.48,6,1,0,1,0
60,31,0,Z,000,E,7.87,6,1,0,1,0
60,32,0,Z,000,E,7.48,6,1,0,1,0
60,33,0,Z,010,E,2.45,2,1,0,1,0
60,34,0,Z,000,E,3.74,3,1,0,1,0
60,35,0,Z,000,E,4.90,4,1,0,1,0
60,36,0,Z,101,E,5.66,4,1,0,1,0
60,37,0,Z,000,E,2.83,2,1,0,1,0
60,38,0,Z,000,E,4.90,4,1,0,1,0
60,39,0,Z,011,E,5.66,4,1,0,1,0
60,40,0,Z,000,E,7.07,5,1,0,1,0
60,41,0,Z,000,E,6.48,5,1,0,1,0
60,42,0,Z,010,E,2.83,2,1,0,1,0
60,43,0,Z,000,E,4.90,4,1,0,1,0
60,44,0,Z,000,E,2.83,2,1,0,1,0
60,45,0,Z,101,E,2.83,2,1,0,1,0
60,46,0,Z,000,E,4.90,4,1,0,1,0
60,47,0,Z,000,E,5.66,4,1,0,1,0
60,48,0,Z,011,E,2.83,2,1,0,1,0
60,49,0,Z,000,E,2.45,2,1,0,1,0
60,0,1,Z,101,1:2,9.70,7,3,2,1,0
60,1,1,Z,000,E,7.87,6,1,0,1,0
60,2,1,Z,000,E,7.48,6,1,0,1,0
60,3,1,Z,001,1:1,10.25,8,3,1,1,0
60,4,1,Z,000,E,8.60,7,1,0,1,0
60,5,1,Z,000,E,7.48,6,1,0,1,0
60,6,1,Z,110,1:-1,4.58,4,3,1,1,0
60,7,1,Z,000,E,6.16,5,1,0,1,0
60,8,1,Z,000,E,4.24,3,1,0,1,0
60,9,1,Z,100,1:1,3.61,3,3,1,1,0
60,10,1,Z,000,E,1.41,1,1,0,1,0
60,11,1,Z,000,E,0.00,0,1,0,0,1
60,12,1,Z,011,1:-1,3.00,2,3,1,1,0
60,13,1,Z,000,E,2.45,2,1,0,1,0
60,14,1,Z,000,E,3.74,3,1,0,1,0
60,15,1,Z,010,1:-2,7.21,6,3,2,1,0
60,16,1,Z,000,E,2.83,2,1,0,1,0
60,17,1,Z,000,E,4.24,3,1,0,1,0
60,18,1,Z,100,1:1,5.00,4,3,1,1,0
60,19,1,Z,000,E,7.07,5,1,0,1,0
60,20,1,Z,000,E,5.66,4,1,0,1,0
60,21,1,Z,001,1:1,4.58,4,3,1,1,0
60,22,1,Z,000,E,6.16,5,1,0,1,0
60,23,1,Z,000,E,7.48,6,1,0,1,0
60,24,1,Z,110,1:-1,10.25,8,3,1,1,0
60,25,1,Z,000,E,8.60,7,1,0,1,0
60,26,1,Z,000,E,9.27,7,1,0,1,0
60,27,1,Z,101,1:2,6.48,5,3,2,1,0
60,28,1,Z,000,E,8.60,7,1,0,1,0
60,29,1,Z,000,E,8.49,6,1,0,1,0
60,30,1,Z,001,1:1,7.81,6,3,1,1,0
60,31,1,Z,000,E,7.87,6,1,0,1,0
60,32,1,Z,000,E,7.48,6,1,0,1,0
60,33,1,Z,010,1:-2,2.45,2,3,2,1,0
60,34,1,Z,000,E,3.74,3,1,0,1,0
60,35,1,Z,000,E,4.90,4,1,0,1,0
60,36,1,Z,101,1:2,7.21,6,3,2,1,0
60,37,1,Z,000,E,2.83,2,1,0,1,0
60,38,1,Z,000,E,4.90,4,1,0,1,0
60,39,1,Z,011,1:-1,5.00,4,3,1,1,0
60,40,1,Z,000,E,7.07,5,1,0,1,0
60,41,1,Z,000,E,6.48,5,1,0,1,0
60,42,1,Z,010,1:-2,3.46,2,3,2,1,0
60,43,1,Z,000,E,4.90,4,1,0,1,0
60,44,1,Z,000,E,2.83,2,1,0,1,0
60,45,1,Z,101,1:2,3.46,2,3,2,1,0
60,46,1,Z,000,E,4.90,4,1,0,1,0
60,47,1,Z,000,E,5.66,4,1,0,1,0
60,48,1,Z,011,1:-1,3.00,2,3,1,1,0
60,49,1,Z,000,E,2.45,2,1,0,1,0
60,0,2,Z,101,2:2,8.37,6,5,4,1,0
60,1,2,Z,000,E,8.49,6,1,0,1,0
60,2,2,Z,000,E,9.80,8,1,0,1,0
60,3,2,Z,001,2:1,9.49,7,5,2,1,0
60,4,2,Z,000,E,8.60,7,1,0,1,0
60,5,2,Z,000,E,7.48,6,1,0,1,0
60,6,2,Z,110,2:-1,5.48,5,5,2,1,0
60,7,2,Z,000,E,7.48,6,1,0,1,0
60,8,2,Z,000,E,2.83,2,1,0,1,0
60,9,2,Z,100,2:1,3.16,3,5,2,1,0
60,10,2,Z,000,E,1.41,1,1,0,1,0
60,11,2,Z,000,E,0.00,0,1,0,0,1
60,12,2,Z,011,2:-1,2.45,2,5,2,1,0
60,13,2,Z,000,E,3.74,3,1,0,1,0
60,14,2,Z,000,E,4.90,4,1,0,1,0
60,15,2,Z,010,2:-2,6.32,6,5,4,1,0
60,16,2,Z,000,E,2.83,2,1,0,1,0
60,17,2,Z,000,E,5.66,4,1,0,1,0
60,18,2,Z,100,2:1,5.83,5,5,2,1,0
60,19,2,Z,000,E,7.07,5,1,0,1,0
60,20,2,Z,000,E,2.83,2,1,0,1,0
60,21,2,Z,001,2:1,5.48,5,5,2,1,0
60,22,2,Z,000,E,6.16,5,1,0,1,0
60,23,2,Z,000,E,7.48,6,1,0,1,0
60,24,2,Z,110,2:-1,9.49,7,5,2,1,0
60,25,2,Z,000,E,7.48,6,1,0,1,0
60,26,2,Z,000,E,9.27,7,1,0,1,0
60,27,2,Z,101,2:2,8.12,7,5,4,1,0
60,28,2,Z,000,E,7.48,6,1,0,1,0
60,29,2,Z,000,E,7.48,6,1,0,1,0
60,30,2,Z,001,2:1,8.37,6,5,2,1,0
60,31,2,Z,000,E,7.87,6,1,0,1,0
60,32,2,Z,000,E,7.87,6,1,0,1,0
60,33,2,Z,010,2:-2,2.45,2,5,4,1,0
60,34,2,Z,000,E,3.74,3,1,0,1,0
60,35,2,Z,000,E,4.90,4,1,0,1,0
60,36,2,Z,101,2:2,6.32,6,5,4,1,0
60,37,2,Z,000,E,4.24,3,1,0,1,0
60,38,2,Z,000,E,4.90,4,1,0,1,0
60,39,2,Z,011,2:-1,5.83,5,5,2,1,0
60,40,2,Z,000,E,4.24,3,1,0,1,0
60,41,2,Z,000,E,5.66,4,1,0,1,0
60,42,2,Z,010,2:-2,4.90,4,5,4,1,0
60,43,2,Z,000,E,4.90,4,1,0,1,0
60,44,2,Z,000,E,2.83,2,1,0,1,0
60,45,2,Z,101,2:2,4.90,4,5,4,1,0
60,46,2,Z,000,E,3.74,3,1,0,1,0
60,47,2,Z,000,E,5.66,4,1,0,1,0
60,48,2,Z,011,2:-1,2.45,2,5,2,1,0
60,49,2,Z,000,E,3.74,3,1,0,1,0
60,0,3,Z,101,3:2,9.90,8,5,4,1,0
60,1,3,Z,000,E,8.83,7,1,0,1,0
60,2,3,Z,000,E,9.80,8,1,0,1,0
60,3,3,Z,001,3:1,9.95,7,5,2,1,0
60,4,3,Z,000,E,7.48,6,1,0,1,0
60,5,3,Z,000,E,6.16,5,1,0,1,0
60,6,3,Z,110,3:-1,5.20,5,5,2,1,0
60,7,3,Z,000,E,5.10,4,1,0,1,0
60,8,3,Z,000,E,2.83,2,1,0,1,0
60,9,3,Z,100,3:1,3.32,3,5,2,1,0
60,10,3,Z,000,E,0.00,0,1,0,0,1
60,11,3,Z,000,E,1.41,1,1,0,1,0
60,12,3,Z,011,3:-1,3.32,3,5,2,1,0
60,13,3,Z,000,E,4.24,3,1,0,1,0
60,14,3,Z,000,E,5.10,4,1,0,1,0
60,15,3,Z,010,3:-2,6.63,6,5,4,1,0
60,16,3,Z,000,E,4.24,3,1,0,1,0
60,17,3,Z,000,E,5.66,4,1,0,1,0
60,18,3,Z,100,3:1,5.92,5,5,2,1,0
60,19,3,Z,000,E,5.66,4,1,0,1,0
60,20,3,Z,000,E,3.74,3,1,0,1,0
60,21,3,Z,001,3:1,5.20,5,5,2,1,0
60,22,3,Z,000,E,7.48,6,1,0,1,0
60,23,3,Z,000,E,8.60,7,1,0,1,0
60,24,3,Z,110,3:-1,9.95,7,5,2,1,0
60,25,3,Z,000,E,7.87,6,1,0,1,0
60,26,3,Z,000,E,7.87,6,1,0,1,0
60,27,3,Z,101,3:2,7.35,7,5,4,1,0
60,28,3,Z,000,E,7.07,5,1,0,1,0
60,29,3,Z,000,E,7.48,6,1,0,1,0
60,30,3,Z,001,3:1,7.68,5,5,2,1,0
60,31,3,Z,000,E,7.48,6,1,0,1,0
60,32,3,Z,000,E,5.10,4,1,0,1,0
60,33,3,Z,010,3:-2,4.24,4,5,4,1,0
60,34,3,Z,000,E,4.90,4,1,0,1,0
60,35,3,Z,000,E,5.10,4,1,0,1,0
60,36,3,Z,101,3:2,6.63,6,5,4,1,0
60,37,3,Z,000,E,5.10,4,1,0,1,0
60,38,3,Z,000,E,5.10,4,1,0,1,0
60,39,3,Z,011,3:-1,5.92,5,5,2,1,0
60,40,3,Z,000,E,3.74,3,1,0,1,0
60,41,3,Z,000,E,4.24,3,1,0,1,0
60,42,3,Z,010,3:-2,4.47,4,5,4,1,0
60,43,3,Z,000,E,2.83,2,1,0,1,0
60,44,3,Z,000,E,0.00,0,1,0,0,1
60,45,3,Z,101,3:2,4.47,4,5,4,1,0
60,46,3,Z,000,E,4.24,3,1,0,1,0
60,47,3,Z,000,E,4.24,3,1,0,1,0
60,48,3,Z,011,3:-1,3.32,3,5,2,1,0
60,49,3,Z,000,E,2.83,2,1,0,1,0
60,0,4,Z,101,4:2,11.58,10,3,4,1,0
60,1,4,Z,000,E,7.48,6,1,0,1,0
60,2,4,Z,000,E,9.80,8,1,0,1,0
60,3,4,Z,001,4:1,10.49,7,3,2,1,0
60,4,4,Z,000,E,7.48,6,1,0,1,0
60,5,4,Z,000,E,4.90,4,1,0,1,0
60,6,4,Z,110,4:-1,5.10,5,3,2,1,0
60,7,4,Z,000,E,4.24,3,1,0,1,0
60,8,4,Z,000,E,2.83,2,1,0,1,0
60,9,4,Z,100,4:1,3.74,3,3,2,1,0
60,10,4,Z,000,E,0.00,0,1,0,0,1
60,11,4,Z,000,E,2.83,2,1,0,1,0
60,12,4,Z,011,4:-1,4.24,4,3,2,1,0
60,13,4,Z,000,E,3.74,3,1,0,1,0
60,14,4,Z,000,E,5.66,4,1,0,1,0
60,15,4,Z,010,4:-2,7.48,6,3,4,1,0
60,16,4,Z,000,E,4.24,3,1,0,1,0
60,17,4,Z,000,E,5.66,4,1,0,1,0
60,18,4,Z,100,4:1,6.16,5,3,2,1,0
60,19,4,Z,000,E,5.66,4,1,0,1,0
60,20,4,Z,000,E,4.90,4,1,0,1,0
60,21,4,Z,001,4:1,5.10,5,3,2,1,0
60,22,4,Z,000,E,7.48,6,1,0,1,0
60,23,4,Z,000,E,9.80,8,1,0,1,0
60,24,4,Z,110,4:-1,10.49,7,3,2,1,0
60,25,4,Z,000,E,9.27,7,1,0,1,0
60,26,4,Z,000,E,6.48,5,1,0,1,0
60,27,4,Z,101,4:2,7.07,7,3,4,1,0
60,28,4,Z,000,E,8.49,6,1,0,1,0
60,29,4,Z,000,E,7.48,6,1,0,1,0
60,30,4,Z,001,4:1,7.07,5,3,2,1,0
60,31,4,Z,000,E,7.48,6,1,0,1,0
60,32,4,Z,000,E,2.45,2,1,0,1,0
60,33,4,Z,010,4:-2,6.16,6,3,4,1,0
60,34,4,Z,000,E,4.90,4,1,0,1,0
60,35,4,Z,000,E,5.66,4,1,0,1,0
60,36,4,Z,101,4:2,7.48,6,3,4,1,0
60,37,4,Z,000,E,4.90,4,1,0,1,0
60,38,4,Z,000,E,5.66,4,1,0,1,0
60,39,4,Z,011,4:-1,6.16,5,3,2,1,0
60,40,4,Z,000,E,6.48,5,1,0,1,0
60,41,4,Z,000,E,2.83,2,1,0,1,0
60,42,4,Z,010,4:-2,4.90,4,3,4,1,0
60,43,4,Z,000,E,2.83,2,1,0,1,0
60,44,4,Z,000,E,2.83,2,1,0,1,0
60,45,4,Z,101,4:2,4.90,4,3,4,1,0
60,46,4,Z,000,E,5.66,4,1,0,1,0
60,47,4,Z,000,E,2.83,2,1,0,1,0
60,48,4,Z,011,4:-1,4.24,4,3,2,1,0
60,49,4,Z,000,E,2.83,2,1,0,1,0
65,0,0,Z,100,E,7.07,5,1,0,1,0
65,1,0,Z,001,E,8.60,7,1,0,1,0
65,2,0,Z,000,E,7.35,6,1,0,1,0
65,3,0,Z,000,E,8.83,7,1,0,1,0
65,4,0,Z,000,E,9.80,8,1,0,1,0
65,5,0,Z,010,E,6.16,5,1,0,1,0
65,6,0,Z,100,E,6.16,5,1,0,1,0
65,7,0,Z,000,E,4.90,4,1,0,1,0
65,8,0,Z,000,E,2.45,2,1,0,1,0
65,9,0,Z,100,E,2.45,2,1,0,1,0
65,10,0,Z,001,E,2.83,2,1,0,1,0
65,11,0,Z,010,E,2.45,2,1,0,1,0
65,12,0,Z,000,E,2.45,2,1,0,1,0
65,13,0,Z,000,E,1.41,1,1,0,1,0
65,14,0,Z,010,E,5.10,4,1,0,1,0
65,15,0,Z,000,E,5.10,4,1,0,1,0
65,16,0,Z,000,E,4.24,3,1,0,1,0
65,17,0,Z,000,E,6.48,5,1,0,1,0
65,18,0,Z,100,E,7.87,6,1,0,1,0
65,19,0,Z,001,E,6.16,5,1,0,1,0
65,20,0,Z,000,E,7.35,6,1,0,1,0
65,21,0,Z,000,E,7.87,6,1,0,1,0
65,22,0,Z,000,E,8.60,7,1,0,1,0
65,23,0,Z,010,E,11.05,9,1,0,1,0
65,24,0,Z,100,E,8.60,7,1,0,1,0
65,25,0,Z,001,E,9.27,7,1,0,1,0
65,26,0,Z,000,E,8.83,7,1,0,1,0
65,27,0,Z,100,E,8.83,7,1,0,1,0
65,28,0,Z,001,E,7.87,6,1,0,1,0
65,29,0,Z,000,E,9.27,7,1,0,1,0
65,30,0,Z,000,E,7.07,5,1,0,1,0
65,31,0,Z,000,E,7.48,6,1,0,1,0
65,32,0,Z,010,E,3.74,3,1,0,1,0
65,33,0,Z,000,E,1.41,1,1,0,1,0
65,34,0,Z,001,E,6.48,5,1,0,1,0
65,35,0,Z,000,E,3.74,3,1,0,1,0
65,36,0,Z,100,E,3.74,3,1,0,1,0
65,37,0,Z,001,E,7.48,6,1,0,1,0
65,38,0,Z,010,E,5.10,4,1,0,1,0
65,39,0,Z,000,E,5.10,4,1,0,1,0
65,40,0,Z,000,E,6.16,5,1,0,1,0
65,41,0,Z,010,E,2.45,2,1,0,1,0
65,42,0,Z,000,E,4.24,3,1,0,1,0
65,43,0,Z,001,E,2.83,2,1,0,1,0
65,44,0,Z,000,E,2.45,2,1,0,1,0
65,45,0,Z,100,E,5.10,4,1,0,1,0
65,46,0,Z,001,E,4.90,4,1,0,1,0
65,47,0,Z,010,E,2.45,2,1,0,1,0
65,48,0,Z,000,E,1.41,1,1,0,1,0
65,49,0,Z,000,E,2.83,2,1,0,1,0
65,0,1,Z,100,1:1,7.14,5,3,1,1,0
65,1,1,Z,001,1:1,9.00,7,3,1,1,0
65,2,1,Z,000,E,7.35,6,1,0,1,0
65,3,1,Z,000,E,8.83,7,1,0,1,0
65,4,1,Z,000,E,9.80,8,1,0,1,0
65,5,1,Z,010,1:-2,5.83,5,3,2,1,0
65,6,1,Z,100,1:1,6.56,5,3,1,1,0
65,7,1,Z,000,E,4.90,4,1,0,1,0
65,8,1,Z,000,E,2.45,2,1,0,1,0
65,9,1,Z,100,1:1,3.00,2,3,1,1,0
65,10,1,Z,001,1:1,3.61,3,3,1,1,0
65,11,1,Z,010,1:-2,3.74,3,3,2,1,0
65,12,1,Z,000,E,2.45,2,1,0,1,0
65,13,1,Z,000,E,1.41,1,1,0,1,0
65,14,1,Z,010,1:-2,6.48,5,3,2,1,0
65,15,1,Z,000,E,5.10,4,1,0,1,0
65,16,1,Z,000,E,4.24,3,1,0,1,0
65,17,1,Z,000,E,6.48,5,1,0,1,0
65,18,1,Z,100,1:1,7.14,5,3,1,1,0
65,19,1,Z,001,1:1,5.74,5,3,1,1,0
65,20,1,Z,000,E,7.35,6,1,0,1,0
65,21,1,Z,000,E,7.87,6,1,0,1,0
65,22,1,Z,000,E,8.60,7,1,0,1,0
65,23,1,Z,010,1:-2,11.92,9,3,2,1,0
65,24,1,Z,100,1:1,8.19,7,3,1,1,0
65,25,1,Z,001,1:1,9.22,7,3,1,1,0
65,26,1,Z,000,E,8.83,7,1,0,1,0
65,27,1,Z,100,1:1,8.66,7,3,1,1,0
65,28,1,Z,001,1:1,8.06,6,3,1,1,0
65,29,1,Z,000,E,9.27,7,1,0,1,0
65,30,1,Z,000,E,7.07,5,1,0,1,0
65,31,1,Z,000,E,7.48,6,1,0,1,0
65,32,1,Z,010,1:-2,3.16,3,3,2,1,0
65,33,1,Z,000,E,1.41,1,1,0,1,0
65,34,1,Z,001,1:1,7.28,6,3,1,1,0
65,35,1,Z,000,E,3.74,3,1,0,1,0
65,36,1,Z,100,1:1,4.58,4,3,1,1,0
65,37,1,Z,001,1:1,8.31,7,3,1,1,0
65,38,1,Z,010,1:-2,4.24,4,3,2,1,0
65,39,1,Z,000,E,5.10,4,1,0,1,0
65,40,1,Z,000,E,6.16,5,1,0,1,0
65,41,1,Z,010,1:-2,2.45,2,3,2,1,0
65,42,1,Z,000,E,4.24,3,1,0,1,0
65,43,1,Z,001,1:1,3.61,3,3,1,1,0
65,44,1,Z,000,E,2.45,2,1,0,1,0
65,45,1,Z,100,1:1,5.00,4,3,1,1,0
65,46,1,Z,001,1:1,5.39,4,3,1,1,0
65,47,1,Z,010,1:-2,3.74,3,3,2,1,0
65,48,1,Z,000,E,1.41,1,1,0,1,0
65,49,1,Z,000,E,2.83,2,1,0,1,0
65,0,2,Z,100,2:1,8.37,6,5,2,1,0
65,1,2,Z,001,2:1,9.49,7,5,2,1,0
65,2,2,Z,000,E,6.16,5,1,0,1,0
65,3,2,Z,000,E,11.05,9,1,0,1,0
65,4,2,Z,000,E,8.60,7,1,0,1,0
65,5,2,Z,010,2:-2,6.78,6,5,4,1,0
65,6,2,Z,100,2:1,7.07,5,5,2,1,0
65,7,2,Z,000,E,4.90,4,1,0,1,0
65,8,2,Z,000,E,1.41,1,1,0,1,0
65,9,2,Z,100,2:1,5.10,4,5,2,1,0
65,10,2,Z,001,2:1,2.00,2,5,2,0,1
65,11,2,Z,010,2:-2,4.24,4,5,4,1,0
65,12,2,Z,000,E,2.45,2,1,0,1,0
65,13,2,Z,000,E,2.83,2,1,0,1,0
65,14,2,Z,010,2:-2,8.12,7,5,4,1,0
65,15,2,Z,000,E,3.74,3,1,0,1,0
65,16,2,Z,000,E,5.66,4,1,0,1,0
65,17,2,Z,000,E,7.87,6,1,0,1,0
65,18,2,Z,100,2:1,5.10,4,5,2,1,0
65,19,2,Z,001,2:1,5.48,5,5,2,1,0
65,20,2,Z,000,E,8.60,7,1,0,1,0
65,21,2,Z,000,E,5.10,4,1,0,1,0
65,22,2,Z,000,E,9.80,8,1,0,1,0
65,23,2,Z,010,2:-2,11.75,8,5,4,1,0
65,24,2,Z,100,2:1,6.78,6,5,2,1,0
65,25,2,Z,001,2:1,10.00,8,5,2,1,0
65,26,2,Z,000,E,8.83,7,1,0,1,0
65,27,2,Z,100,2:1,7.87,6,5,2,1,0
65,28,2,Z,001,2:1,8.37,6,5,2,1,0
65,29,2,Z,000,E,9.90,7,1,0,1,0
65,30,2,Z,000,E,6.16,5,1,0,1,0
65,31,2,Z,000,E,7.35,6,1,0,1,0
65,32,2,Z,010,2:-2,3.74,3,5,4,1,0
65,33,2,Z,000,E,3.74,3,1,0,1,0
65,34,2,Z,001,2:1,6.48,5,5,2,1,0
65,35,2,Z,000,E,3.74,3,1,0,1,0
65,36,2,Z,100,2:1,6.78,6,5,2,1,0
65,37,2,Z,001,2:1,6.63,6,5,2,1,0
65,38,2,Z,010,2:-2,5.10,5,5,4,1,0
65,39,2,Z,000,E,5.10,4,1,0,1,0
65,40,2,Z,000,E,4.90,4,1,0,1,0
65,41,2,Z,010,2:-2,3.74,3,5,4,1,0
65,42,2,Z,000,E,6.16,5,1,0,1,0
65,43,2,Z,001,2:1,2.00,2,5,2,0,1
65,44,2,Z,000,E,2.45,2,1,0,1,0
65,45,2,Z,100,2:1,4.69,3,5,2,1,0
65,46,2,Z,001,2:1,6.00,4,5,2,1,0
65,47,2,Z,010,2:-2,4.24,4,5,4,1,0
65,48,2,Z,000,E,1.41,1,1,0,1,0
65,49,2,Z,000,E,2.45,2,1,0,1,0
65,0,3,Z,100,3:1,9.95,7,5,2,1,0
65,1,3,Z,001,3:1,8.77,6,5,2,1,0
65,2,3,Z,000,E,8.83,7,1,0,1,0
65,3,3,Z,000,E,9.80,8,1,0,1,0
65,4,3,Z,000,E,6.16,5,1,0,1,0
65,5,3,Z,010,3:-2,6.63,6,5,4,1,0
65,6,3,Z,100,3:1,6.40,4,5,2,1,0
65,7,3,Z,000,E,2.83,2,1,0,1,0
65,8,3,Z,000,E,2.45,2,1,0,1,0
65,9,3,Z,100,3:1,4.58,4,5,2,1,0
65,10,3,Z,001,3:1,2.24,2,5,2,1,0
65,11,3,Z,010,3:-2,5.48,5,5,4,1,0
65,12,3,Z,000,E,2.45,2,1,0,1,0
65,13,3,Z,000,E,5.10,4,1,0,1,0
65,14,3,Z,010,3:-2,8.60,8,5,4,1,0
65,15,3,Z,000,E,4.24,3,1,0,1,0
65,16,3,Z,000,E,6.48,5,1,0,1,0
65,17,3,Z,000,E,7.87,6,1,0,1,0
65,18,3,Z,100,3:1,4.12,4,5,2,1,0
65,19,3,Z,001,3:1,6.40,6,5,2,1,0
65,20,3,Z,000,E,7.87,6,1,0,1,0
65,21,3,Z,000,E,7.35,6,1,0,1,0
65,22,3,Z,000,E,11.05,9,1,0,1,0
65,23,3,Z,010,3:-2,11.75,8,5,4,1,0
65,24,3,Z,100,3:1,7.28,6,5,2,1,0
65,25,3,Z,001,3:1,9.43,8,5,2,1,0
65,26,3,Z,000,E,7.48,6,1,0,1,0
65,27,3,Z,100,3:1,7.68,5,5,2,1,0
65,28,3,Z,001,3:1,9.00,6,5,2,1,0
65,29,3,Z,000,E,7.07,5,1,0,1,0
65,30,3,Z,000,E,7.48,6,1,0,1,0
65,31,3,Z,000,E,6.16,5,1,0,1,0
65,32,3,Z,010,3:-2,4.24,3,5,4,1,0
65,33,3,Z,000,E,6.16,5,1,0,1,0
65,34,3,Z,001,3:1,5.39,5,5,2,1,0
65,35,3,Z,000,E,4.24,3,1,0,1,0
65,36,3,Z,100,3:1,9.00,8,5,2,1,0
65,37,3,Z,001,3:1,5.39,5,5,2,1,0
65,38,3,Z,010,3:-2,5.10,5,5,4,1,0
65,39,3,Z,000,E,5.10,4,1,0,1,0
65,40,3,Z,000,E,2.45,2,1,0,1,0
65,41,3,Z,010,3:-2,5.10,4,5,4,1,0
65,42,3,Z,000,E,3.74,3,1,0,1,0
65,43,3,Z,001,3:1,2.24,2,5,2,1,0
65,44,3,Z,000,E,2.45,2,1,0,1,0
65,45,3,Z,100,3:1,5.39,4,5,2,1,0
65,46,3,Z,001,3:1,4.58,4,5,2,1,0
65,47,3,Z,010,3:-2,4.47,4,5,4,0,1
65,48,3,Z,000,E,0.00,0,1,0,0,1
65,49,3,Z,000,E,2.45,2,1,0,1,0
65,0,4,Z,100,4:1,9.27,6,3,2,1,0
65,1,4,Z,001,4:1,8.12,5,3,2,1,0
65,2,4,Z,000,E,11.58,9,1,0,1,0
65,3,4,Z,000,E,8.60,7,1,0,1,0
65,4,4,Z,000,E,4.90,4,1,0,1,0
65,5,4,Z,010,4:-2,7.35,7,3,4,1,0
65,6,4,Z,100,4:1,5.83,4,3,2,1,0
65,7,4,Z,000,E,2.83,2,1,0,1,0
65,8,4,Z,000,E,5.10,4,1,0,1,0
65,9,4,Z,100,4:1,4.24,4,3,2,1,0
65,10,4,Z,001,4:1,3.16,3,3,2,1,0
65,11,4,Z,010,4:-2,5.83,5,3,4,1,0
65,12,4,Z,000,E,2.45,2,1,0,1,0
65,13,4,Z,000,E,6.16,5,1,0,1,0
65,14,4,Z,010,4:-2,8.12,8,3,4,1,0
65,15,4,Z,000,E,5.10,4,1,0,1,0
65,16,4,Z,000,E,7.48,6,1,0,1,0
65,17,4,Z,000,E,7.35,6,1,0,1,0
65,18,4,Z,100,4:1,6.16,6,3,2,1,0
65,19,4,Z,001,4:1,7.35,7,3,2,1,0
65,20,4,Z,000,E,6.48,5,1,0,1,0
65,21,4,Z,000,E,9.90,8,1,0,1,0
65,22,4,Z,000,E,12.33,10,1,0,1,0
65,23,4,Z,010,4:-2,10.68,8,3,4,1,0
65,24,4,Z,100,4:1,9.49,8,3,2,1,0
65,25,4,Z,001,4:1,8.94,8,3,2,1,0
65,26,4,Z,000,E,6.16,5,1,0,1,0
65,27,4,Z,100,4:1,8.37,6,3,2,1,0
65,28,4,Z,001,4:1,9.70,7,3,2,1,0
65,29,4,Z,000,E,4.24,3,1,0,1,0
65,30,4,Z,000,E,8.60,7,1,0,1,0
65,31,4,Z,000,E,4.90,4,1,0,1,0
65,32,4,Z,010,4:-2,4.69,3,3,4,1,0
65,33,4,Z,000,E,7.07,5,1,0,1,0
65,34,4,Z,001,4:1,5.10,5,3,2,1,0
65,35,4,Z,000,E,5.10,4,1,0,1,0
65,36,4,Z,100,4:1,8.60,8,3,2,1,0
65,37,4,Z,001,4:1,6.16,5,3,2,1,0
65,38,4,Z,010,4:-2,6.16,6,3,4,1,0
65,39,4,Z,000,E,5.10,4,1,0,1,0
65,40,4,Z,000,E,1.41,1,1,0,1,0
65,41,4,Z,010,4:-2,6.48,5,3,4,1,0
65,42,4,Z,000,E,2.45,2,1,0,1,0
65,43,4,Z,001,4:1,3.16,3,3,2,1,0
65,44,4,Z,000,E,2.45,2,1,0,1,0
65,45,4,Z,100,4:1,5.83,4,3,2,1,0
65,46,4,Z,001,4:1,3.16,3,3,2,1,0
65,47,4,Z,010,4:-2,5.10,4,3,4,1,0
65,48,4,Z,000,E,1.41,1,1,0,1,0
65,49,4,Z,000,E,2.83,2,1,0,1,0
70,0,0,Z,100,E,8.60,7,1,0,1,0
70,1,0,Z,000,E,7.35,6,1,0,1,0
70,2,0,Z,000,E,8.83,7,1,0,1,0
70,3,0,Z,000,E,9.80,8,1,0,1,0
70,4,0,Z,010,E,6.16,5,1,0,1,0
70,5,0,Z,000,E,7.87,6,1,0,1,0
70,6,0,Z,100,E,6.16,5,1,0,1,0
70,7,0,Z,000,E,2.45,2,1,0,1,0
70,8,0,Z,001,E,2.45,2,1,0,1,0
70,9,0,Z,100,E,2.83,2,1,0,1,0
70,10,0,Z,010,E,2.45,2,1,0,1,0
70,11,0,Z,000,E,2.45,2,1,0,1,0
70,12,0,Z,000,E,1.41,1,1,0,1,0
70,13,0,Z,010,E,5.10,4,1,0,1,0
70,14,0,Z,000,E,5.10,4,1,0,1,0
70,15,0,Z,000,E,4.24,3,1,0,1,0
70,16,0,Z,000,E,7.87,6,1,0,1,0
70,17,0,Z,001,E,9.27,7,1,0,1,0
70,18,0,Z,100,E,6.16,5,1,0,1,0
70,19,0,Z,000,E,8.60,7,1,0,1,0
70,20,0,Z,000,E,9.90,8,1,0,1,0
70,21,0,Z,000,E,8.60,7,1,0,1,0
70,22,0,Z,010,E,12.25,10,1,0,1,0
70,23,0,Z,001,E,11.05,9,1,0,1,0
70,24,0,Z,100,E,9.27,7,1,0,1,0
70,25,0,Z,000,E,8.83,7,1,0,1,0
70,26,0,Z,001,E,8.83,7,1,0,1,0
70,27,0,Z,100,E,7.87,6,1,0,1,0
70,28,0,Z,000,E,9.27,7,1,0,1,0
70,29,0,Z,000,E,7.07,5,1,0,1,0
70,30,0,Z,000,E,7.48,6,1,0,1,0
70,31,0,Z,010,E,3.74,3,1,0,1,0
70,32,0,Z,001,E,3.74,3,1,0,1,0
70,33,0,Z,000,E,5.66,4,1,0,1,0
70,34,0,Z,000,E,5.10,4,1,0,1,0
70,35,0,Z,001,E,3.74,3,1,0,1,0
70,36,0,Z,100,E,7.48,6,1,0,1,0
70,37,0,Z,010,E,5.10,4,1,0,1,0
70,38,0,Z,000,E,5.10,4,1,0,1,0
70,39,0,Z,000,E,6.16,5,1,0,1,0
70,40,0,Z,010,E,2.45,2,1,0,1,0
70,41,0,Z,001,E,2.45,2,1,0,1,0
70,42,0,Z,000,E,1.41,1,1,0,1,0
70,43,0,Z,000,E,3.74,3,1,0,1,0
70,44,0,Z,001,E,2.45,2,1,0,1,0
70,45,0,Z,100,E,4.90,4,1,0,1,0
70,46,0,Z,010,E,1.41,1,1,0,1,0
70,47,0,Z,000,E,1.41,1,1,0,1,0
70,48,0,Z,000,E,2.83,2,1,0,1,0
70,49,0,Z,010,E,1.41,1,1,0,1,0
70,0,1,Z,100,1:1,9.00,7,3,1,1,0
70,1,1,Z,000,E,7.35,6,1,0,1,0
70,2,1,Z,000,E,8.83,7,1,0,1,0
70,3,1,Z,000,E,9.80,8,1,0,1,0
70,4,1,Z,010,1:-2,5.83,5,3,2,1,0
70,5,1,Z,000,E,7.87,6,1,0,1,0
70,6,1,Z,100,1:1,6.71,5,3,1,1,0
70,7,1,Z,000,E,2.45,2,1,0,1,0
70,8,1,Z,001,1:1,3.00,2,3,1,1,0
70,9,1,Z,100,1:1,3.61,3,3,1,1,0
70,10,1,Z,010,1:-2,3.74,3,3,2,1,0
70,11,1,Z,000,E,2.45,2,1,0,1,0
70,12,1,Z,000,E,1.41,1,1,0,1,0
70,13,1,Z,010,1:-2,6.48,5,3,2,1,0
70,14,1,Z,000,E,5.10,4,1,0,1,0
70,15,1,Z,000,E,4.24,3,1,0,1,0
70,16,1,Z,000,E,7.87,6,1,0,1,0
70,17,1,Z,001,1:1,8.66,7,3,1,1,0
70,18,1,Z,100,1:1,5.74,5,3,1,1,0
70,19,1,Z,000,E,8.60,7,1,0,1,0
70,20,1,Z,000,E,9.90,8,1,0,1,0
70,21,1,Z,000,E,8.60,7,1,0,1,0
70,22,1,Z,010,1:-2,13.19,10,3,2,1,0
70,23,1,Z,001,1:1,10.72,9,3,1,1,0
70,24,1,Z,100,1:1,9.22,7,3,1,1,0
70,25,1,Z,000,E,8.83,7,1,0,1,0
70,26,1,Z,001,1:1,8.66,7,3,1,1,0
70,27,1,Z,100,1:1,8.06,6,3,1,1,0
70,28,1,Z,000,E,9.27,7,1,0,1,0
70,29,1,Z,000,E,7.07,5,1,0,1,0
70,30,1,Z,000,E,7.48,6,1,0,1,0
70,31,1,Z,010,1:-2,3.16,3,3,2,1,0
70,32,1,Z,001,1:1,4.36,3,3,1,1,0
70,33,1,Z,000,E,5.66,4,1,0,1,0
70,34,1,Z,000,E,5.10,4,1,0,1,0
70,35,1,Z,001,1:1,4.58,4,3,1,1,0
70,36,1,Z,100,1:1,8.31,7,3,1,1,0
70,37,1,Z,010,1:-2,4.24,4,3,2,1,0
70,38,1,Z,000,E,5.10,4,1,0,1,0
70,39,1,Z,000,E,6.16,5,1,0,1,0
70,40,1,Z,010,1:-2,2.45,2,3,2,1,0
70,41,1,Z,001,1:1,3.00,2,3,1,1,0
70,42,1,Z,000,E,1.41,1,1,0,1,0
70,43,1,Z,000,E,3.74,3,1,0,1,0
70,44,1,Z,001,1:1,2.24,2,3,1,1,0
70,45,1,Z,100,1:1,5.39,4,3,1,1,0
70,46,1,Z,010,1:-2,2.45,2,3,2,1,0
70,47,1,Z,000,E,1.41,1,1,0,1,0
70,48,1,Z,000,E,2.83,2,1,0,1,0
70,49,1,Z,010,1:-2,3.16,3,3,2,1,0
70,0,2,Z,100,2:1,9.49,7,5,2,1,0
70,1,2,Z,000,E,6.16,5,1,0,1,0
70,2,2,Z,000,E,11.05,9,1,0,1,0
70,3,2,Z,000,E,8.60,7,1,0,1,0
70,4,2,Z,010,2:-2,6.16,5,5,4,1,0
70,5,2,Z,000,E,9.90,8,1,0,1,0
70,6,2,Z,100,2:1,4.69,3,5,2,1,0
70,7,2,Z,000,E,2.45,2,1,0,1,0
70,8,2,Z,001,2:1,5.10,4,5,2,1,0
70,9,2,Z,100,2:1,2.00,2,5,2,0,1
70,10,2,Z,010,2:-2,4.24,4,5,4,1,0
70,11,2,Z,000,E,2.45,2,1,0,1,0
70,12,2,Z,000,E,2.83,2,1,0,1,0
70,13,2,Z,010,2:-2,8.12,7,5,4,1,0
70,14,2,Z,000,E,3.74,3,1,0,1,0
70,15,2,Z,000,E,5.66,4,1,0,1,0
70,16,2,Z,000,E,9.27,7,1,0,1,0
70,17,2,Z,001,2:1,6.78,6,5,2,1,0
70,18,2,Z,100,2:1,5.48,5,5,2,1,0
70,19,2,Z,000,E,9.90,8,1,0,1,0
70,20,2,Z,000,E,7.35,6,1,0,1,0
70,21,2,Z,000,E,9.80,8,1,0,1,0
70,22,2,Z,010,2:-2,13.04,9,5,4,1,0
70,23,2,Z,001,2:1,9.49,8,5,2,1,0
70,24,2,Z,100,2:1,10.00,8,5,2,1,0
70,25,2,Z,000,E,8.83,7,1,0,1,0
70,26,2,Z,001,2:1,7.87,6,5,2,1,0
70,27,2,Z,100,2:1,8.37,6,5,2,1,0
70,28,2,Z,000,E,9.90,7,1,0,1,0
70,29,2,Z,000,E,6.16,5,1,0,1,0
70,30,2,Z,000,E,7.35,6,1,0,1,0
70,31,2,Z,010,2:-2,3.16,3,5,4,1,0
70,32,2,Z,001,2:1,5.10,4,5,2,1,0
70,33,2,Z,000,E,5.66,4,1,0,1,0
70,34,2,Z,000,E,4.24,3,1,0,1,0
70,35,2,Z,001,2:1,6.78,6,5,2,1,0
70,36,2,Z,100,2:1,6.63,6,5,2,1,0
70,37,2,Z,010,2:-2,5.10,5,5,4,1,0
70,38,2,Z,000,E,5.10,4,1,0,1,0
70,39,2,Z,000,E,4.90,4,1,0,1,0
70,40,2,Z,010,2:-2,3.74,3,5,4,1,0
70,41,2,Z,001,2:1,3.74,3,5,2,1,0
70,42,2,Z,000,E,1.41,1,1,0,1,0
70,43,2,Z,000,E,4.24,3,1,0,1,0
70,44,2,Z,001,2:1,2.45,2,5,2,1,0
70,45,2,Z,100,2:1,6.00,4,5,2,1,0
70,46,2,Z,010,2:-2,3.16,3,5,4,1,0
70,47,2,Z,000,E,1.41,1,1,0,1,0
70,48,2,Z,000,E,2.45,2,1,0,1,0
70,49,2,Z,010,2:-2,4.24,4,5,4,1,0
70,0,3,Z,100,3:1,8.77,6,5,2,1,0
70,1,3,Z,000,E,8.83,7,1,0,1,0
70,2,3,Z,000,E,9.80,8,1,0,1,0
70,3,3,Z,000,E,6.16,5,1,0,1,0
70,4,3,Z,010,3:-2,7.35,6,5,4,1,0
70,5,3,Z,000,E,7.35,6,1,0,1,0
70,6,3,Z,100,3:1,4.12,3,5,2,1,0
70,7,3,Z,000,E,3.74,3,1,0,1,0
70,8,3,Z,001,3:1,4.58,4,5,2,1,0
70,9,3,Z,100,3:1,2.24,2,5,2,1,0
70,10,3,Z,010,3:-2,5.48,5,5,4,1,0
70,11,3,Z,000,E,2.45,2,1,0,1,0
70,12,3,Z,000,E,5.10,4,1,0,1,0
70,13,3,Z,010,3:-2,8.60,8,5,4,1,0
70,14,3,Z,000,E,4.24,3,1,0,1,0
70,15,3,Z,000,E,7.87,6,1,0,1,0
70,16,3,Z,000,E,8.49,6,1,0,1,0
70,17,3,Z,001,3:1,5.20,5,5,2,1,0
70,18,3,Z,100,3:1,7.55,7,5,2,1,0
70,19,3,Z,000,E,8.83,7,1,0,1,0
70,20,3,Z,000,E,8.60,7,1,0,1,0
70,21,3,Z,000,E,12.25,10,1,0,1,0
70,22,3,Z,010,3:-2,12.81,8,5,4,1,0
70,23,3,Z,001,3:1,8.66,7,5,2,1,0
70,24,3,Z,100,3:1,9.43,8,5,2,1,0
70,25,3,Z,000,E,7.48,6,1,0,1,0
70,26,3,Z,001,3:1,7.68,5,5,2,1,0
70,27,3,Z,100,3:1,9.00,6,5,2,1,0
70,28,3,Z,000,E,7.07,5,1,0,1,0
70,29,3,Z,000,E,7.48,6,1,0,1,0
70,30,3,Z,000,E,6.16,5,1,0,1,0
70,31,3,Z,010,3:-2,4.47,4,5,4,0,1
70,32,3,Z,001,3:1,6.71,6,5,2,1,0
70,33,3,Z,000,E,5.66,4,1,0,1,0
70,34,3,Z,000,E,3.74,3,1,0,1,0
70,35,3,Z,001,3:1,9.00,8,5,2,1,0
70,36,3,Z,100,3:1,5.39,5,5,2,1,0
70,37,3,Z,010,3:-2,5.10,5,5,4,1,0
70,38,3,Z,000,E,5.10,4,1,0,1,0
70,39,3,Z,000,E,2.45,2,1,0,1,0
70,40,3,Z,010,3:-2,4.24,3,5,4,1,0
70,41,3,Z,001,3:1,3.32,3,5,2,1,0
70,42,3,Z,000,E,2.45,2,1,0,1,0
70,43,3,Z,000,E,2.45,2,1,0,1,0
70,44,3,Z,001,3:1,4.58,4,5,2,1,0
70,45,3,Z,100,3:1,4.12,3,5,2,1,0
70,46,3,Z,010,3:-2,4.24,4,5,4,1,0
70,47,3,Z,000,E,1.41,1,1,0,1,0
70,48,3,Z,000,E,1.41,1,1,0,1,0
70,49,3,Z,010,3:-2,5.48,5,5,4,1,0
70,0,4,Z,100,4:1,8.12,5,3,2,1,0
70,1,4,Z,000,E,11.58,9,1,0,1,0
70,2,4,Z,000,E,8.60,7,1,0,1,0
70,3,4,Z,000,E,4.90,4,1,0,1,0
70,4,4,Z,010,4:-2,9.06,8,3,4,1,0
70,5,4,Z,000,E,5.10,4,1,0,1,0
70,6,4,Z,100,4:1,3.74,3,3,2,1,0
70,7,4,Z,000,E,5.10,4,1,0,1,0
70,8,4,Z,001,4:1,4.24,4,3,2,1,0
70,9,4,Z,100,4:1,3.16,3,3,2,1,0
70,10,4,Z,010,4:-2,5.83,5,3,4,1,0
70,11,4,Z,000,E,2.45,2,1,0,1,0
70,12,4,Z,000,E,6.16,5,1,0,1,0
70,13,4,Z,010,4:-2,8.12,8,3,4,1,0
70,14,4,Z,000,E,5.10,4,1,0,1,0
70,15,4,Z,000,E,8.83,7,1,0,1,0
70,16,4,Z,000,E,7.87,6,1,0,1,0
70,17,4,Z,001,4:1,6.16,6,3,2,1,0
70,18,4,Z,100,4:1,8.49,8,3,2,1,0
70,19,4,Z,000,E,7.87,6,1,0,1,0
70,20,4,Z,000,E,9.90,8,1,0,1,0
70,21,4,Z,000,E,13.49,11,1,0,1,0
70,22,4,Z,010,4:-2,12.73,8,3,4,1,0
70,23,4,Z,001,4:1,9.49,8,3,2,1,0
70,24,4,Z,100,4:1,8.94,8,3,2,1,0
70,25,4,Z,000,E,6.16,5,1,0,1,0
70,26,4,Z,001,4:1,8.37,6,3,2,1,0
70,27,4,Z,100,4:1,9.70,7,3,2,1,0
70,28,4,Z,000,E,4.24,3,1,0,1,0
70,29,4,Z,000,E,8.60,7,1,0,1,0
70,30,4,Z,000,E,4.90,4,1,0,1,0
70,31,4,Z,010,4:-2,5.48,5,3,4,1,0
70,32,4,Z,001,4:1,6.78,6,3,2,1,0
70,33,4,Z,000,E,5.66,4,1,0,1,0
70,34,4,Z,000,E,5.10,4,1,0,1,0
70,35,4,Z,001,4:1,8.60,8,3,2,1,0
70,36,4,Z,100,4:1,6.16,5,3,2,1,0
70,37,4,Z,010,4:-2,6.16,6,3,4,1,0
70,38,4,Z,000,E,5.10,4,1,0,1,0
70,39,4,Z,000,E,1.41,1,1,0,1,0
70,40,4,Z,010,4:-2,5.10,4,3,4,1,0
70,41,4,Z,001,4:1,3.16,3,3,2,1,0
70,42,4,Z,000,E,5.10,4,1,0,1,0
70,43,4,Z,000,E,1.41,1,1,0,1,0
70,44,4,Z,001,4:1,5.83,4,3,2,1,0
70,45,4,Z,100,4:1,2.83,2,3,2,1,0
70,46,4,Z,010,4:-2,5.10,4,3,4,1,0
70,47,4,Z,000,E,1.41,1,1,0,1,0
70,48,4,Z,000,E,1.41,1,1,0,1,0
70,49,4,Z,010,4:-2,6.48,5,3,4,1,0
75,0,0,Z,100,E,9.80,8,1,0,1,0
75,1,0,Z,000,E,8.60,7,1,0,1,0
75,2,0,Z,000,E,7.48,6,1,0,1,0
75,3,0,Z,010,E,6.48,5,1,0,1,0
75,4,0,Z,000,E,8.60,7,1,0,1,0
75,5,0,Z,000,E,7.48,6,1,0,1,0
75,6,0,Z,101,E,4.90,4,1,0,1,0
75,7,0,Z,000,E,2.83,2,1,0,1,0
75,8,0,Z,000,E,0.00,0,1,0,0,1
75,9,0,Z,110,E,2.83,2,1,0,1,0
75,10,0,Z,000,E,2.45,2,1,0,1,0
75,11,0,Z,000,E,3.74,3,1,0,1,0
75,12,0,Z,010,E,5.66,4,1,0,1,0
75,13,0,Z,000,E,2.83,2,1,0,1,0
75,14,0,Z,000,E,5.66,4,1,0,1,0
75,15,0,Z,001,E,8.83,7,1,0,1,0
75,16,0,Z,000,E,10.20,8,1,0,1,0
75,17,0,Z,000,E,8.83,7,1,0,1,0
75,18,0,Z,100,E,8.60,7,1,0,1,0
75,19,0,Z,000,E,9.80,8,1,0,1,0
75,20,0,Z,000,E,11.05,9,1,0,1,0
75,21,0,Z,011,E,13.49,11,1,0,1,0
75,22,0,Z,000,E,12.33,10,1,0,1,0
75,23,0,Z,000,E,12.08,9,1,0,1,0
75,24,0,Z,101,E,6.48,5,1,0,1,0
75,25,0,Z,000,E,8.60,7,1,0,1,0
75,26,0,Z,000,E,8.49,6,1,0,1,0
75,27,0,Z,100,E,7.48,6,1,0,1,0
75,28,0,Z,000,E,7.87,6,1,0,1,0
75,29,0,Z,000,E,7.48,6,1,0,1,0
75,30,0,Z,011,E,4.90,4,1,0,1,0
75,31,0,Z,000,E,5.10,4,1,0,1,0
75,32,0,Z,000,E,7.87,6,1,0,1,0
75,33,0,Z,001,E,4.90,4,1,0,1,0
75,34,0,Z,000,E,3.74,3,1,0,1,0
75,35,0,Z,000,E,4.90,4,1,0,1,0
75,36,0,Z,110,E,5.66,4,1,0,1,0
75,37,0,Z,000,E,7.07,5,1,0,1,0
75,38,0,Z,000,E,6.48,5,1,0,1,0
75,39,0,Z,011,E,1.41,1,1,0,1,0
75,40,0,Z,000,E,2.83,2,1,0,1,0
75,41,0,Z,000,E,2.83,2,1,0,1,0
75,42,0,Z,001,E,2.45,2,1,0,1,0
75,43,0,Z,000,E,2.83,2,1,0,1,0
75,44,0,Z,000,E,2.45,2,1,0,1,0
75,45,0,Z,110,E,1.41,1,1,0,1,0
75,46,0,Z,000,E,2.83,2,1,0,1,0
75,47,0,Z,000,E,5.10,4,1,0,1,0
75,48,0,Z,011,E,2.45,2,1,0,1,0
75,49,0,Z,000,E,2.83,2,1,0,1,0
75,0,1,Z,100,1:1,10.25,8,3,1,1,0
75,1,1,Z,000,E,8.60,7,1,0,1,0
75,2,1,Z,000,E,7.48,6,1,0,1,0
75,3,1,Z,010,1:-2,6.48,5,3,2,1,0
75,4,1,Z,000,E,8.60,7,1,0,1,0
75,5,1,Z,000,E,7.48,6,1,0,1,0
75,6,1,Z,101,1:2,6.00,4,3,2,1,0
75,7,1,Z,000,E,2.83,2,1,0,1,0
75,8,1,Z,000,E,0.00,0,1,0,0,1
75,9,1,Z,110,1:-1,3.00,2,3,1,1,0
75,10,1,Z,000,E,2.45,2,1,0,1,0
75,11,1,Z,000,E,3.74,3,1,0,1,0
75,12,1,Z,010,1:-2,7.21,6,3,2,1,0
75,13,1,Z,000,E,2.83,2,1,0,1,0
75,14,1,Z,000,E,5.66,4,1,0,1,0
75,15,1,Z,001,1:1,8.31,7,3,1,1,0
75,16,1,Z,000,E,10.20,8,1,0,1,0
75,17,1,Z,000,E,8.83,7,1,0,1,0
75,18,1,Z,100,1:1,8.31,7,3,1,1,0
75,19,1,Z,000,E,9.80,8,1,0,1,0
75,20,1,Z,000,E,11.05,9,1,0,1,0
75,21,1,Z,011,1:-1,13.89,11,3,1,1,0
75,22,1,Z,000,E,12.33,10,1,0,1,0
75,23,1,Z,000,E,12.08,9,1,0,1,0
75,24,1,Z,101,1:2,6.48,5,3,2,1,0
75,25,1,Z,000,E,8.60,7,1,0,1,0
75,26,1,Z,000,E,8.49,6,1,0,1,0
75,27,1,Z,100,1:1,7.81,6,3,1,1,0
75,28,1,Z,000,E,7.87,6,1,0,1,0
75,29,1,Z,000,E,7.48,6,1,0,1,0
75,30,1,Z,011,1:-1,4.58,4,3,1,1,0
75,31,1,Z,000,E,5.10,4,1,0,1,0
75,32,1,Z,000,E,7.87,6,1,0,1,0
75,33,1,Z,001,1:1,5.74,5,3,1,1,0
75,34,1,Z,000,E,3.74,3,1,0,1,0
75,35,1,Z,000,E,4.90,4,1,0,1,0
75,36,1,Z,110,1:-1,5.00,4,3,1,1,0
75,37,1,Z,000,E,7.07,5,1,0,1,0
75,38,1,Z,000,E,6.48,5,1,0,1,0
75,39,1,Z,011,1:-1,1.00,1,3,1,0,1
75,40,1,Z,000,E,2.83,2,1,0,1,0
75,41,1,Z,000,E,2.83,2,1,0,1,0
75,42,1,Z,001,1:1,3.00,2,3,1,1,0
75,43,1,Z,000,E,2.83,2,1,0,1,0
75,44,1,Z,000,E,2.45,2,1,0,1,0
75,45,1,Z,110,1:-1,1.00,1,3,1,0,1
75,46,1,Z,000,E,2.83,2,1,0,1,0
75,47,1,Z,000,E,5.10,4,1,0,1,0
75,48,1,Z,011,1:-1,3.00,2,3,1,1,0
75,49,1,Z,000,E,2.83,2,1,0,1,0
75,0,2,Z,100,2:1,9.49,7,5,2,1,0
75,1,2,Z,000,E,8.60,7,1,0,1,0
75,2,2,Z,000,E,6.48,5,1,0,1,0
75,3,2,Z,010,2:-2,8.12,7,5,4,1,0
75,4,2,Z,000,E,8.60,7,1,0,1,0
75,5,2,Z,000,E,7.48,6,1,0,1,0
75,6,2,Z,101,2:2,4.90,4,5,4,1,0
75,7,2,Z,000,E,3.74,3,1,0,1,0
75,8,2,Z,000,E,0.00,0,1,0,0,1
75,9,2,Z,110,2:-1,2.45,2,5,2,1,0
75,10,2,Z,000,E,3.74,3,1,0,1,0
75,11,2,Z,000,E,4.90,4,1,0,1,0
75,12,2,Z,010,2:-2,6.32,6,5,4,1,0
75,13,2,Z,000,E,2.83,2,1,0,1,0
75,14,2,Z,000,E,7.07,5,1,0,1,0
75,15,2,Z,001,2:1,9.17,8,5,2,1,0
75,16,2,Z,000,E,10.20,8,1,0,1,0
75,17,2,Z,000,E,6.16,5,1,0,1,0
75,18,2,Z,100,2:1,9.17,8,5,2,1,0
75,19,2,Z,000,E,9.80,8,1,0,1,0
75,20,2,Z,000,E,11.05,9,1,0,1,0
75,21,2,Z,011,2:-1,13.11,10,5,2,1,0
75,22,2,Z,000,E,11.22,9,1,0,1,0
75,23,2,Z,000,E,12.08,9,1,0,1,0
75,24,2,Z,101,2:2,8.12,7,5,4,1,0
75,25,2,Z,000,E,7.48,6,1,0,1,0
75,26,2,Z,000,E,7.48,6,1,0,1,0
75,27,2,Z,100,2:1,8.37,6,5,2,1,0
75,28,2,Z,000,E,7.87,6,1,0,1,0
75,29,2,Z,000,E,7.48,6,1,0,1,0
75,30,2,Z,011,2:-1,4.24,4,5,2,1,0
75,31,2,Z,000,E,5.66,4,1,0,1,0
75,32,2,Z,000,E,7.48,6,1,0,1,0
75,33,2,Z,001,2:1,5.48,5,5,2,1,0
75,34,2,Z,000,E,3.74,3,1,0,1,0
75,35,2,Z,000,E,4.90,4,1,0,1,0
75,36,2,Z,110,2:-1,5.83,5,5,2,1,0
75,37,2,Z,000,E,4.24,3,1,0,1,0
75,38,2,Z,000,E,6.48,5,1,0,1,0
75,39,2,Z,011,2:-1,2.00,2,5,2,1,0
75,40,2,Z,000,E,4.24,3,1,0,1,0
75,41,2,Z,000,E,2.45,2,1,0,1,0
75,42,2,Z,001,2:1,3.46,2,5,2,1,0
75,43,2,Z,000,E,2.83,2,1,0,1,0
75,44,2,Z,000,E,2.45,2,1,0,1,0
75,45,2,Z,110,2:-1,2.00,2,5,2,1,0
75,46,2,Z,000,E,0.00,0,1,0,0,1
75,47,2,Z,000,E,5.10,4,1,0,1,0
75,48,2,Z,011,2:-1,3.46,2,5,2,1,0
75,49,2,Z,000,E,3.74,3,1,0,1,0
75,0,3,Z,100,3:1,9.95,7,5,2,1,0
75,1,3,Z,000,E,7.48,6,1,0,1,0
75,2,3,Z,000,E,6.48,5,1,0,1,0
75,3,3,Z,010,3:-2,7.35,7,5,4,1,0
75,4,3,Z,000,E,7.48,6,1,0,1,0
75,5,3,Z,000,E,6.16,5,1,0,1,0
75,6,3,Z,101,3:2,6.00,4,5,4,1,0
75,7,3,Z,000,E,1.41,1,1,0,1,0
75,8,3,Z,000,E,1.41,1,1,0,1,0
75,9,3,Z,110,3:-1,3.32,3,5,2,1,0
75,10,3,Z,000,E,4.24,3,1,0,1,0
75,11,3,Z,000,E,5.10,4,1,0,1,0
75,12,3,Z,010,3:-2,6.63,6,5,4,1,0
75,13,3,Z,000,E,5.66,4,1,0,1,0
75,14,3,Z,000,E,7.87,6,1,0,1,0
75,15,3,Z,001,3:1,9.00,8,5,2,1,0
75,16,3,Z,000,E,8.83,7,1,0,1,0
75,17,3,Z,000,E,7.35,6,1,0,1,0
75,18,3,Z,100,3:1,8.77,8,5,2,1,0
75,19,3,Z,000,E,11.05,9,1,0,1,0
75,20,3,Z,000,E,12.25,10,1,0,1,0
75,21,3,Z,011,3:-1,13.60,10,5,2,1,0
75,22,3,Z,000,E,10.68,8,1,0,1,0
75,23,3,Z,000,E,9.27,7,1,0,1,0
75,24,3,Z,101,3:2,7.35,7,5,4,1,0
75,25,3,Z,000,E,7.07,5,1,0,1,0
75,26,3,Z,000,E,7.48,6,1,0,1,0
75,27,3,Z,100,3:1,7.68,5,5,2,1,0
75,28,3,Z,000,E,7.48,6,1,0,1,0
75,29,3,Z,000,E,6.16,5,1,0,1,0
75,30,3,Z,011,3:-1,5.20,5,5,2,1,0
75,31,3,Z,000,E,7.07,5,1,0,1,0
75,32,3,Z,000,E,5.66,4,1,0,1,0
75,33,3,Z,001,3:1,5.20,5,5,2,1,0
75,34,3,Z,000,E,4.90,4,1,0,1,0
75,35,3,Z,000,E,5.10,4,1,0,1,0
75,36,3,Z,110,3:-1,5.92,5,5,2,1,0
75,37,3,Z,000,E,3.74,3,1,0,1,0
75,38,3,Z,000,E,3.74,3,1,0,1,0
75,39,3,Z,011,3:-1,2.24,2,5,2,1,0
75,40,3,Z,000,E,2.45,2,1,0,1,0
75,41,3,Z,000,E,2.45,2,1,0,1,0
75,42,3,Z,001,3:1,3.00,2,5,2,1,0
75,43,3,Z,000,E,2.45,2,1,0,1,0
75,44,3,Z,000,E,1.41,1,1,0,1,0
75,45,3,Z,110,3:-1,2.24,2,5,2,1,0
75,46,3,Z,000,E,2.45,2,1,0,1,0
75,47,3,Z,000,E,3.74,3,1,0,1,0
75,48,3,Z,011,3:-1,3.00,2,5,2,1,0
75,49,3,Z,000,E,3.74,3,1,0,1,0
75,0,4,Z,100,4:1,10.49,7,3,2,1,0
75,1,4,Z,000,E,7.48,6,1,0,1,0
75,2,4,Z,000,E,6.48,5,1,0,1,0
75,3,4,Z,010,4:-2,7.07,7,3,4,1,0
75,4,4,Z,000,E,7.48,6,1,0,1,0
75,5,4,Z,000,E,4.90,4,1,0,1,0
75,6,4,Z,101,4:2,7.48,6,3,4,1,0
75,7,4,Z,000,E,0.00,0,1,0,0,1
75,8,4,Z,000,E,2.83,2,1,0,1,0
75,9,4,Z,110,4:-1,4.24,4,3,2,1,0
75,10,4,Z,000,E,3.74,3,1,0,1,0
75,11,4,Z,000,E,5.66,4,1,0,1,0
75,12,4,Z,010,4:-2,7.48,6,3,4,1,0
75,13,4,Z,000,E,5.66,4,1,0,1,0
75,14,4,Z,000,E,8.83,7,1,0,1,0
75,15,4,Z,001,4:1,8.94,8,3,2,1,0
75,16,4,Z,000,E,8.83,7,1,0,1,0
75,17,4,Z,000,E,8.60,7,1,0,1,0
75,18,4,Z,100,4:1,8.49,8,3,2,1,0
75,19,4,Z,000,E,11.05,9,1,0,1,0
75,20,4,Z,000,E,13.49,11,1,0,1,0
75,21,4,Z,011,4:-1,14.14,10,3,2,1,0
75,22,4,Z,000,E,12.08,9,1,0,1,0
75,23,4,Z,000,E,6.48,5,1,0,1,0
75,24,4,Z,101,4:2,7.07,7,3,4,1,0
75,25,4,Z,000,E,8.49,6,1,0,1,0
75,26,4,Z,000,E,7.48,6,1,0,1,0
75,27,4,Z,100,4:1,7.07,5,3,2,1,0
75,28,4,Z,000,E,7.48,6,1,0,1,0
75,29,4,Z,000,E,4.90,4,1,0,1,0
75,30,4,Z,011,4:-1,6.16,6,3,2,1,0
75,31,4,Z,000,E,7.87,6,1,0,1,0
75,32,4,Z,000,E,4.90,4,1,0,1,0
75,33,4,Z,001,4:1,5.10,5,3,2,1,0
75,34,4,Z,000,E,4.90,4,1,0,1,0
75,35,4,Z,000,E,5.66,4,1,0,1,0
75,36,4,Z,110,4:-1,6.16,5,3,2,1,0
75,37,4,Z,000,E,6.48,5,1,0,1,0
75,38,4,Z,000,E,1.41,1,1,0,1,0
75,39,4,Z,011,4:-1,2.83,2,3,2,1,0
75,40,4,Z,000,E,2.83,2,1,0,1,0
75,41,4,Z,000,E,2.45,2,1,0,1,0
75,42,4,Z,001,4:1,2.83,2,3,2,1,0
75,43,4,Z,000,E,2.45,2,1,0,1,0
75,44,4,Z,000,E,1.41,1,1,0,1,0
75,45,4,Z,110,4:-1,2.83,2,3,2,1,0
75,46,4,Z,000,E,5.10,4,1,0,1,0
75,47,4,Z,000,E,2.45,2,1,0,1,0
75,48,4,Z,011,4:-1,2.83,2,3,2,1,0
75,49,4,Z,000,E,2.83,2,1,0,1,0
80,0,0,Z,100,E,8.83,7,1,0,1,0
80,1,0,Z,000,E,7.48,6,1,0,1,0
80,2,0,Z,010,E,5.10,4,1,0,1,0
80,3,0,Z,000,E,8.83,7,1,0,1,0
80,4,0,Z,001,E,9.80,8,1,0,1,0
80,5,0,Z,000,E,5.10,4,1,0,1,0
80,6,0,Z,100,E,3.74,3,1,0,1,0
80,7,0,Z,000,E,0.00,0,1,0,0,1
80,8,0,Z,010,E,4.24,3,1,0,1,0
80,9,0,Z,100,E,1.41,1,1,0,1,0
80,10,0,Z,000,E,2.83,2,1,0,1,0
80,11,0,Z,010,E,5.10,4,1,0,1,0
80,12,0,Z,000,E,5.10,4,1,0,1,0
80,13,0,Z,001,E,4.90,4,1,0,1,0
80,14,0,Z,000,E,9.90,8,1,0,1,0
80,15,0,Z,000,E,12.08,9,1,0,1,0
80,16,0,Z,000,E,9.80,8,1,0,1,0
80,17,0,Z,000,E,9.90,8,1,0,1,0
80,18,0,Z,100,E,9.90,8,1,0,1,0
80,19,0,Z,001,E,12.33,10,1,0,1,0
80,20,0,Z,010,E,15.94,13,1,0,1,0
80,21,0,Z,000,E,13.64,11,1,0,1,0
80,22,0,Z,001,E,11.31,8,1,0,1,0
80,23,0,Z,000,E,8.83,7,1,0,1,0
80,24,0,Z,100,E,7.35,6,1,0,1,0
80,25,0,Z,000,E,5.66,4,1,0,1,0
80,26,0,Z,000,E,8.83,7,1,0,1,0
80,27,0,Z,100,E,7.07,5,1,0,1,0
80,28,0,Z,001,E,9.90,8,1,0,1,0
80,29,0,Z,010,E,6.48,5,1,0,1,0
80,30,0,Z,000,E,6.16,5,1,0,1,0
80,31,0,Z,001,E,9.27,7,1,0,1,0
80,32,0,Z,000,E,5.10,4,1,0,1,0
80,33,0,Z,000,E,1.41,1,1,0,1,0
80,34,0,Z,000,E,6.48,5,1,0,1,0
80,35,0,Z,010,E,5.10,4,1,0,1,0
80,36,0,Z,100,E,6.48,5,1,0,1,0
80,37,0,Z,001,E,6.16,5,1,0,1,0
80,38,0,Z,010,E,1.41,1,1,0,1,0
80,39,0,Z,000,E,2.45,2,1,0,1,0
80,40,0,Z,001,E,4.90,4,1,0,1,0
80,41,0,Z,000,E,3.74,3,1,0,1,0
80,42,0,Z,000,E,2.45,2,1,0,1,0
80,43,0,Z,000,E,3.74,3,1,0,1,0
80,44,0,Z,010,E,2.45,2,1,0,1,0
80,45,0,Z,100,E,3.74,3,1,0,1,0
80,46,0,Z,001,E,6.48,5,1,0,1,0
80,47,0,Z,010,E,3.74,3,1,0,1,0
80,48,0,Z,000,E,1.41,1,1,0,1,0
80,49,0,Z,001,E,5.66,4,1,0,1,0
80,0,1,Z,100,1:1,9.11,7,3,1,1,0
80,1,1,Z,000,E,7.48,6,1,0,1,0
80,2,1,Z,010,1:-2,5.10,4,3,2,1,0
80,3,1,Z,000,E,8.83,7,1,0,1,0
80,4,1,Z,001,1:1,10.25,8,3,1,1,0
80,5,1,Z,000,E,5.10,4,1,0,1,0
80,6,1,Z,100,1:1,3.61,3,3,1,1,0
80,7,1,Z,000,E,0.00,0,1,0,0,1
80,8,1,Z,010,1:-2,4.69,3,3,2,1,0
80,9,1,Z,100,1:1,1.73,1,3,1,1,0
80,10,1,Z,000,E,2.83,2,1,0,1,0
80,11,1,Z,010,1:-2,6.78,6,3,2,1,0
80,12,1,Z,000,E,5.10,4,1,0,1,0
80,13,1,Z,001,1:1,4.58,4,3,1,1,0
80,14,1,Z,000,E,9.90,8,1,0,1,0
80,15,1,Z,000,E,12.08,9,1,0,1,0
80,16,1,Z,000,E,9.80,8,1,0,1,0
80,17,1,Z,000,E,9.90,8,1,0,1,0
80,18,1,Z,100,1:1,9.43,8,3,1,1,0
80,19,1,Z,001,1:1,12.04,10,3,1,1,0
80,20,1,Z,010,1:-2,16.79,13,3,2,1,0
80,21,1,Z,000,E,13.64,11,1,0,1,0
80,22,1,Z,001,1:1,11.36,8,3,1,1,0
80,23,1,Z,000,E,8.83,7,1,0,1,0
80,24,1,Z,100,1:1,7.00,6,3,1,1,0
80,25,1,Z,000,E,5.66,4,1,0,1,0
80,26,1,Z,000,E,8.83,7,1,0,1,0
80,27,1,Z,100,1:1,7.14,5,3,1,1,0
80,28,1,Z,001,1:1,10.25,8,3,1,1,0
80,29,1,Z,010,1:-2,6.48,5,3,2,1,0
80,30,1,Z,000,E,6.16,5,1,0,1,0
80,31,1,Z,001,1:1,10.05,8,3,1,1,0
80,32,1,Z,000,E,5.10,4,1,0,1,0
80,33,1,Z,000,E,1.41,1,1,0,1,0
80,34,1,Z,000,E,6.48,5,1,0,1,0
80,35,1,Z,010,1:-2,3.74,3,3,2,1,0
80,36,1,Z,100,1:1,7.14,5,3,1,1,0
80,37,1,Z,001,1:1,6.71,5,3,1,1,0
80,38,1,Z,010,1:-2,2.45,2,3,2,1,0
80,39,1,Z,000,E,2.45,2,1,0,1,0
80,40,1,Z,001,1:1,5.74,5,3,1,1,0
80,41,1,Z,000,E,3.74,3,1,0,1,0
80,42,1,Z,000,E,2.45,2,1,0,1,0
80,43,1,Z,000,E,3.74,3,1,0,1,0
80,44,1,Z,010,1:-2,2.45,2,3,2,1,0
80,45,1,Z,100,1:1,4.36,3,3,1,1,0
80,46,1,Z,001,1:1,6.71,5,3,1,1,0
80,47,1,Z,010,1:-2,5.10,4,3,2,1,0
80,48,1,Z,000,E,1.41,1,1,0,1,0
80,49,1,Z,001,1:1,6.40,5,3,1,1,0
80,0,2,Z,100,2:1,9.49,7,5,2,1,0
80,1,2,Z,000,E,6.48,5,1,0,1,0
80,2,2,Z,010,2:-2,6.16,5,5,4,1,0
80,3,2,Z,000,E,11.05,9,1,0,1,0
80,4,2,Z,001,2:1,8.25,6,5,2,1,0
80,5,2,Z,000,E,4.24,3,1,0,1,0
80,6,2,Z,100,2:1,4.69,3,5,2,1,0
80,7,2,Z,000,E,0.00,0,1,0,0,1
80,8,2,Z,010,2:-2,4.69,3,5,4,1,0
80,9,2,Z,100,2:1,3.16,3,5,2,1,0
80,10,2,Z,000,E,3.74,3,1,0,1,0
80,11,2,Z,010,2:-2,7.35,7,5,4,1,0
80,12,2,Z,000,E,2.45,2,1,0,1,0
80,13,2,Z,001,2:1,6.63,6,5,2,1,0
80,14,2,Z,000,E,12.57,10,1,0,1,0
80,15,2,Z,000,E,9.27,7,1,0,1,0
80,16,2,Z,000,E,8.60,7,1,0,1,0
80,17,2,Z,000,E,11.05,9,1,0,1,0
80,18,2,Z,100,2:1,7.87,7,5,2,1,0
80,19,2,Z,001,2:1,14.00,12,5,2,1,0
80,20,2,Z,010,2:-2,15.30,11,5,4,1,0
80,21,2,Z,000,E,11.58,9,1,0,1,0
80,22,2,Z,001,2:1,12.81,10,5,2,1,0
80,23,2,Z,000,E,9.90,8,1,0,1,0
80,24,2,Z,100,2:1,5.83,5,5,2,1,0
80,25,2,Z,000,E,4.90,4,1,0,1,0
80,26,2,Z,000,E,9.27,7,1,0,1,0
80,27,2,Z,100,2:1,7.07,5,5,2,1,0
80,28,2,Z,001,2:1,11.05,8,5,2,1,0
80,29,2,Z,010,2:-2,5.48,5,5,4,1,0
80,30,2,Z,000,E,7.07,5,1,0,1,0
80,31,2,Z,001,2:1,9.27,7,5,2,1,0
80,32,2,Z,000,E,3.74,3,1,0,1,0
80,33,2,Z,000,E,3.74,3,1,0,1,0
80,34,2,Z,000,E,5.66,4,1,0,1,0
80,35,2,Z,010,2:-2,4.24,4,5,4,1,0
80,36,2,Z,100,2:1,6.48,5,5,2,1,0
80,37,2,Z,001,2:1,4.69,3,5,2,1,0
80,38,2,Z,010,2:-2,3.74,3,5,4,1,0
80,39,2,Z,000,E,5.10,4,1,0,1,0
80,40,2,Z,001,2:1,4.47,4,5,2,1,0
80,41,2,Z,000,E,5.10,4,1,0,1,0
80,42,2,Z,000,E,1.41,1,1,0,1,0
80,43,2,Z,000,E,2.83,2,1,0,1,0
80,44,2,Z,010,2:-2,3.74,3,5,4,1,0
80,45,2,Z,100,2:1,3.74,3,5,2,1,0
80,46,2,Z,001,2:1,5.10,4,5,2,1,0
80,47,2,Z,010,2:-2,5.83,4,5,4,1,0
80,48,2,Z,000,E,3.74,3,1,0,1,0
80,49,2,Z,001,2:1,4.47,4,5,2,1,0
80,0,3,Z,100,3:1,8.77,6,5,2,1,0
80,1,3,Z,000,E,5.10,4,1,0,1,0
80,2,3,Z,010,3:-2,7.87,7,5,4,1,0
80,3,3,Z,000,E,9.80,8,1,0,1,0
80,4,3,Z,001,3:1,6.40,4,5,2,1,0
80,5,3,Z,000,E,5.10,4,1,0,1,0
80,6,3,Z,100,3:1,3.00,2,5,2,1,0
80,7,3,Z,000,E,2.83,2,1,0,1,0
80,8,3,Z,010,3:-2,5.10,4,5,4,1,0
80,9,3,Z,100,3:1,2.24,2,5,2,1,0
80,10,3,Z,000,E,5.10,4,1,0,1,0
80,11,3,Z,010,3:-2,8.25,8,5,4,1,0
80,12,3,Z,000,E,3.74,3,1,0,1,0
80,13,3,Z,001,3:1,8.77,8,5,2,1,0
80,14,3,Z,000,E,12.08,9,1,0,1,0
80,15,3,Z,000,E,8.60,7,1,0,1,0
80,16,3,Z,000,E,9.90,8,1,0,1,0
80,17,3,Z,000,E,9.90,8,1,0,1,0
80,18,3,Z,100,3:1,10.05,9,5,2,1,0
80,19,3,Z,001,3:1,14.87,13,5,2,1,0
80,20,3,Z,010,3:-2,15.10,10,5,4,1,0
80,21,3,Z,000,E,11.31,8,1,0,1,0
80,22,3,Z,001,3:1,10.82,9,5,2,1,0
80,23,3,Z,000,E,7.35,6,1,0,1,0
80,24,3,Z,100,3:1,5.39,4,5,2,1,0
80,25,3,Z,000,E,7.48,6,1,0,1,0
80,26,3,Z,000,E,7.07,5,1,0,1,0
80,27,3,Z,100,3:1,8.77,6,5,2,1,0
80,28,3,Z,001,3:1,9.00,6,5,2,1,0
80,29,3,Z,010,3:-2,6.16,6,5,4,1,0
80,30,3,Z,000,E,9.27,7,1,0,1,0
80,31,3,Z,001,3:1,7.28,6,5,2,1,0
80,32,3,Z,000,E,1.41,1,1,0,1,0
80,33,3,Z,000,E,6.16,5,1,0,1,0
80,34,3,Z,000,E,5.10,4,1,0,1,0
80,35,3,Z,010,3:-2,5.10,5,5,4,1,0
80,36,3,Z,100,3:1,6.71,5,5,2,1,0
80,37,3,Z,001,3:1,3.00,2,5,2,1,0
80,38,3,Z,010,3:-2,3.74,3,5,4,1,0
80,39,3,Z,000,E,4.90,4,1,0,1,0
80,40,3,Z,001,3:1,4.12,3,5,2,1,0
80,41,3,Z,000,E,2.45,2,1,0,1,0
80,42,3,Z,000,E,3.74,3,1,0,1,0
80,43,3,Z,000,E,1.41,1,1,0,1,0
80,44,3,Z,010,3:-2,4.47,4,5,4,1,0
80,45,3,Z,100,3:1,5.20,3,5,2,1,0
80,46,3,Z,001,3:1,4.12,4,5,2,1,0
80,47,3,Z,010,3:-2,5.10,4,5,4,1,0
80,48,3,Z,000,E,5.66,4,1,0,1,0
80,49,3,Z,001,3:1,4.12,3,5,2,1,0
80,0,4,Z,100,4:1,8.12,5,3,2,1,0
80,1,4,Z,000,E,3.74,3,1,0,1,0
80,2,4,Z,010,4:-2,9.70,9,3,4,1,0
80,3,4,Z,000,E,8.60,7,1,0,1,0
80,4,4,Z,001,4:1,5.83,4,3,2,1,0
80,5,4,Z,000,E,6.48,5,1,0,1,0
80,6,4,Z,100,4:1,2.45,2,3,2,0,1
80,7,4,Z,000,E,5.66,4,1,0,1,0
80,8,4,Z,010,4:-2,5.10,4,3,4,1,0
80,9,4,Z,100,4:1,3.16,3,3,2,1,0
80,10,4,Z,000,E,5.66,4,1,0,1,0
80,11,4,Z,010,4:-2,8.12,8,3,4,1,0
80,12,4,Z,000,E,6.16,5,1,0,1,0
80,13,4,Z,001,4:1,9.70,9,3,2,1,0
80,14,4,Z,000,E,10.68,8,1,0,1,0
80,15,4,Z,000,E,11.05,9,1,0,1,0
80,16,4,Z,000,E,11.22,9,1,0,1,0
80,17,4,Z,000,E,7.87,6,1,0,1,0
80,18,4,Z,100,4:1,12.25,11,3,2,1,0
80,19,4,Z,001,4:1,15.75,14,3,2,1,0
80,20,4,Z,010,4:-2,15.03,9,3,4,1,0
80,21,4,Z,000,E,12.73,9,1,0,1,0
80,22,4,Z,001,4:1,8.94,8,3,2,1,0
80,23,4,Z,000,E,5.10,4,1,0,1,0
80,24,4,Z,100,4:1,6.16,5,3,2,1,0
80,25,4,Z,000,E,10.20,8,1,0,1,0
80,26,4,Z,000,E,4.24,3,1,0,1,0
80,27,4,Z,100,4:1,10.49,7,3,2,1,0
80,28,4,Z,001,4:1,7.07,5,3,2,1,0
80,29,4,Z,010,4:-2,7.07,7,3,4,1,0
80,30,4,Z,000,E,9.90,7,1,0,1,0
80,31,4,Z,001,4:1,6.32,6,3,2,1,0
80,32,4,Z,000,E,2.45,2,1,0,1,0
80,33,4,Z,000,E,7.07,5,1,0,1,0
80,34,4,Z,000,E,4.90,4,1,0,1,0
80,35,4,Z,010,4:-2,7.07,7,3,4,1,0
80,36,4,Z,100,4:1,7.07,5,3,2,1,0
80,37,4,Z,001,4:1,2.83,2,3,2,0,1
80,38,4,Z,010,4:-2,4.69,3,3,4,1,0
80,39,4,Z,000,E,5.10,4,1,0,1,0
80,40,4,Z,001,4:1,4.69,3,3,2,1,0
80,41,4,Z,000,E,1.41,1,1,0,1,0
80,42,4,Z,000,E,4.24,3,1,0,1,0
80,43,4,Z,000,E,1.41,1,1,0,1,0
80,44,4,Z,010,4:-2,5.48,5,3,4,1,0
80,45,4,Z,100,4:1,7.07,5,3,2,1,0
80,46,4,Z,001,4:1,4.00,4,3,2,1,0
80,47,4,Z,010,4:-2,5.10,4,3,4,1,0
80,48,4,Z,000,E,5.10,4,1,0,1,0
80,49,4,Z,001,4:1,5.83,4,3,2,1,0
85,0,0,Z,100,E,8.60,7,1,0,1,0
85,1,0,Z,010,E,5.10,4,1,0,1,0
85,2,0,Z,001,E,8.83,7,1,0,1,0
85,3,0,Z,000,E,8.60,7,1,0,1,0
85,4,0,Z,000,E,5.10,4,1,0,1,0
85,5,0,Z,000,E,3.74,3,1,0,1,0
85,6,0,Z,100,E,1.41,1,1,0,1,0
85,7,0,Z,010,E,3.74,3,1,0,1,0
85,8,0,Z,000,E,2.45,2,1,0,1,0
85,9,0,Z,100,E,2.45,2,1,0,1,0
85,10,0,Z,010,E,5.10,4,1,0,1,0
85,11,0,Z,001,E,5.10,4,1,0,1,0
85,12,0,Z,000,E,6.16,5,1,0,1,0
85,13,0,Z,000,E,9.90,8,1,0,1,0
85,14,0,Z,000,E,12.57,10,1,0,1,0
85,15,0,Z,000,E,9.80,8,1,0,1,0
85,16,0,Z,000,E,11.05,9,1,0,1,0
85,17,0,Z,001,E,12.25,10,1,0,1,0
85,18,0,Z,100,E,12.33,10,1,0,1,0
85,19,0,Z,010,E,17.38,14,1,0,1,0
85,20,0,Z,001,E,13.64,11,1,0,1,0
85,21,0,Z,000,E,12.08,9,1,0,1,0
85,22,0,Z,000,E,8.83,7,1,0,1,0
85,23,0,Z,000,E,7.35,6,1,0,1,0
85,24,0,Z,100,E,5.10,4,1,0,1,0
85,25,0,Z,000,E,7.07,5,1,0,1,0
85,26,0,Z,001,E,9.90,7,1,0,1,0
85,27,0,Z,100,E,9.90,8,1,0,1,0
85,28,0,Z,010,E,8.83,7,1,0,1,0
85,29,0,Z,001,E,6.16,5,1,0,1,0
85,30,0,Z,000,E,8.49,6,1,0,1,0
85,31,0,Z,000,E,5.10,4,1,0,1,0
85,32,0,Z,000,E,3.74,3,1,0,1,0
85,33,0,Z,000,E,6.48,5,1,0,1,0
85,34,0,Z,010,E,3.74,3,1,0,1,0
85,35,0,Z,001,E,5.10,4,1,0,1,0
85,36,0,Z,100,E,6.16,5,1,0,1,0
85,37,0,Z,010,E,2.45,2,1,0,1,0
85,38,0,Z,001,E,3.74,3,1,0,1,0
85,39,0,Z,000,E,3.74,3,1,0,1,0
85,40,0,Z,000,E,3.74,3,1,0,1,0
85,41,0,Z,000,E,1.41,1,1,0,1,0
85,42,0,Z,000,E,3.74,3,1,0,1,0
85,43,0,Z,010,E,3.74,3,1,0,1,0
85,44,0,Z,001,E,6.16,5,1,0,1,0
85,45,0,Z,100,E,6.48,5,1,0,1,0
85,46,0,Z,010,E,1.41,1,1,0,1,0
85,47,0,Z,001,E,4.24,3,1,0,1,0
85,48,0,Z,000,E,4.24,3,1,0,1,0
85,49,0,Z,000,E,6.16,5,1,0,1,0
85,0,1,Z,100,1:1,9.00,7,3,1,1,0
85,1,1,Z,010,1:-2,5.10,4,3,2,1,0
85,2,1,Z,001,1:1,9.11,7,3,1,1,0
85,3,1,Z,000,E,8.60,7,1,0,1,0
85,4,1,Z,000,E,5.10,4,1,0,1,0
85,5,1,Z,000,E,3.74,3,1,0,1,0
85,6,1,Z,100,1:1,2.24,2,3,1,1,0
85,7,1,Z,010,1:-2,5.10,4,3,2,1,0
85,8,1,Z,000,E,2.45,2,1,0,1,0
85,9,1,Z,100,1:1,2.24,2,3,1,1,0
85,10,1,Z,010,1:-2,6.78,6,3,2,1,0
85,11,1,Z,001,1:1,4.36,3,3,1,1,0
85,12,1,Z,000,E,6.16,5,1,0,1,0
85,13,1,Z,000,E,9.90,8,1,0,1,0
85,14,1,Z,000,E,12.57,10,1,0,1,0
85,15,1,Z,000,E,9.80,8,1,0,1,0
85,16,1,Z,000,E,11.05,9,1,0,1,0
85,17,1,Z,001,1:1,11.87,10,3,1,1,0
85,18,1,Z,100,1:1,12.04,10,3,1,1,0
85,19,1,Z,010,1:-2,18.06,14,3,2,1,0
85,20,1,Z,001,1:1,13.38,11,3,1,1,0
85,21,1,Z,000,E,12.08,9,1,0,1,0
85,22,1,Z,000,E,8.83,7,1,0,1,0
85,23,1,Z,000,E,7.35,6,1,0,1,0
85,24,1,Z,100,1:1,5.39,4,3,1,1,0
85,25,1,Z,000,E,7.07,5,1,0,1,0
85,26,1,Z,001,1:1,9.95,7,3,1,1,0
85,27,1,Z,100,1:1,10.25,8,3,1,1,0
85,28,1,Z,010,1:-2,8.60,7,3,2,1,0
85,29,1,Z,001,1:1,6.71,5,3,1,1,0
85,30,1,Z,000,E,8.49,6,1,0,1,0
85,31,1,Z,000,E,5.10,4,1,0,1,0
85,32,1,Z,000,E,3.74,3,1,0,1,0
85,33,1,Z,000,E,6.48,5,1,0,1,0
85,34,1,Z,010,1:-2,2.45,2,3,2,1,0
85,35,1,Z,001,1:1,5.92,5,3,1,1,0
85,36,1,Z,100,1:1,6.71,5,3,1,1,0
85,37,1,Z,010,1:-2,1.41,1,3,2,1,0
85,38,1,Z,001,1:1,4.36,3,3,1,1,0
85,39,1,Z,000,E,3.74,3,1,0,1,0
85,40,1,Z,000,E,3.74,3,1,0,1,0
85,41,1,Z,000,E,1.41,1,1,0,1,0
85,42,1,Z,000,E,3.74,3,1,0,1,0
85,43,1,Z,010,1:-2,3.16,3,3,2,1,0
85,44,1,Z,001,1:1,6.56,5,3,1,1,0
85,45,1,Z,100,1:1,6.71,5,3,1,1,0
85,46,1,Z,010,1:-2,2.45,2,3,2,1,0
85,47,1,Z,001,1:1,4.36,3,3,1,1,0
85,48,1,Z,000,E,4.24,3,1,0,1,0
85,49,1,Z,000,E,6.16,5,1,0,1,0
85,0,2,Z,100,2:1,7.07,5,5,2,1,0
85,1,2,Z,010,2:-2,6.16,5,5,4,1,0
85,2,2,Z,001,2:1,10.68,8,5,2,1,0
85,3,2,Z,000,E,7.48,6,1,0,1,0
85,4,2,Z,000,E,4.24,3,1,0,1,0
85,5,2,Z,000,E,5.10,4,1,0,1,0
85,6,2,Z,100,2:1,1.41,1,5,2,0,1
85,7,2,Z,010,2:-2,5.48,5,5,4,1,0
85,8,2,Z,000,E,2.45,2,1,0,1,0
85,9,2,Z,100,2:1,2.45,2,5,2,1,0
85,10,2,Z,010,2:-2,7.35,7,5,4,1,0
85,11,2,Z,001,2:1,2.45,2,5,2,1,0
85,12,2,Z,000,E,7.48,6,1,0,1,0
85,13,2,Z,000,E,11.22,9,1,0,1,0
85,14,2,Z,000,E,11.22,9,1,0,1,0
85,15,2,Z,000,E,8.60,7,1,0,1,0
85,16,2,Z,000,E,12.25,10,1,0,1,0
85,17,2,Z,001,2:1,10.49,9,5,2,1,0
85,18,2,Z,100,2:1,12.88,11,5,2,1,0
85,19,2,Z,010,2:-2,17.72,13,5,4,1,0
85,20,2,Z,001,2:1,12.25,10,5,2,1,0
85,21,2,Z,000,E,12.96,10,1,0,1,0
85,22,2,Z,000,E,9.90,8,1,0,1,0
85,23,2,Z,000,E,5.10,4,1,0,1,0
85,24,2,Z,100,2:1,5.83,4,5,2,1,0
85,25,2,Z,000,E,7.07,5,1,0,1,0
85,26,2,Z,001,2:1,9.70,7,5,2,1,0
85,27,2,Z,100,2:1,10.77,8,5,2,1,0
85,28,2,Z,010,2:-2,8.12,7,5,4,1,0
85,29,2,Z,001,2:1,7.87,6,5,2,1,0
85,30,2,Z,000,E,7.87,6,1,0,1,0
85,31,2,Z,000,E,4.24,3,1,0,1,0
85,32,2,Z,000,E,4.24,3,1,0,1,0
85,33,2,Z,000,E,5.66,4,1,0,1,0
85,34,2,Z,010,2:-2,3.16,3,5,4,1,0
85,35,2,Z,001,2:1,5.48,5,5,2,1,0
85,36,2,Z,100,2:1,6.00,4,5,2,1,0
85,37,2,Z,010,2:-2,2.45,2,5,4,1,0
85,38,2,Z,001,2:1,6.48,5,5,2,1,0
85,39,2,Z,000,E,2.83,2,1,0,1,0
85,40,2,Z,000,E,3.74,3,1,0,1,0
85,41,2,Z,000,E,1.41,1,1,0,1,0
85,42,2,Z,000,E,2.83,2,1,0,1,0
85,43,2,Z,010,2:-2,4.24,4,5,4,1,0
85,44,2,Z,001,2:1,5.83,4,5,2,1,0
85,45,2,Z,100,2:1,6.00,4,5,2,1,0
85,46,2,Z,010,2:-2,3.74,3,5,4,1,0
85,47,2,Z,001,2:1,5.83,4,5,2,1,0
85,48,2,Z,000,E,2.83,2,1,0,1,0
85,49,2,Z,000,E,5.10,4,1,0,1,0
85,0,3,Z,100,3:1,6.40,4,5,2,1,0
85,1,3,Z,010,3:-2,7.87,7,5,4,1,0
85,2,3,Z,001,3:1,9.95,7,5,2,1,0
85,3,3,Z,000,E,5.10,4,1,0,1,0
85,4,3,Z,000,E,5.10,4,1,0,1,0
85,5,3,Z,000,E,2.45,2,1,0,1,0
85,6,3,Z,100,3:1,3.00,3,5,2,1,0
85,7,3,Z,010,3:-2,5.48,5,5,4,1,0
85,8,3,Z,000,E,1.41,1,1,0,1,0
85,9,3,Z,100,3:1,4.12,3,5,2,1,0
85,10,3,Z,010,3:-2,8.25,8,5,4,1,0
85,11,3,Z,001,3:1,4.12,4,5,2,1,0
85,12,3,Z,000,E,9.90,8,1,0,1,0
85,13,3,Z,000,E,11.58,9,1,0,1,0
85,14,3,Z,000,E,9.80,8,1,0,1,0
85,15,3,Z,000,E,11.05,9,1,0,1,0
85,16,3,Z,000,E,11.05,9,1,0,1,0
85,17,3,Z,001,3:1,11.36,10,5,2,1,0
85,18,3,Z,100,3:1,15.07,13,5,2,1,0
85,19,3,Z,010,3:-2,16.31,11,5,4,1,0
85,20,3,Z,001,3:1,11.45,9,5,2,1,0
85,21,3,Z,000,E,11.58,9,1,0,1,0
85,22,3,Z,000,E,7.35,6,1,0,1,0
85,23,3,Z,000,E,5.10,4,1,0,1,0
85,24,3,Z,100,3:1,6.71,5,5,2,1,0
85,25,3,Z,000,E,7.07,5,1,0,1,0
85,26,3,Z,001,3:1,9.95,7,5,2,1,0
85,27,3,Z,100,3:1,10.05,7,5,2,1,0
85,28,3,Z,010,3:-2,7.35,7,5,4,1,0
85,29,3,Z,001,3:1,9.43,8,5,2,1,0
85,30,3,Z,000,E,6.48,5,1,0,1,0
85,31,3,Z,000,E,2.83,2,1,0,1,0
85,32,3,Z,000,E,6.48,5,1,0,1,0
85,33,3,Z,000,E,4.24,3,1,0,1,0
85,34,3,Z,010,3:-2,4.47,4,5,4,1,0
85,35,3,Z,001,3:1,5.92,5,5,2,1,0
85,36,3,Z,100,3:1,4.58,4,5,2,1,0
85,37,3,Z,010,3:-2,3.74,3,5,4,1,0
85,38,3,Z,001,3:1,5.39,5,5,2,1,0
85,39,3,Z,000,E,3.74,3,1,0,1,0
85,40,3,Z,000,E,1.41,1,1,0,1,0
85,41,3,Z,000,E,3.74,3,1,0,1,0
85,42,3,Z,000,E,2.45,2,1,0,1,0
85,43,3,Z,010,3:-2,5.48,5,5,4,1,0
85,44,3,Z,001,3:1,6.40,4,5,2,1,0
85,45,3,Z,100,3:1,4.12,3,5,2,1,0
85,46,3,Z,010,3:-2,5.10,4,5,4,1,0
85,47,3,Z,001,3:1,6.71,5,5,2,1,0
85,48,3,Z,000,E,3.74,3,1,0,1,0
85,49,3,Z,000,E,7.07,5,1,0,1,0
85,0,4,Z,100,4:1,5.83,4,3,2,1,0
85,1,4,Z,010,4:-2,9.70,9,3,4,1,0
85,2,4,Z,001,4:1,9.27,6,3,2,1,0
85,3,4,Z,000,E,3.74,3,1,0,1,0
85,4,4,Z,000,E,6.48,5,1,0,1,0
85,5,4,Z,000,E,1.41,1,1,0,1,0
85,6,4,Z,100,4:1,4.00,4,3,2,1,0
85,7,4,Z,010,4:-2,5.83,5,3,4,1,0
85,8,4,Z,000,E,1.41,1,1,0,1,0
85,9,4,Z,100,4:1,4.90,4,3,2,1,0
85,10,4,Z,010,4:-2,8.12,8,3,4,1,0
85,11,4,Z,001,4:1,6.16,6,3,2,1,0
85,12,4,Z,000,E,11.05,9,1,0,1,0
85,13,4,Z,000,E,10.68,8,1,0,1,0
85,14,4,Z,000,E,11.05,9,1,0,1,0
85,15,4,Z,000,E,12.33,10,1,0,1,0
85,16,4,Z,000,E,9.90,8,1,0,1,0
85,17,4,Z,001,4:1,12.25,11,3,2,1,0
85,18,4,Z,100,4:1,17.26,15,3,2,1,0
85,19,4,Z,010,4:-2,15.03,9,3,4,1,0
85,20,4,Z,001,4:1,12.25,10,3,2,1,0
85,21,4,Z,000,E,10.20,8,1,0,1,0
85,22,4,Z,000,E,5.10,4,1,0,1,0
85,23,4,Z,000,E,6.48,5,1,0,1,0
85,24,4,Z,100,4:1,7.48,6,3,2,1,0
85,25,4,Z,000,E,7.07,5,1,0,1,0
85,26,4,Z,001,4:1,10.49,7,3,2,1,0
85,27,4,Z,100,4:1,9.38,6,3,2,1,0
85,28,4,Z,010,4:-2,7.07,7,3,4,1,0
85,29,4,Z,001,4:1,9.49,8,3,2,1,0
85,30,4,Z,000,E,5.66,4,1,0,1,0
85,31,4,Z,000,E,2.45,2,1,0,1,0
85,32,4,Z,000,E,7.07,5,1,0,1,0
85,33,4,Z,000,E,3.74,3,1,0,1,0
85,34,4,Z,010,4:-2,5.83,5,3,4,1,0
85,35,4,Z,001,4:1,7.07,5,3,2,1,0
85,36,4,Z,100,4:1,4.00,4,3,2,1,0
85,37,4,Z,010,4:-2,5.48,5,3,4,1,0
85,38,4,Z,001,4:1,5.10,5,3,2,1,0
85,39,4,Z,000,E,4.90,4,1,0,1,0
85,40,4,Z,000,E,1.41,1,1,0,1,0
85,41,4,Z,000,E,4.24,3,1,0,1,0
85,42,4,Z,000,E,2.83,2,1,0,1,0
85,43,4,Z,010,4:-2,7.35,7,3,4,1,0
85,44,4,Z,001,4:1,7.07,5,3,2,1,0
85,45,4,Z,100,4:1,2.83,2,3,2,0,1
85,46,4,Z,010,4:-2,6.48,5,3,4,1,0
85,47,4,Z,001,4:1,5.48,5,3,2,1,0
85,48,4,Z,000,E,4.90,4,1,0,1,0
85,49,4,Z,000,E,9.90,7,1,0,1,0
90,0,0,Z,111,E,7.48,6,1,0,1,0
90,1,0,Z,000,E,7.48,6,1,0,1,0
90,2,0,Z,000,E,6.48,5,1,0,1,0
90,3,0,Z,000,E,3.74,3,1,0,1,0
90,4,0,Z,000,E,3.74,3,1,0,1,0
90,5,0,Z,000,E,2.45,2,1,0,1,0
90,6,0,Z,110,E,2.83,2,1,0,1,0
90,7,0,Z,000,E,1.41,1,1,0,1,0
90,8,0,Z,000,E,3.74,3,1,0,1,0
90,9,0,Z,111,E,4.24,3,1,0,1,0
90,10,0,Z,000,E,4.24,3,1,0,1,0
90,11,0,Z,000,E,7.07,5,1,0,1,0
90,12,0,Z,000,E,11.05,9,1,0,1,0
90,13,0,Z,000,E,11.05,9,1,0,1,0
90,14,0,Z,000,E,11.05,9,1,0,1,0
90,15,0,Z,001,E,12.33,10,1,0,1,0
90,16,0,Z,000,E,13.49,11,1,0,1,0
90,17,0,Z,000,E,14.97,12,1,0,1,0
90,18,0,Z,111,E,14.97,12,1,0,1,0
90,19,0,Z,000,E,14.97,12,1,0,1,0
90,20,0,Z,000,E,12.96,10,1,0,1,0
90,21,0,Z,000,E,7.48,6,1,0,1,0
90,22,0,Z,000,E,7.48,6,1,0,1,0
90,23,0,Z,000,E,6.48,5,1,0,1,0
90,24,0,Z,101,E,7.87,6,1,0,1,0
90,25,0,Z,000,E,9.27,7,1,0,1,0
90,26,0,Z,000,E,12.57,10,1,0,1,0
90,27,0,Z,111,E,7.35,6,1,0,1,0
90,28,0,Z,000,E,7.35,6,1,0,1,0
90,29,0,Z,000,E,7.48,6,1,0,1,0
90,30,0,Z,000,E,5.66,4,1,0,1,0
90,31,0,Z,000,E,5.66,4,1,0,1,0
90,32,0,Z,000,E,5.66,4,1,0,1,0
90,33,0,Z,011,E,3.74,3,1,0,1,0
90,34,0,Z,000,E,4.90,4,1,0,1,0
90,35,0,Z,000,E,4.24,3,1,0,1,0
90,36,0,Z,111,E,4.24,3,1,0,1,0
90,37,0,Z,000,E,4.24,3,1,0,1,0
90,38,0,Z,000,E,2.83,2,1,0,1,0
90,39,0,Z,000,E,2.83,2,1,0,1,0
90,40,0,Z,000,E,2.83,2,1,0,1,0
90,41,0,Z,000,E,3.74,3,1,0,1,0
90,42,0,Z,011,E,4.90,4,1,0,1,0
90,43,0,Z,000,E,6.16,5,1,0,1,0
90,44,0,Z,000,E,6.48,5,1,0,1,0
90,45,0,Z,111,E,3.74,3,1,0,1,0
90,46,0,Z,000,E,3.74,3,1,0,1,0
90,47,0,Z,000,E,4.90,4,1,0,1,0
90,48,0,Z,000,E,7.48,6,1,0,1,0
90,49,0,Z,000,E,7.48,6,1,0,1,0
90,0,1,Z,111,E,7.48,6,1,0,1,0
90,1,1,Z,000,E,7.48,6,1,0,1,0
90,2,1,Z,000,E,6.48,5,1,0,1,0
90,3,1,Z,000,E,3.74,3,1,0,1,0
90,4,1,Z,000,E,3.74,3,1,0,1,0
90,5,1,Z,000,E,2.45,2,1,0,1,0
90,6,1,Z,110,1:-1,3.61,3,3,1,1,0
90,7,1,Z,000,E,1.41,1,1,0,1,0
90,8,1,Z,000,E,3.74,3,1,0,1,0
90,9,1,Z,111,E,4.24,3,1,0,1,0
90,10,1,Z,000,E,4.24,3,1,0,1,0
90,11,1,Z,000,E,7.07,5,1,0,1,0
90,12,1,Z,000,E,11.05,9,1,0,1,0
90,13,1,Z,000,E,11.05,9,1,0,1,0
90,14,1,Z,000,E,11.05,9,1,0,1,0
90,15,1,Z,001,1:1,12.04,10,3,1,1,0
90,16,1,Z,000,E,13.49,11,1,0,1,0
90,17,1,Z,000,E,14.97,12,1,0,1,0
90,18,1,Z,111,E,14.97,12,1,0,1,0
90,19,1,Z,000,E,14.97,12,1,0,1,0
90,20,1,Z,000,E,12.96,10,1,0,1,0
90,21,1,Z,000,E,7.48,6,1,0,1,0
90,22,1,Z,000,E,7.48,6,1,0,1,0
90,23,1,Z,000,E,6.48,5,1,0,1,0
90,24,1,Z,101,1:2,8.37,6,3,2,1,0
90,25,1,Z,000,E,9.27,7,1,0,1,0
90,26,1,Z,000,E,12.57,10,1,0,1,0
90,27,1,Z,111,E,7.35,6,1,0,1,0
90,28,1,Z,000,E,7.35,6,1,0,1,0
90,29,1,Z,000,E,7.48,6,1,0,1,0
90,30,1,Z,000,E,5.66,4,1,0,1,0
90,31,1,Z,000,E,5.66,4,1,0,1,0
90,32,1,Z,000,E,5.66,4,1,0,1,0
90,33,1,Z,011,1:-1,3.00,2,3,1,1,0
90,34,1,Z,000,E,4.90,4,1,0,1,0
90,35,1,Z,000,E,4.24,3,1,0,1,0
90,36,1,Z,111,E,4.24,3,1,0,1,0
90,37,1,Z,000,E,4.24,3,1,0,1,0
90,38,1,Z,000,E,2.83,2,1,0,1,0
90,39,1,Z,000,E,2.83,2,1,0,1,0
90,40,1,Z,000,E,2.83,2,1,0,1,0
90,41,1,Z,000,E,3.74,3,1,0,1,0
90,42,1,Z,011,1:-1,4.58,4,3,1,1,0
90,43,1,Z,000,E,6.16,5,1,0,1,0
90,44,1,Z,000,E,6.48,5,1,0,1,0
90,45,1,Z,111,E,3.74,3,1,0,1,0
90,46,1,Z,000,E,3.74,3,1,0,1,0
90,47,1,Z,000,E,4.90,4,1,0,1,0
90,48,1,Z,000,E,7.48,6,1,0,1,0
90,49,1,Z,000,E,7.48,6,1,0,1,0
90,0,2,Z,111,E,7.48,6,1,0,1,0
90,1,2,Z,000,E,7.48,6,1,0,1,0
90,2,2,Z,000,E,6.48,5,1,0,1,0
90,3,2,Z,000,E,3.74,3,1,0,1,0
90,4,2,Z,000,E,3.74,3,1,0,1,0
90,5,2,Z,000,E,2.83,2,1,0,1,0
90,6,2,Z,110,2:-1,3.16,3,5,2,1,0
90,7,2,Z,000,E,2.83,2,1,0,1,0
90,8,2,Z,000,E,3.74,3,1,0,1,0
90,9,2,Z,111,E,4.24,3,1,0,1,0
90,10,2,Z,000,E,4.24,3,1,0,1,0
90,11,2,Z,000,E,7.07,5,1,0,1,0
90,12,2,Z,000,E,11.05,9,1,0,1,0
90,13,2,Z,000,E,11.05,9,1,0,1,0
90,14,2,Z,000,E,9.80,8,1,0,1,0
90,15,2,Z,001,2:1,12.88,11,5,2,1,0
90,16,2,Z,000,E,12.33,10,1,0,1,0
90,17,2,Z,000,E,14.97,12,1,0,1,0
90,18,2,Z,111,E,14.97,12,1,0,1,0
90,19,2,Z,000,E,14.97,12,1,0,1,0
90,20,2,Z,000,E,12.96,10,1,0,1,0
90,21,2,Z,000,E,7.48,6,1,0,1,0
90,22,2,Z,000,E,7.48,6,1,0,1,0
90,23,2,Z,000,E,5.10,4,1,0,1,0
90,24,2,Z,101,2:2,9.70,7,5,4,1,0
90,25,2,Z,000,E,7.87,6,1,0,1,0
90,26,2,Z,000,E,12.57,10,1,0,1,0
90,27,2,Z,111,E,7.35,6,1,0,1,0
90,28,2,Z,000,E,7.35,6,1,0,1,0
90,29,2,Z,000,E,7.48,6,1,0,1,0
90,30,2,Z,000,E,5.66,4,1,0,1,0
90,31,2,Z,000,E,5.66,4,1,0,1,0
90,32,2,Z,000,E,5.10,4,1,0,1,0
90,33,2,Z,011,2:-1,3.46,2,5,2,1,0
90,34,2,Z,000,E,3.74,3,1,0,1,0
90,35,2,Z,000,E,4.24,3,1,0,1,0
90,36,2,Z,111,E,4.24,3,1,0,1,0
90,37,2,Z,000,E,4.24,3,1,0,1,0
90,38,2,Z,000,E,2.83,2,1,0,1,0
90,39,2,Z,000,E,2.83,2,1,0,1,0
90,40,2,Z,000,E,2.83,2,1,0,1,0
90,41,2,Z,000,E,2.83,2,1,0,1,0
90,42,2,Z,011,2:-1,5.48,5,5,2,1,0
90,43,2,Z,000,E,4.90,4,1,0,1,0
90,44,2,Z,000,E,6.48,5,1,0,1,0
90,45,2,Z,111,E,3.74,3,1,0,1,0
90,46,2,Z,000,E,3.74,3,1,0,1,0
90,47,2,Z,000,E,4.90,4,1,0,1,0
90,48,2,Z,000,E,7.48,6,1,0,1,0
90,49,2,Z,000,E,7.48,6,1,0,1,0
90,0,3,Z,111,E,7.48,6,1,0,1,0
90,1,3,Z,000,E,6.48,5,1,0,1,0
90,2,3,Z,000,E,5.10,4,1,0,1,0
90,3,3,Z,000,E,3.74,3,1,0,1,0
90,4,3,Z,000,E,2.45,2,1,0,1,0
90,5,3,Z,000,E,2.45,2,1,0,1,0
90,6,3,Z,110,3:-1,3.32,3,5,2,1,0
90,7,3,Z,000,E,3.74,3,1,0,1,0
90,8,3,Z,000,E,3.74,3,1,0,1,0
90,9,3,Z,111,E,4.24,3,1,0,1,0
90,10,3,Z,000,E,7.07,5,1,0,1,0
90,11,3,Z,000,E,8.83,7,1,0,1,0
90,12,3,Z,000,E,11.05,9,1,0,1,0
90,13,3,Z,000,E,11.05,9,1,0,1,0
90,14,3,Z,000,E,11.05,9,1,0,1,0
90,15,3,Z,001,3:1,12.45,11,5,2,1,0
90,16,3,Z,000,E,13.64,11,1,0,1,0
90,17,3,Z,000,E,14.97,12,1,0,1,0
90,18,3,Z,111,E,14.97,12,1,0,1,0
90,19,3,Z,000,E,12.96,10,1,0,1,0
90,20,3,Z,000,E,10.20,8,1,0,1,0
90,21,3,Z,000,E,7.48,6,1,0,1,0
90,22,3,Z,000,E,6.48,5,1,0,1,0
90,23,3,Z,000,E,6.48,5,1,0,1,0
90,24,3,Z,101,3:2,8.60,7,5,4,1,0
90,25,3,Z,000,E,9.90,8,1,0,1,0
90,26,3,Z,000,E,9.90,8,1,0,1,0
90,27,3,Z,111,E,7.35,6,1,0,1,0
90,28,3,Z,000,E,7.48,6,1,0,1,0
90,29,3,Z,000,E,6.48,5,1,0,1,0
90,30,3,Z,000,E,5.66,4,1,0,1,0
90,31,3,Z,000,E,5.66,4,1,0,1,0
90,32,3,Z,000,E,4.24,3,1,0,1,0
90,33,3,Z,011,3:-1,4.12,3,5,2,1,0
90,34,3,Z,000,E,3.74,3,1,0,1,0
90,35,3,Z,000,E,4.24,3,1,0,1,0
90,36,3,Z,111,E,4.24,3,1,0,1,0
90,37,3,Z,000,E,2.83,2,1,0,1,0
90,38,3,Z,000,E,2.45,2,1,0,1,0
90,39,3,Z,000,E,2.83,2,1,0,1,0
90,40,3,Z,000,E,3.74,3,1,0,1,0
90,41,3,Z,000,E,2.83,2,1,0,1,0
90,42,3,Z,011,3:-1,5.20,5,5,2,1,0
90,43,3,Z,000,E,5.10,4,1,0,1,0
90,44,3,Z,000,E,5.10,4,1,0,1,0
90,45,3,Z,111,E,3.74,3,1,0,1,0
90,46,3,Z,000,E,4.90,4,1,0,1,0
90,47,3,Z,000,E,6.16,5,1,0,1,0
90,48,3,Z,000,E,7.48,6,1,0,1,0
90,49,3,Z,000,E,7.48,6,1,0,1,0
90,0,4,Z,111,E,7.48,6,1,0,1,0
90,1,4,Z,000,E,6.48,5,1,0,1,0
90,2,4,Z,000,E,3.74,3,1,0,1,0
90,3,4,Z,000,E,3.74,3,1,0,1,0
90,4,4,Z,000,E,2.45,2,1,0,1,0
90,5,4,Z,000,E,2.83,2,1,0,1,0
90,6,4,Z,110,4:-1,3.74,3,3,2,1,0
90,7,4,Z,000,E,3.74,3,1,0,1,0
90,8,4,Z,000,E,4.24,3,1,0,1,0
90,9,4,Z,111,E,4.24,3,1,0,1,0
90,10,4,Z,000,E,7.07,5,1,0,1,0
90,11,4,Z,000,E,11.05,9,1,0,1,0
90,12,4,Z,000,E,11.05,9,1,0,1,0
90,13,4,Z,000,E,11.05,9,1,0,1,0
90,14,4,Z,000,E,12.33,10,1,0,1,0
90,15,4,Z,001,4:1,12.08,11,3,2,1,0
90,16,4,Z,000,E,14.97,12,1,0,1,0
90,17,4,Z,000,E,14.97,12,1,0,1,0
90,18,4,Z,111,E,14.97,12,1,0,1,0
90,19,4,Z,000,E,12.96,10,1,0,1,0
90,20,4,Z,000,E,7.48,6,1,0,1,0
90,21,4,Z,000,E,7.48,6,1,0,1,0
90,22,4,Z,000,E,6.48,5,1,0,1,0
90,23,4,Z,000,E,7.87,6,1,0,1,0
90,24,4,Z,101,4:2,7.87,7,3,4,1,0
90,25,4,Z,000,E,12.57,10,1,0,1,0
90,26,4,Z,000,E,7.35,6,1,0,1,0
90,27,4,Z,111,E,7.35,6,1,0,1,0
90,28,4,Z,000,E,7.48,6,1,0,1,0
90,29,4,Z,000,E,5.66,4,1,0,1,0
90,30,4,Z,000,E,5.66,4,1,0,1,0
90,31,4,Z,000,E,5.66,4,1,0,1,0
90,32,4,Z,000,E,3.74,3,1,0,1,0
90,33,4,Z,011,4:-1,4.90,4,3,2,1,0
90,34,4,Z,000,E,4.24,3,1,0,1,0
90,35,4,Z,000,E,4.24,3,1,0,1,0
90,36,4,Z,111,E,4.24,3,1,0,1,0
90,37,4,Z,000,E,2.83,2,1,0,1,0
90,38,4,Z,000,E,2.83,2,1,0,1,0
90,39,4,Z,000,E,2.83,2,1,0,1,0
90,40,4,Z,000,E,3.74,3,1,0,1,0
90,41,4,Z,000,E,4.90,4,1,0,1,0
90,42,4,Z,011,4:-1,5.10,5,3,2,1,0
90,43,4,Z,000,E,6.48,5,1,0,1,0
90,44,4,Z,000,E,3.74,3,1,0,1,0
90,45,4,Z,111,E,3.74,3,1,0,1,0
90,46,4,Z,000,E,4.90,4,1,0,1,0
90,47,4,Z,000,E,7.48,6,1,0,1,0
90,48,4,Z,000,E,7.48,6,1,0,1,0
90,49,4,Z,000,E,7.48,6,1,0,1,0
95,0,0,Z,100,E,7.87,6,1,0,1,0
95,1,0,Z,000,E,4.90,4,1,0,1,0
95,2,0,Z,000,E,2.45,2,1,0,1,0
95,3,0,Z,000,E,3.74,3,1,0,1,0
95,4,0,Z,000,E,2.83,2,1,0,1,0
95,5,0,Z,010,E,2.45,2,1,0,1,0
95,6,0,Z,100,E,2.45,2,1,0,1,0
95,7,0,Z,001,E,3.74,3,1,0,1,0
95,8,0,Z,010,E,6.48,5,1,0,1,0
95,9,0,Z,100,E,5.10,4,1,0,1,0
95,10,0,Z,000,E,6.16,5,1,0,1,0
95,11,0,Z,000,E,9.90,8,1,0,1,0
95,12,0,Z,000,E,12.57,10,1,0,1,0
95,13,0,Z,001,E,11.22,9,1,0,1,0
95,14,0,Z,000,E,13.64,11,1,0,1,0
95,15,0,Z,000,E,14.76,12,1,0,1,0
95,16,0,Z,001,E,13.93,11,1,0,1,0
95,17,0,Z,010,E,17.38,14,1,0,1,0
95,18,0,Z,100,E,13.64,11,1,0,1,0
95,19,0,Z,000,E,12.08,9,1,0,1,0
95,20,0,Z,000,E,8.83,7,1,0,1,0
95,21,0,Z,000,E,8.60,7,1,0,1,0
95,22,0,Z,001,E,8.49,6,1,0,1,0
95,23,0,Z,000,E,9.90,7,1,0,1,0
95,24,0,Z,100,E,9.90,7,1,0,1,0
95,25,0,Z,001,E,9.90,8,1,0,1,0
95,26,0,Z,010,E,8.83,7,1,0,1,0
95,27,0,Z,100,E,6.16,5,1,0,1,0
95,28,0,Z,000,E,9.90,8,1,0,1,0
95,29,0,Z,000,E,6.48,5,1,0,1,0
95,30,0,Z,000,E,3.74,3,1,0,1,0
95,31,0,Z,001,E,8.49,6,1,0,1,0
95,32,0,Z,010,E,4.24,3,1,0,1,0
95,33,0,Z,000,E,5.10,4,1,0,1,0
95,34,0,Z,001,E,5.66,4,1,0,1,0
95,35,0,Z,010,E,2.45,2,1,0,1,0
95,36,0,Z,100,E,5.10,4,1,0,1,0
95,37,0,Z,000,E,5.66,4,1,0,1,0
95,38,0,Z,000,E,2.45,2,1,0,1,0
95,39,0,Z,000,E,1.41,1,1,0,1,0
95,40,0,Z,001,E,6.16,5,1,0,1,0
95,41,0,Z,010,E,3.74,3,1,0,1,0
95,42,0,Z,000,E,5.10,4,1,0,1,0
95,43,0,Z,001,E,8.60,7,1,0,1,0
95,44,0,Z,010,E,4.24,3,1,0,1,0
95,45,0,Z,100,E,5.10,4,1,0,1,0
95,46,0,Z,000,E,7.48,6,1,0,1,0
95,47,0,Z,000,E,8.83,7,1,0,1,0
95,48,0,Z,000,E,7.07,5,1,0,1,0
95,49,0,Z,001,E,7.48,6,1,0,1,0
95,0,1,Z,100,1:1,8.06,6,3,1,1,0
95,1,1,Z,000,E,4.90,4,1,0,1,0
95,2,1,Z,000,E,2.45,2,1,0,1,0
95,3,1,Z,000,E,3.74,3,1,0,1,0
95,4,1,Z,000,E,2.83,2,1,0,1,0
95,5,1,Z,010,1:-2,4.24,4,3,2,1,0
95,6,1,Z,100,1:1,1.73,1,3,1,1,0
95,7,1,Z,001,1:1,3.00,2,3,1,1,0
95,8,1,Z,010,1:-2,7.87,6,3,2,1,0
95,9,1,Z,100,1:1,4.36,3,3,1,1,0
95,10,1,Z,000,E,6.16,5,1,0,1,0
95,11,1,Z,000,E,9.90,8,1,0,1,0
95,12,1,Z,000,E,12.57,10,1,0,1,0
95,13,1,Z,001,1:1,11.00,9,3,1,1,0
95,14,1,Z,000,E,13.64,11,1,0,1,0
95,15,1,Z,000,E,14.76,12,1,0,1,0
95,16,1,Z,001,1:1,13.75,11,3,1,1,0
95,17,1,Z,010,1:-2,18.06,14,3,2,1,0
95,18,1,Z,100,1:1,13.38,11,3,1,1,0
95,19,1,Z,000,E,12.08,9,1,0,1,0
95,20,1,Z,000,E,8.83,7,1,0,1,0
95,21,1,Z,000,E,8.60,7,1,0,1,0
95,22,1,Z,001,1:1,8.54,6,3,1,1,0
95,23,1,Z,000,E,9.90,7,1,0,1,0
95,24,1,Z,100,1:1,9.95,7,3,1,1,0
95,25,1,Z,001,1:1,10.25,8,3,1,1,0
95,26,1,Z,010,1:-2,8.60,7,3,2,1,0
95,27,1,Z,100,1:1,6.56,5,3,1,1,0
95,28,1,Z,000,E,9.90,8,1,0,1,0
95,29,1,Z,000,E,6.48,5,1,0,1,0
95,30,1,Z,000,E,3.74,3,1,0,1,0
95,31,1,Z,001,1:1,9.22,7,3,1,1,0
95,32,1,Z,010,1:-2,3.16,3,3,2,1,0
95,33,1,Z,000,E,5.10,4,1,0,1,0
95,34,1,Z,001,1:1,6.40,5,3,1,1,0
95,35,1,Z,010,1:-2,1.41,1,3,2,1,0
95,36,1,Z,100,1:1,5.74,4,3,1,1,0
95,37,1,Z,000,E,5.66,4,1,0,1,0
95,38,1,Z,000,E,2.45,2,1,0,1,0
95,39,1,Z,000,E,1.41,1,1,0,1,0
95,40,1,Z,001,1:1,7.00,6,3,1,1,0
95,41,1,Z,010,1:-2,3.16,3,3,2,1,0
95,42,1,Z,000,E,5.10,4,1,0,1,0
95,43,1,Z,001,1:1,9.00,7,3,1,1,0
95,44,1,Z,010,1:-2,4.69,3,3,2,1,0
95,45,1,Z,100,1:1,5.39,4,3,1,1,0
95,46,1,Z,000,E,7.48,6,1,0,1,0
95,47,1,Z,000,E,8.83,7,1,0,1,0
95,48,1,Z,000,E,7.07,5,1,0,1,0
95,49,1,Z,001,1:1,8.06,6,3,1,1,0
95,0,2,Z,100,2:1,9.49,7,5,2,1,0
95,1,2,Z,000,E,3.74,3,1,0,1,0
95,2,2,Z,000,E,1.41,1,1,0,1,0
95,3,2,Z,000,E,4.24,3,1,0,1,0
95,4,2,Z,000,E,2.45,2,1,0,1,0
95,5,2,Z,010,2:-2,5.10,5,5,4,1,0
95,6,2,Z,100,2:1,2.45,2,5,2,1,0
95,7,2,Z,001,2:1,3.46,2,5,2,1,0
95,8,2,Z,010,2:-2,8.12,7,5,4,1,0
95,9,2,Z,100,2:1,2.45,2,5,2,1,0
95,10,2,Z,000,E,7.48,6,1,0,1,0
95,11,2,Z,000,E,11.22,9,1,0,1,0
95,12,2,Z,000,E,9.90,8,1,0,1,0
95,13,2,Z,001,2:1,10.86,9,5,2,1,0
95,14,2,Z,000,E,14.76,12,1,0,1,0
95,15,2,Z,000,E,12.57,10,1,0,1,0
95,16,2,Z,001,2:1,15.56,13,5,2,1,0
95,17,2,Z,010,2:-2,17.72,13,5,4,1,0
95,18,2,Z,100,2:1,12.25,10,5,2,1,0
95,19,2,Z,000,E,12.96,10,1,0,1,0
95,20,2,Z,000,E,9.90,8,1,0,1,0
95,21,2,Z,000,E,6.16,5,1,0,1,0
95,22,2,Z,001,2:1,8.72,6,5,2,1,0
95,23,2,Z,000,E,9.90,7,1,0,1,0
95,24,2,Z,100,2:1,9.70,7,5,2,1,0
95,25,2,Z,001,2:1,10.77,8,5,2,1,0
95,26,2,Z,010,2:-2,8.12,7,5,4,1,0
95,27,2,Z,100,2:1,7.35,5,5,2,1,0
95,28,2,Z,000,E,9.80,8,1,0,1,0
95,29,2,Z,000,E,6.16,5,1,0,1,0
95,30,2,Z,000,E,5.10,4,1,0,1,0
95,31,2,Z,001,2:1,8.72,6,5,2,1,0
95,32,2,Z,010,2:-2,3.16,3,5,4,1,0
95,33,2,Z,000,E,5.10,4,1,0,1,0
95,34,2,Z,001,2:1,4.47,4,5,2,1,0
95,35,2,Z,010,2:-2,2.45,2,5,4,1,0
95,36,2,Z,100,2:1,7.87,6,5,2,1,0
95,37,2,Z,000,E,4.24,3,1,0,1,0
95,38,2,Z,000,E,1.41,1,1,0,1,0
95,39,2,Z,000,E,3.74,3,1,0,1,0
95,40,2,Z,001,2:1,5.48,5,5,2,1,0
95,41,2,Z,010,2:-2,4.24,4,5,4,1,0
95,42,2,Z,000,E,5.10,4,1,0,1,0
95,43,2,Z,001,2:1,7.07,5,5,2,1,0
95,44,2,Z,010,2:-2,5.83,4,5,4,1,0
95,45,2,Z,100,2:1,7.07,5,5,2,1,0
95,46,2,Z,000,E,6.16,5,1,0,1,0
95,47,2,Z,000,E,7.87,6,1,0,1,0
95,48,2,Z,000,E,8.83,7,1,0,1,0
95,49,2,Z,001,2:1,6.00,4,5,2,1,0
95,0,3,Z,100,3:1,7.55,5,5,2,1,0
95,1,3,Z,000,E,2.45,2,1,0,1,0
95,2,3,Z,000,E,3.74,3,1,0,1,0
95,3,3,Z,000,E,2.83,2,1,0,1,0
95,4,3,Z,000,E,2.45,2,1,0,1,0
95,5,3,Z,010,3:-2,6.00,6,5,4,1,0
95,6,3,Z,100,3:1,3.00,2,5,2,1,0
95,7,3,Z,001,3:1,4.58,4,5,2,1,0
95,8,3,Z,010,3:-2,8.60,8,5,4,1,0
95,9,3,Z,100,3:1,4.12,4,5,2,1,0
95,10,3,Z,000,E,9.90,8,1,0,1,0
95,11,3,Z,000,E,11.58,9,1,0,1,0
95,12,3,Z,000,E,9.90,8,1,0,1,0
95,13,3,Z,001,3:1,12.69,11,5,2,1,0
95,14,3,Z,000,E,13.49,11,1,0,1,0
95,15,3,Z,000,E,13.93,11,1,0,1,0
95,16,3,Z,001,3:1,16.40,14,5,2,1,0
95,17,3,Z,010,3:-2,16.31,11,5,4,1,0
95,18,3,Z,100,3:1,11.45,9,5,2,1,0
95,19,3,Z,000,E,11.58,9,1,0,1,0
95,20,3,Z,000,E,8.60,7,1,0,1,0
95,21,3,Z,000,E,7.07,5,1,0,1,0
95,22,3,Z,001,3:1,9.43,7,5,2,1,0
95,23,3,Z,000,E,8.49,6,1,0,1,0
95,24,3,Z,100,3:1,9.95,7,5,2,1,0
95,25,3,Z,001,3:1,10.05,7,5,2,1,0
95,26,3,Z,010,3:-2,7.87,7,5,4,1,0
95,27,3,Z,100,3:1,9.43,7,5,2,1,0
95,28,3,Z,000,E,8.60,7,1,0,1,0
95,29,3,Z,000,E,3.74,3,1,0,1,0
95,30,3,Z,000,E,7.87,6,1,0,1,0
95,31,3,Z,001,3:1,6.71,5,5,2,1,0
95,32,3,Z,010,3:-2,4.47,4,5,4,0,1
95,33,3,Z,000,E,4.90,4,1,0,1,0
95,34,3,Z,001,3:1,4.12,4,5,2,1,0
95,35,3,Z,010,3:-2,4.24,4,5,4,1,0
95,36,3,Z,100,3:1,7.28,6,5,2,1,0
95,37,3,Z,000,E,2.45,2,1,0,1,0
95,38,3,Z,000,E,1.41,1,1,0,1,0
95,39,3,Z,000,E,6.16,5,1,0,1,0
95,40,3,Z,001,3:1,4.12,4,5,2,1,0
95,41,3,Z,010,3:-2,5.10,5,5,4,1,0
95,42,3,Z,000,E,6.16,5,1,0,1,0
95,43,3,Z,001,3:1,5.39,4,5,2,1,0
95,44,3,Z,010,3:-2,6.16,5,5,4,1,0
95,45,3,Z,100,3:1,9.00,6,5,2,1,0
95,46,3,Z,000,E,6.16,5,1,0,1,0
95,47,3,Z,000,E,8.49,6,1,0,1,0
95,48,3,Z,000,E,8.60,7,1,0,1,0
95,49,3,Z,001,3:1,6.40,4,5,2,1,0
95,0,4,Z,100,4:1,5.83,4,3,2,1,0
95,1,4,Z,000,E,1.41,1,1,0,1,0
95,2,4,Z,000,E,6.48,5,1,0,1,0
95,3,4,Z,000,E,1.41,1,1,0,1,0
95,4,4,Z,000,E,2.83,2,1,0,1,0
95,5,4,Z,010,4:-2,6.16,6,3,4,1,0
95,6,4,Z,100,4:1,3.74,3,3,2,1,0
95,7,4,Z,001,4:1,6.32,6,3,2,1,0
95,8,4,Z,010,4:-2,8.12,8,3,4,1,0
95,9,4,Z,100,4:1,6.16,6,3,2,1,0
95,10,4,Z,000,E,11.05,9,1,0,1,0
95,11,4,Z,000,E,10.68,8,1,0,1,0
95,12,4,Z,000,E,12.57,10,1,0,1,0
95,13,4,Z,001,4:1,13.56,12,3,2,1,0
95,14,4,Z,000,E,12.25,10,1,0,1,0
95,15,4,Z,000,E,15.30,12,1,0,1,0
95,16,4,Z,001,4:1,17.26,15,3,2,1,0
95,17,4,Z,010,4:-2,15.03,9,3,4,1,0
95,18,4,Z,100,4:1,12.25,10,3,2,1,0
95,19,4,Z,000,E,10.20,8,1,0,1,0
95,20,4,Z,000,E,6.48,5,1,0,1,0
95,21,4,Z,000,E,9.90,7,1,0,1,0
95,22,4,Z,001,4:1,10.20,8,3,2,1,0
95,23,4,Z,000,E,7.07,5,1,0,1,0
95,24,4,Z,100,4:1,10.49,7,3,2,1,0
95,25,4,Z,001,4:1,9.38,6,3,2,1,0
95,26,4,Z,010,4:-2,7.35,7,3,4,1,0
95,27,4,Z,100,4:1,10.68,7,3,2,1,0
95,28,4,Z,000,E,7.48,6,1,0,1,0
95,29,4,Z,000,E,2.45,2,1,0,1,0
95,30,4,Z,000,E,9.27,7,1,0,1,0
95,31,4,Z,001,4:1,5.48,5,3,2,1,0
95,32,4,Z,010,4:-2,5.83,5,3,4,1,0
95,33,4,Z,000,E,5.10,4,1,0,1,0
95,34,4,Z,001,4:1,4.00,4,3,2,1,0
95,35,4,Z,010,4:-2,6.16,6,3,4,1,0
95,36,4,Z,100,4:1,6.78,6,3,2,1,0
95,37,4,Z,000,E,2.83,2,1,0,1,0
95,38,4,Z,000,E,2.45,2,1,0,1,0
95,39,4,Z,000,E,6.16,5,1,0,1,0
95,40,4,Z,001,4:1,4.90,4,3,2,1,0
95,41,4,Z,010,4:-2,6.16,6,3,4,1,0
95,42,4,Z,000,E,7.35,6,1,0,1,0
95,43,4,Z,001,4:1,4.90,4,3,2,1,0
95,44,4,Z,010,4:-2,6.78,6,3,4,1,0
95,45,4,Z,100,4:1,8.37,6,3,2,1,0
95,46,4,Z,000,E,7.48,6,1,0,1,0
95,47,4,Z,000,E,9.90,7,1,0,1,0
95,48,4,Z,000,E,6.48,5,1,0,1,0
95,49,4,Z,001,4:1,8.37,6,3,2,1,0
100,0,0,Z,100,E,6.16,5,1,0,1,0
100,1,0,Z,000,E,1.41,1,1,0,1,0
100,2,0,Z,000,E,3.74,3,1,0,1,0
100,3,0,Z,000,E,2.83,2,1,0,1,0
100,4,0,Z,010,E,2.45,2,1,0,1,0
100,5,0,Z,001,E,2.45,2,1,0,1,0
100,6,0,Z,100,E,3.74,3,1,0,1,0
100,7,0,Z,010,E,7.87,6,1,0,1,0
100,8,0,Z,000,E,6.48,5,1,0,1,0
100,9,0,Z,100,E,4.90,4,1,0,1,0
100,10,0,Z,000,E,9.90,8,1,0,1,0
100,11,0,Z,001,E,12.57,10,1,0,1,0
100,12,0,Z,000,E,12.33,10,1,0,1,0
100,13,0,Z,000,E,14.35,11,1,0,1,0
100,14,0,Z,001,E,13.64,11,1,0,1,0
100,15,0,Z,000,E,14.97,12,1,0,1,0
100,16,0,Z,010,E,17.38,14,1,0,1,0
100,17,0,Z,000,E,13.64,11,1,0,1,0
100,18,0,Z,100,E,11.31,8,1,0,1,0
100,19,0,Z,000,E,9.90,8,1,0,1,0
100,20,0,Z,001,E,11.05,9,1,0,1,0
100,21,0,Z,000,E,9.27,7,1,0,1,0
100,22,0,Z,000,E,12.08,9,1,0,1,0
100,23,0,Z,001,E,9.90,7,1,0,1,0
100,24,0,Z,100,E,9.90,8,1,0,1,0
100,25,0,Z,010,E,7.07,5,1,0,1,0
100,26,0,Z,000,E,8.83,7,1,0,1,0
100,27,0,Z,100,E,10.20,8,1,0,1,0
100,28,0,Z,000,E,6.16,5,1,0,1,0
100,29,0,Z,001,E,6.16,5,1,0,1,0
100,30,0,Z,000,E,7.87,6,1,0,1,0
100,31,0,Z,010,E,7.07,5,1,0,1,0
100,32,0,Z,001,E,6.16,5,1,0,1,0
100,33,0,Z,000,E,4.24,3,1,0,1,0
100,34,0,Z,010,E,2.45,2,1,0,1,0
100,35,0,Z,000,E,5.10,4,1,0,1,0
100,36,0,Z,100,E,7.07,5,1,0,1,0
100,37,0,Z,000,E,3.74,3,1,0,1,0
100,38,0,Z,001,E,2.45,2,1,0,1,0
100,39,0,Z,000,E,4.90,4,1,0,1,0
100,40,0,Z,010,E,5.10,4,1,0,1,0
100,41,0,Z,001,E,6.48,5,1,0,1,0
100,42,0,Z,000,E,7.48,6,1,0,1,0
100,43,0,Z,010,E,5.10,4,1,0,1,0
100,44,0,Z,000,E,7.87,6,1,0,1,0
100,45,0,Z,100,E,8.83,7,1,0,1,0
100,46,0,Z,000,E,8.83,7,1,0,1,0
100,47,0,Z,001,E,7.07,5,1,0,1,0
100,48,0,Z,000,E,6.16,5,1,0,1,0
100,49,0,Z,010,E,7.35,6,1,0,1,0
100,0,1,Z,100,1:1,6.71,5,3,1,1,0
100,1,1,Z,000,E,1.41,1,1,0,1,0
100,2,1,Z,000,E,3.74,3,1,0,1,0
100,3,1,Z,000,E,2.83,2,1,0,1,0
100,4,1,Z,010,1:-2,4.24,4,3,2,1,0
100,5,1,Z,001,1:1,1.73,1,3,1,1,0
100,6,1,Z,100,1:1,3.00,2,3,1,1,0
100,7,1,Z,010,1:-2,9.49,8,3,2,1,0
100,8,1,Z,000,E,6.48,5,1,0,1,0
100,9,1,Z,100,1:1,4.58,4,3,1,1,0
100,10,1,Z,000,E,9.90,8,1,0,1,0
100,11,1,Z,001,1:1,12.04,10,3,1,1,0
100,12,1,Z,000,E,12.33,10,1,0,1,0
100,13,1,Z,000,E,14.35,11,1,0,1,0
100,14,1,Z,001,1:1,13.38,11,3,1,1,0
100,15,1,Z,000,E,14.97,12,1,0,1,0
100,16,1,Z,010,1:-2,18.06,14,3,2,1,0
100,17,1,Z,000,E,13.64,11,1,0,1,0
100,18,1,Z,100,1:1,11.36,8,3,1,1,0
100,19,1,Z,000,E,9.90,8,1,0,1,0
100,20,1,Z,001,1:1,10.72,9,3,1,1,0
100,21,1,Z,000,E,9.27,7,1,0,1,0
100,22,1,Z,000,E,12.08,9,1,0,1,0
100,23,1,Z,001,1:1,9.95,7,3,1,1,0
100,24,1,Z,100,1:1,10.25,8,3,1,1,0
100,25,1,Z,010,1:-2,7.35,5,3,2,1,0
100,26,1,Z,000,E,8.83,7,1,0,1,0
100,27,1,Z,100,1:1,10.82,8,3,1,1,0
100,28,1,Z,000,E,6.16,5,1,0,1,0
100,29,1,Z,001,1:1,6.56,5,3,1,1,0
100,30,1,Z,000,E,7.87,6,1,0,1,0
100,31,1,Z,010,1:-2,5.83,5,3,2,1,0
100,32,1,Z,001,1:1,7.00,6,3,1,1,0
100,33,1,Z,000,E,4.24,3,1,0,1,0
100,34,1,Z,010,1:-2,1.41,1,3,2,1,0
100,35,1,Z,000,E,5.10,4,1,0,1,0
100,36,1,Z,100,1:1,7.81,6,3,1,1,0
100,37,1,Z,000,E,3.74,3,1,0,1,0
100,38,1,Z,001,1:1,3.00,2,3,1,1,0
100,39,1,Z,000,E,4.90,4,1,0,1,0
100,40,1,Z,010,1:-2,3.74,3,3,2,1,0
100,41,1,Z,001,1:1,7.14,5,3,1,1,0
100,42,1,Z,000,E,7.48,6,1,0,1,0
100,43,1,Z,010,1:-2,5.10,4,3,2,1,0
100,44,1,Z,000,E,7.87,6,1,0,1,0
100,45,1,Z,100,1:1,9.43,7,3,1,1,0
100,46,1,Z,000,E,8.83,7,1,0,1,0
100,47,1,Z,001,1:1,7.14,5,3,1,1,0
100,48,1,Z,000,E,6.16,5,1,0,1,0
100,49,1,Z,010,1:-2,6.78,6,3,2,1,0
100,0,2,Z,100,2:1,4.69,3,5,2,1,0
100,1,2,Z,000,E,2.45,2,1,0,1,0
100,2,2,Z,000,E,4.24,3,1,0,1,0
100,3,2,Z,000,E,2.45,2,1,0,1,0
100,4,2,Z,010,2:-2,5.10,5,5,4,1,0
100,5,2,Z,001,2:1,2.45,2,5,2,1,0
100,6,2,Z,100,2:1,4.69,3,5,2,1,0
100,7,2,Z,010,2:-2,8.60,8,5,4,1,0
100,8,2,Z,000,E,3.74,3,1,0,1,0
100,9,2,Z,100,2:1,6.63,6,5,2,1,0
100,10,2,Z,000,E,11.22,9,1,0,1,0
100,11,2,Z,001,2:1,10.30,9,5,2,1,0
100,12,2,Z,000,E,10.20,8,1,0,1,0
100,13,2,Z,000,E,15.30,12,1,0,1,0
100,14,2,Z,001,2:1,13.19,11,5,2,1,0
100,15,2,Z,000,E,16.06,13,1,0,1,0
100,16,2,Z,010,2:-2,17.72,13,5,4,1,0
100,17,2,Z,000,E,11.58,9,1,0,1,0
100,18,2,Z,100,2:1,12.81,10,5,2,1,0
100,19,2,Z,000,E,11.05,9,1,0,1,0
100,20,2,Z,001,2:1,9.49,8,5,2,1,0
100,21,2,Z,000,E,7.87,6,1,0,1,0
100,22,2,Z,000,E,12.73,9,1,0,1,0
100,23,2,Z,001,2:1,9.70,7,5,2,1,0
100,24,2,Z,100,2:1,11.05,8,5,2,1,0
100,25,2,Z,010,2:-2,6.16,5,5,4,1,0
100,26,2,Z,000,E,8.60,7,1,0,1,0
100,27,2,Z,100,2:1,10.77,8,5,2,1,0
100,28,2,Z,000,E,6.16,5,1,0,1,0
100,29,2,Z,001,2:1,7.35,5,5,2,1,0
100,30,2,Z,000,E,7.87,6,1,0,1,0
100,31,2,Z,010,2:-2,5.48,5,5,4,1,0
100,32,2,Z,001,2:1,5.83,5,5,2,1,0
100,33,2,Z,000,E,2.83,2,1,0,1,0
100,34,2,Z,010,2:-2,2.45,2,5,4,1,0
100,35,2,Z,000,E,7.87,6,1,0,1,0
100,36,2,Z,100,2:1,5.83,5,5,2,1,0
100,37,2,Z,000,E,2.45,2,1,0,1,0
100,38,2,Z,001,2:1,5.10,4,5,2,1,0
100,39,2,Z,000,E,4.90,4,1,0,1,0
100,40,2,Z,010,2:-2,4.24,4,5,4,1,0
100,41,2,Z,001,2:1,5.10,4,5,2,1,0
100,42,2,Z,000,E,6.48,5,1,0,1,0
100,43,2,Z,010,2:-2,6.16,5,5,4,1,0
100,44,2,Z,000,E,9.90,8,1,0,1,0
100,45,2,Z,100,2:1,7.35,5,5,2,1,0
100,46,2,Z,000,E,7.87,6,1,0,1,0
100,47,2,Z,001,2:1,8.37,6,5,2,1,0
100,48,2,Z,000,E,6.16,5,1,0,1,0
100,49,2,Z,010,2:-2,7.62,7,5,4,1,0
100,0,3,Z,100,3:1,3.00,2,5,2,1,0
100,1,3,Z,000,E,3.74,3,1,0,1,0
100,2,3,Z,000,E,2.83,2,1,0,1,0
100,3,3,Z,000,E,2.45,2,1,0,1,0
100,4,3,Z,010,3:-2,6.00,6,5,4,1,0
100,5,3,Z,001,3:1,3.00,2,5,2,1,0
100,6,3,Z,100,3:1,6.71,5,5,2,1,0
100,7,3,Z,010,3:-2,8.60,8,5,4,1,0
100,8,3,Z,000,E,4.90,4,1,0,1,0
100,9,3,Z,100,3:1,8.77,8,5,2,1,0
100,10,3,Z,000,E,11.58,9,1,0,1,0
100,11,3,Z,001,3:1,10.05,9,5,2,1,0
100,12,3,Z,000,E,12.96,10,1,0,1,0
100,13,3,Z,000,E,13.64,11,1,0,1,0
100,14,3,Z,001,3:1,14.04,12,5,2,1,0
100,15,3,Z,000,E,17.38,14,1,0,1,0
100,16,3,Z,010,3:-2,16.31,11,5,4,1,0
100,17,3,Z,000,E,11.31,8,1,0,1,0
100,18,3,Z,100,3:1,11.70,10,5,2,1,0
100,19,3,Z,000,E,9.80,8,1,0,1,0
100,20,3,Z,001,3:1,8.66,7,5,2,1,0
100,21,3,Z,000,E,10.68,8,1,0,1,0
100,22,3,Z,000,E,9.90,7,1,0,1,0
100,23,3,Z,001,3:1,9.95,7,5,2,1,0
100,24,3,Z,100,3:1,9.43,7,5,2,1,0
100,25,3,Z,010,3:-2,7.87,7,5,4,1,0
100,26,3,Z,000,E,10.20,8,1,0,1,0
100,27,3,Z,100,3:1,8.77,6,5,2,1,0
100,28,3,Z,000,E,4.90,4,1,0,1,0
100,29,3,Z,001,3:1,8.66,7,5,2,1,0
100,30,3,Z,000,E,7.87,6,1,0,1,0
100,31,3,Z,010,3:-2,5.48,5,5,4,1,0
100,32,3,Z,001,3:1,5.20,5,5,2,1,0
100,33,3,Z,000,E,2.45,2,1,0,1,0
100,34,3,Z,010,3:-2,4.24,4,5,4,1,0
100,35,3,Z,000,E,7.07,5,1,0,1,0
100,36,3,Z,100,3:1,5.39,5,5,2,1,0
100,37,3,Z,000,E,2.45,2,1,0,1,0
100,38,3,Z,001,3:1,6.71,6,5,2,1,0
100,39,3,Z,000,E,4.90,4,1,0,1,0
100,40,3,Z,010,3:-2,5.10,5,5,4,1,0
100,41,3,Z,001,3:1,6.40,4,5,2,1,0
100,42,3,Z,000,E,5.10,4,1,0,1,0
100,43,3,Z,010,3:-2,7.35,6,5,4,1,0
100,44,3,Z,000,E,9.90,8,1,0,1,0
100,45,3,Z,100,3:1,7.55,5,5,2,1,0
100,46,3,Z,000,E,8.49,6,1,0,1,0
100,47,3,Z,001,3:1,8.77,6,5,2,1,0
100,48,3,Z,000,E,6.16,5,1,0,1,0
100,49,3,Z,010,3:-2,8.60,8,5,4,1,0
100,0,4,Z,100,4:1,2.83,2,3,2,0,1
100,1,4,Z,000,E,6.16,5,1,0,1,0
100,2,4,Z,000,E,1.41,1,1,0,1,0
100,3,4,Z,000,E,2.83,2,1,0,1,0
100,4,4,Z,010,4:-2,6.16,6,3,4,1,0
100,5,4,Z,001,4:1,3.74,3,3,2,1,0
100,6,4,Z,100,4:1,7.48,6,3,2,1,0
100,7,4,Z,010,4:-2,9.06,8,3,4,1,0
100,8,4,Z,000,E,6.16,5,1,0,1,0
100,9,4,Z,100,4:1,9.70,9,3,2,1,0
100,10,4,Z,000,E,10.68,8,1,0,1,0
100,11,4,Z,001,4:1,12.25,11,3,2,1,0
100,12,4,Z,000,E,15.75,12,1,0,1,0
100,13,4,Z,000,E,11.05,9,1,0,1,0
100,14,4,Z,001,4:1,14.90,13,3,2,1,0
100,15,4,Z,000,E,18.71,15,1,0,1,0
100,16,4,Z,010,4:-2,15.03,9,3,4,1,0
100,17,4,Z,000,E,12.73,9,1,0,1,0
100,18,4,Z,100,4:1,9.90,9,3,2,1,0
100,19,4,Z,000,E,8.60,7,1,0,1,0
100,20,4,Z,001,4:1,9.49,8,3,2,1,0
100,21,4,Z,000,E,13.49,10,1,0,1,0
100,22,4,Z,000,E,7.07,5,1,0,1,0
100,23,4,Z,001,4:1,10.49,7,3,2,1,0
100,24,4,Z,100,4:1,7.48,6,3,2,1,0
100,25,4,Z,010,4:-2,9.70,9,3,4,1,0
100,26,4,Z,000,E,11.22,9,1,0,1,0
100,27,4,Z,100,4:1,7.07,5,3,2,1,0
100,28,4,Z,000,E,3.74,3,1,0,1,0
100,29,4,Z,001,4:1,8.83,7,3,2,1,0
100,30,4,Z,000,E,7.87,6,1,0,1,0
100,31,4,Z,010,4:-2,6.48,5,3,4,1,0
100,32,4,Z,001,4:1,5.48,5,3,2,1,0
100,33,4,Z,000,E,2.83,2,1,0,1,0
100,34,4,Z,010,4:-2,6.16,6,3,4,1,0
100,35,4,Z,000,E,6.48,5,1,0,1,0
100,36,4,Z,100,4:1,5.10,5,3,2,1,0
100,37,4,Z,000,E,5.10,4,1,0,1,0
100,38,4,Z,001,4:1,6.16,6,3,2,1,0
100,39,4,Z,000,E,4.90,4,1,0,1,0
100,40,4,Z,010,4:-2,7.07,7,3,4,1,0
100,41,4,Z,001,4:1,8.12,5,3,2,1,0
100,42,4,Z,000,E,3.74,3,1,0,1,0
100,43,4,Z,010,4:-2,9.06,8,3,4,1,0
100,44,4,Z,000,E,7.87,6,1,0,1,0
100,45,4,Z,100,4:1,9.38,6,3,2,1,0
100,46,4,Z,000,E,9.90,7,1,0,1,0
100,47,4,Z,001,4:1,7.07,5,3,2,1,0
100,48,4,Z,000,E,6.16,5,1,0,1,0
100,49,4,Z,010,4:-2,10.49,10,3,4,1,0