BURN 220
SCORED 308
TOTAL 1057
NSCORE 617
DMID 558
D 705
FDEG 1408
GDEG 0
F
-30739631970751813407020264812672751537344395810794703403152976080778469443984531291760167464499049929825832009449405509819502295356210656109232700119052788053888476652974556139275172162897239245220288426801420690902630973415207513915204722548166206096381451667872038335095537896561516800906876986161753529273387662983306917254897133848409505597221706332649960633069643164981357146056007233958689756288395573774371849980735912179677790543259020828247483762602151004322341755684746792201715452314393917783656190432
-1533526798839961147422010531426227357734634888261618869553651595815304843865127270083266725436116139612538086557286884746973183495036771103825551783501561495336835659950851501785778162778261335597345308301498746596117007320317199604158012668411722791140953951974865277119968959724178187151117934818493188739692921664611495712877749807730054747217689161559625216728899395275256812404541971665157650610045487990670574318379732898059464484517260810185993779479268738487322381712626232764431449167215139184206156936248
-38530386135249183449196219765007252659095806966546532568144954384905546620003476224487897497002836338223676398799241123204382746958274338396413630117947273949325470072369342043638228709341874284107242728089902232271892427006298586856155586141144232118122386006874396452711577040522070415831161430407777947227263698970243277301803117256047110983656242243434214320228729219275325609672960110412046167458350199246484601437343352507882372063602381548927291417153995139567623183747211645115514841810007292277883918506288
-650004269158925291188336549815061994128972434321568963447748275111580351625050702737442109075865987228952876871700383487484859539683619795411892344969880732507157737728469752111112458367362758759424019892713703804600085191003768846613123675076045384618875486422956203343906747680497517007035166850241044738051599993953136774642862813736295615541323929560419061109333699925239882165906431203303080897792478316173480907993450096382444689211091731872953016598859164328954016963406543286816040321148776451735673236267832
-8281856746399991795928726528600566562908353883057786861385730964387456241989045145450848342423480471947009552354569258808358731585308629036756523554542304453944906184822760792443080063240314023712620329166810236682460533144294765942513915781022102176015440027709381344884598709274486716432640750386271245019407424342879447281660533879285159287746755636010384348106462704524048732890981499557878443996483541839769546555505821518688088453092615915917013663856752933555243048775904505629544097201066213095133422234238224
-84999069448309369074124836095352253433569175376649757219974259749561913262558962256472832576012126308845986259563315786814278920915354684132919449717594912700450286700624629542019092935577363241158520967864199999045748492727993626489705582693535042733858075850825504655574063314645179666267224307154102462638739377880758289462109531758327044279445206242257096161899461783197555325352318732306851192984382754358546267771991868591493854412869033692188033744935298455984616969652909804404249708037057915427569695439487480
-731903916304864885537924349816674232022804729331439129930672706403539784642694823325105140199619138804275722139379747517605139629501048365016493384482911630712983126062147987631496998380957222840315215932531869243316092168770823684957833536645041007485383315782442996247234051756737589384222488718275134638584568935605948920346693504527227531991797609145259641871930329452210085649311517496008638554352749477624715327056214954448374347418564093954454766899728654484958073132717960451602689503466907797108152963836691776
-5437930072651528443072826317527648002955708789739692028112234733172093155379787254004068685366019648138414339152404423283951696150637309632136262440859904414815748987622170836783059318164669552660593548253462218839677866409970883835347375486735867140386428216676425162944593810170166566869817691318383485089959845589491948977259151939792441196888559385421337540691124348220833473726088530836402712729246674950622712913195485678808454910770054938058900256275898752607286882608915529177966010130491653903744124771463540784
-35584536412480464587223291793570388817420453526263952733366378176150390554356926070217280065886836319248666293953322883095866716918444962523264388344908689188019225945358848485714972073881485080286830997249506536200871249588790438013776988771084691111516938947095318539905441728480720705747465266171658682484778377051734503154215514849152904013335047654729928582523452190660573173228808431498556269685790142618347375694035592452887328200523912168390359460810114976507655936049224251661644203633737441212790320536387488040
-208320510388927290645754887842870497679518711319037063768624133736565370838697824184305578327282795024019635568531249656546121187772382326885493118945258232398407343161246902550562773781222368157926201617978590819308449627043778575237025330364643731829101817211372034878723167671985082080197657557169654073333931521062297422030895866517069342392976222339507789339809143078092440213635742126823184354822620670985976667294847062182995847964424520329805217429908784405721591706284216719219393080895668421008853009030979348000
-1104581993554539269201865879946660878466426930476391791884323853959539152578494890248084528856318647045021952593091880683576836639753981745865550438427732173206140992389582850262658820448953914620959947524322988553640609586592361791636561011342413972491227273401308635391112210359774374214703936969109990813910062221738456625472495142507886818185185451593952350850313304477583948942160021483686448970610695577874104053152557823569797932291719091060215934950763126696790527403939479819552671011510531636852741549270649827464
-5357752674899853858163479337035653698055289970036454431970696695346510164228080966423180760559456673137247169562837725550935747063833683777661569317986543690427147684584992145774457895075276859590273638551100350078217355324313301352086380239918824207893960561496617327303268998939102673391920522708347495184350989701454057592628176216219349653878201155025674522827395516522776688838079713730207838494067347117226106409528803300545156522766750443132030938147517484822359302568005072312725154047191262816654520176470381951592
-23969034606936709988140728162985193351170770542308563755828713031147331254757935322842626498796940688589210685970971336532919905595934938380287281573434547640550513061542323769987109613499223849308614783342303183141566779277300426317584138542420186082719689054298123257415925005279661665657364640442784578188029644571520666975566267150028994613046444073358585366276763660046508223340675573356784806943321389870081476451724387328412425864471552196359939346408048584974167684156063498208307391809835912526186632334599279376520
-99584048172985819625537493592029819534018234362109676614701533720382942827414378050238420103865914636787204433955824486179312555711350021789062847786790547511835220131155532639330397911360346613574756994411369530973303925749408163269515145119284075529617390450524307406211792775825568082271063657233904185779071680479098044335081324983024434540586835954549595618134805755427122517912678997466481501849441077815604429795983285508936036339850356946398095228933490130419546213433065124134799475129799450140032812397114418476848
-386492326636894184358114857801246128400520204586753538933190710107257952951853649756832381334719758754559841362747321490573829846564957001173412799428740450118177406218279948707991230000691379873849173899362436736830847679866342782869330793893070313817652302551880256545723147525302807298927967857895153781258915499478746602612681283221131477707246770263493922389309982665096106704040771658183975352600730026111273350251649706434076322932739902066334256618431711950315770832590458985313061554711765857988522947837770471582696
-1408282191615787260153268668220145771681623626562275208316277750113135872662623807672456509059942173379691103424425742563261000385632862575990608203906613222475076050730418067409048283037709678100980175662804414788197151772951867309392143688410946209628658318941129061419880530386251710325203918008908653552882320122259362532072223134647660317429929195024143813669349497932201930553289617811111812953806428624763663300573000151691049297720295752658331205998181535613787131215183178097655659026021335669761874706899862133421640
-4838785090306570113707941069939028541557680062302151823227265603851051727043349125786737620492485466765633710140297998695188634256139787392656835968308941308361146194127491395968719967377633703056637190276849979073287427635882552331966252468942273422662744500864073614852801303940726584547331185680611054520147568677289421534388045845777372256548425453071307551750270487747315894373129939870448050297363530539220809724908718039979585765255168654753158583086675356351364513854923124557493909400731083305726025326900295396309688
-15737922348973755608980283622569925014578543901123505353958655378049492531197284753996814537191082012723164442506581422600637433245706880124330262043208505299598899134404531767711277528437701803957066310629690495687364415897870765335341105548992454236828410466891882236291200223845442523919618324662843915121535128464436728576284679118491199251301567868730238096694464115563021666736899738746677727975977311007988725083264024266402804040611027687055005998990425009029601825046906413445897923560186771017682265811132763688239440
-48617895314173342926456876286409536611518120403025973320081262381196369887849292502116778441444062959537561751812589630982280526938547217112678980402328746855646708914591622635529934284492596859835916945650290825585738202575691064273691681353295287006012278298058726967790771876071954364307830172429909101939626298918736445326283114714728747777366236175343715135275633084787424102874753042589855771470330215197673632506125606905335018728233371145801434096661292253592193380006598477914696663289468935353430413231815038305855672
-143084989652426301174435201952818743554185186308681989602342557790180625614182042739716677503724966408757693408059642783391478629522210690724139940051670108153749891110231521251063806110950772075120715853911485616963926218952569667597660293261654803920743413039750685311801058638888961327461776021060537699346198268460226041403347651328453028162702850613877483137156527224359788329453113187217830385558095833739494023184059739944212349940136667133351742478330278985041437607713656535019730609855192692960463207261098126673272592
-402268357838017643955943299751327438040365753782867038897061393764087762409907081746584844444244187769268152773428740146066227731079622071506385050676902925373042442017948943268322254133417582888461087428875565331666477079128382147256750868783172697434873852269839591360359771252376619288543870438986250030671999932262621436906222290351836172749381373014343312233919431810347886346379841536607176960226868599910996113048802221520112286687652023565586757153859835654498612473138533561776704739185526129244776323912099600573371160
-1082977961355114664730299047624835487701645290496888323047377639314609090063871681416292650228615278711714330172504762069721669640677903245967050009717450658721850199137449370746532901848923098033248948306355513023025370619812718608869445257739889737917955740826224010541102065373939803594046246089395453805232039828565902545111936969045064978035838456105247513442825558382955432160376597816070126674217407795267513337084939375578309369886753985874334859838695873959510540122093155289704454249850388218403422042405053818204828760
-2798099409871174343976960480775503142998257258672002453895111598259456908169561670268676148427813426097012869997460624901334615301803885357910959225115698411780540394505843867799609355456134441878070765371110580979660583558793031507304603515227617716247688229988831265597774297089829173016825488734718377989485853417747828636556998886189209459297207820834109723165127158540086421140305057581928617236765821950938738398250679068062734097177322379841144237401044406835932356669901479829290303636991248144541916921555077968114129056
-6952123360779615118282370725401373699837314135183074002395569804628265457766489607424546246826259758940319995158061282552843873204259232785934377048768206296394436115770176722294710867971992109005333565781126592029457206409844380271159156638931466950630255920421057263301764390150897533975872800714141852856754483680061391920081085240245653916591165892343200011100352197611599532131145826922322610757073492342017929201888592613316606039656821842455834143541194070746241447941903033344593517479293906094379724965325498357903890072
-16640946119101155075262036472989124477790623087996985556214638044185674689804700204658854774651914856261583766410696536130433975893261244030093636177534714774633135771722316309535876764222555384606633157034965573144475136512052684961639960071319219589246617044612206440732610784428694505781777846017930693649090119061846439595457359313869881486544380856881165632438181435642998577769908107174891001772588115034608592773413353590105505941258766960557527266963062884503549633226430721909939629052991967072338957966322568747321066936
-38439159850481570203142104303395862372688644149630627615542520787879486099361733864893014365834517863962660050273409889341650510755477523235379093026334217374814158505006781886220836088117153447106303799116821953595630814325814354864526536518428707204722253214513418480455628222331453983030761322872051190953140809681081715812763998978531433387440666376110262734462786780691131084120627628650187569411021666041297774269447297128924093385926055085864442259763820699587760549935108051193598229201559346735489180197607500491686375944
-85817483184323931853619730741885910679701673591413911265276173569830390882401494711479990259496388110490439160587887303983508660832224001872494470597154011603960612369830538580876741035594746154040416496573717645398585041942369225920249663514119512033349691365069999630714929244109954684603682365624703526653179310269910469483750654836115115426129772342949302820295359553715348136022334940965752904980959593950228750467037413710250368468267259626199017817384530838926507228730659476940326337810222391726144538181288344411636773528
-185439654361711963451142740946636521759784825709127531596220246411919493979823757081546120557109036662454446232081966567247496039497780809510606269621727819562816803737863163491383617837836717069434673468291594857186136596306431506895902307325397516797767882976833200827596860584459470905877878333333255403439757538830067946448380579913542577751589993601940145583776189573537136027414719005277006338920569204356007458651586673906383390354832307006787737539475851672706819796916228214704860485806831968048043887644166981946737853616
-388353547836848198189426257004239738479141929707451007333460503777770707055536693429308126589355605283278548404372046745855425443131176498582354777780893013095399126659536558700770339128608283385651769219254220707566128007875981262055702293896257485821658870886161881477081596766261490349761394568121259347500012792954286717860775504993784364353840129799717915677879186309076595462852662357439544243967767628247350091551904773653878077676979967270340406538713314835902629223978816853701394192725324658306623693558902444843285454256
-789189879343626797028617470089360270025522110401389149817556472543960117351517303363735212276770560026573559274257733059746715925544436972622795678104523472391353854178971147473584201738087089743609210474507735995618833930254966631217022506656210756514336490987339747063741879441256072906977598487704322372611508580149456023910946679112767399271490252593844567282894403986968653797687268292566659939382085191729276777397059768519549767541550864519377961729894490486016591676898960311778538204417630319586729815481740455010350946912
-1557973644504864168480291883349717951773031180838268500421127033070492434961385668916239573725326875491595019467925874824723179575510132843974536308748379710313108010169575532314780223558787267614895932447115443797604547374764784381041053110023685911541866265199033508727661706346434847398121626200926967538645753403138716336649789039584387353980965077219250404492461879820275839013835969401178206995922408061928660072368164173153520136789539925889138457004884318641478582923834480700614231534925511215743662056014838334636227192240
-2991056614293934231643067954696751650807212292219991920751661227697931614042849651691851639701628721959352439960011210077728915637455614479193401787561409040895565056838582179081472237519034881252365675600535487211716116080048044686867480738845214199503588320268020334700267022889922665569670454402642036157798528195167182381691320368466389857252043415256755235801401398878089266890385780673940797104085550052527587708689970577213800092218622600275529034676868744127706493374631683684027192595856777209077088381139266582648546898608
-5589932981709256176119532391256753418801670556591990942876039651139572336916632758512012950776294141683446575865664738537933214489116998779478231976361849829942685991010623838262821229265846966602995780539579233827001456237367699515701007463930456173619297931196257007035908213722822778659477437871623387372617077994034009538833536942673187577499526613122445976143589124849915211772857066252607972236717389091897735965136931203336348520577976833029437499950260902280517597963948594779878943676637038242840955307669896876150811631984
-10179121263906543433202357900231145029201992059709796548479075850940935904502689722919147541205964347026335308070429909889011341407130271193472195493818442085491033435933299311030545419393463079459268823366489204920419720024333584581455569051620389874300974921564788763307890100112480766343135883505959805755090584054314423377964652153595480856338258330742766709373533100248417278667540204587526266611423295428726406282531584465265628245045619014871674966540565167736008120127176687722318136375449899058714969508057653490318496301312
-18076535935573995310704288580823668317629125994674540030228849338589318398833688309662885803747310068712726561125817575200731778067080767359871399654389958607872867214387673270611206995081728983866803270594663079449510591185153448702233948920731381764931119984220547298036077227455474290353815514069295185293948461064562390186595782459956176927271854121734747829546346464364663779431169480051229049827183330152489372529584833096852822027261253935729941385182017289424709792701409663028364082234332928027967348603263030490080004918600
-31331291509932387115609522516226935523609654482212848284306094236525519082415274851841268219658458332265774014142588107986693832845973275096583748917874199299232654069908224299703732515314491238579222188968638486150750787859677359451604855021620891366665750277211241111336945491335723028692226323045467601793327835422462782727547687227048446285455378628850643091649201783680577539575378577378383852674962730703275586490943512724675466880893678796853787943289770902666053625532833819777260788373700320612061880316494283346901895798488
-53043948332810408512009697514031574460405884386054475453841083067893169416413290064275816460221820948985823753256081432753030993564293717970617390013652346681851363400756558643592082374212071916628618060374160173804435884943605020480910911806105386654565668534208853275391449142422157644758422795408998514330013203929119399800699886124365558802267492536231223991066947718587495252670294214289105107104547787601890913689092961201938640959815378891925540194446788808273740726001765440472360545135902924795325152626300002374659375047384
-87781948192727145529339117738702995892001040252050185615726141904836206186347576535610792468008258978698893133375741106985533692876537518028610881971963593546151852043486206822644003014187924242618273133053831263189042027342191993803331364836634458720871266631864889694442315128256626915692743169477832480956595328221751546494043786052608026453266111326747696445922656485818757535819054105014511544117827288154818006392203724074651030599868351962631311230821634903882999715755867909133261995151992963410251711423955895732645215464664
-142097486872134843004593990716659989446704057412041739097957040069060771749800156125413364381825262838856230167935044596320958756204767410795589276438898032615038400602848205303402940314211807932889602538242474007432372838455935673293631638286423790187940132852442952969177546922764177837417280319500329558293198837657783005278238515285449634538428791799951252900070045108657861912433365595547884906571553820795482352357130110754317011255162712180205156144186202498034558501348201907728606680939502663649045150375439500849762404763768
-225145549536939808819164098191913073517303443420325386682902267122251361628409791462971359564109192202323390160454439384090822478062233906091772876409960739023763854109573856813779949174494460297116571217712526971943126434828050349857364277989633822123052846083742286857911532022538091650829592315796809776728630368972653444784476338691632757871172207421106323279913463835745609947167148547168170557687492887938243104171270442881735371657116766823335311408245465856613357804964703546701084340502210713935520293280454147730499826308024
-349385865093399303517535606557264938875714087659585474676702341378787099533397512733612945532892481006307178327473974878124645367460098793619299905645134052886587353189167061994311958275290462803923619058991451837514483063627065106126531002290949805499430871083951733739030828790723029555434385289274061522510730607865745704718525673741534924473369271544018465840364870436525117913958639618740789336600583625311004793305067677224940422142367198425215578544377178092180586857986794419785123919799759248567704562265717910865786048145384
-531334285185083777562321807187584886737348910965163734754329466563711108463543769549953586684943308156556220537040582292049093500675281637062637174139427591236214997786490680229351951045079292271855863216558546122820382808113898825533478804591072385320154224507321687505238141737331429638918864000863735894280154976772009315597611215815991062620445294700825468760838400848017822051937460371919867429688963295317024683160133097164199635636274939812136346713810450836720988378237118296018995470740892290652721594252706190305993558297848
-792307548396247159042538783107330308443204048240076904175584710730581353731953471007424493535013248813505041836502870655309054116225745159037611099158823315885753207480262325364440486474194235466215677047398820214860134531989519551822495064569529272022824885597598583469711799918280393838236990270007207240301265726473684038327061076753041577549468176360241235954417176491598367883802301574091006771246163941284815682596209356822002573447556051879845382894669774622644107503438259910512118121555043041381089375996860020839770609992488
-1159082497149069741398566010764212985699381220292202335801283728850152469511065253594174691755317881564026657745629549846742429369531640992599783745407639380734956239627025566226180405945804915191344580367867926774453962075874567536554081498131799544167165973868341266202332787152803825656063526717864538054922730159971752606951634646239819150991543829612345286470348897677451750046398780568521948069653666507924452684929998996431075946292676305046620326476422339794522077916866754718833845048966918710116983094537869823990397249614656
-1664369484186264814215587443217586613651061122623671316852807641221019803560819321494671597921755888879179590022438986534785273168661457184601960729161055911355310753826438240917091920186209897212105554969908414686085389987749417768278288085205146127872802309795123363962040545821756820124135432075801221709816789621487887660079183343906607271105988608371989135198886518400685374168883234861727672064128050233700746068050924136246534362940569436272265956766652573730069453687442374796230154947572190609203118001689648718062838986857504
-2346983627577216505017949997814911855950420179596292731029520311523575818201894584273520008708490595996561757543935037294000929602789684520635258777658423705631281733282486146536169340697472595946938339967054642216761486060363173811333458260370355301559970206992622574335751114195571455682691075671208176757167609444684062132361857048505510192733822529265298699288822299176038878331832217222487393667586913011286061299240203772238353066759750410795938358691856368282824554953917287002734589946676624724756458825585484039542669527301600
-3251590825428240388214064052177781989819083398221561508515120252602929594755638927655693498103102766958344510840442809964200064654953274147570682842645900485623710519886137435204150332882485474571453836292994728621911911796587148826971917104304207375482482463095293172382315841748279411315555626945087886973165217087700269236191237522286825840232832287539397120353824291336958953474688519668355066389704413865137991473094926179025964912657121656474550761585164331941950525183209407086432398130828164058710822914403855373149464214397832
-4427911906704449081625861810760713677916971263964539933982128215263114059359823602345480349063847913122272770428576684151711196434013282964898275761858788116515031117501387954358899175473129100213104250571450617293350224322578849384113065768509767845273219185993639015261764548339998304872280030224030663518778293815252315728973714110517403193951151519114603089101260077422762442660190612833114205531852241872276392405940116597257794630205606000662566586554603607922972133684187401420115731076339288216743951447529628460611727769749744
-5929290952738545578608864213345833768571684985150214509473323196610488554657581534439622778650695165317014408500500196748384714625123121898930108188715529850619185156375536393007969355283567964252816103595339116656462667202806521178318107914470191892190456409973371179550378674359894869462354822946039037654443994294280384034842243643540077665272825743243042761831073458719131327481996629680310638139597347943535027142170979727703442287147046218642150795140149632712800432008356812743904518034520381810630495654946455182194615262465008
-7810574024411721104237763902508668093793599135431010517745891889167241532627854121145371449599839976091596654758743391973618091550749750887442012232078573981986706970871990511707524771445704915331154054679716485817411570527218262999415732670212041921875995877299571644438671809714655138674913038319805257834047237964108054495014046538978793110916480219835857558382532593625491887466829658567181678085813830201831944313145371021007646979023377482401533125896060716196373162594440462021817383201167872279040852767519479397497443540258072
-10125301378109108315127908069551845909995406935320673005498611447277225763317862017547810114368763389134126986308884892105899412969569997135415907110241303371594331220644690438301328362288370991475052737465835463287197143185433928180739720998106793260158115647514794786157852930586189412879288446231296463707790149713341519262141817598219865761066926107553965303277911041797964421594503096148867911906527576482582478661577736551940392074625441692841379494798315479708000706026179884741569938358643500860668068306798593071725805216921296
-12922286251837009635379405466849643676365097819226886457823414450860264109761204250123848871623422098058902997879864233720768581119616485957484721297315480084760495182871781280060326486510899376935859316913398471233263862180898663437980320240293348723250804420637766805857794996956196597753684172268716027915239265794445452380661097173923097466229080427108302541183282046231050039655917860885676246190156762023987865269999279441250815040239836563146162467482637391705994665408604446901904860004179616614254327140353322709223594910762608
-16241730361345829001665373098352974275929290612649330607981736938014880492572564346027723817617201984344261900634614202260199049932166757160888970686984539904895770896118850027567848943057943596812991205511770082877400262649577586572725716665909850473209339122913777132265911109964604609389971070781244571423328675055475810771335427903601974109093257447367552994257259491498620052791334444637414891754634925361328291356697343136637654246322240742193234281032849125591588518638015350722552641409517545220867894626153866342286071714588768
-20111102126513196166977175399048488393444072471005462587454646139782312851044143373933679620222826476486056369826853383812404222405447556946151733449765859949423745128989877586145725700630753033632521826518458716470147276054815117893994766976169676856265901615742665404541298223760459441844271340493660714700840599902303346984976706525010175307320621966208816513747797327752034633876984954713354776112332222059882181543311015022115363540967662810023294864355338730243119346606892655356021239441526053513367556212676172032775259006664368
-24541068833340909059692881844931424953475811961119028523350593141706745950415833659537076147099347970876032334364684630010634402435005191040209609921353906314525693860521988978874204317807510551956525014273548580302381378834484371667823073538123900703758317703868362776558576363249092680360409292081197702985059573091088247870374421668637582710659918575623548449824069326843141686456439927595229387972599280622852646905049668682711350214436732660043046104300259321224365579749109482998572394841565802056127216166706896809377354168996656
-29521818834909529210732406806574730247423645028035925192778206191852002409713876307883106485793973351347774661099282347036095674206707243138260001066611279460368863245197941793799857717528912984679344568001078735085817945215683182080822572737210011108147607324795639439066128960857232365334974693606886824668173634786202076801740412087398098463873764844669225479854166918792557299692517016665119826335516980362552875696651415785625212731545090732508943020425569684976712881787606777968903570831272141068701055978541178437986298163970856
-35020126216485208746073790645596275574457921562831233254817805870108739875079278856730501616456705743626460694071187142435187096412688282059849291590089317360300778354090333496217756922529856926865597947884926465159875847514340738727922569964194649335914511524573370919709355345051990224034113811382409382955999772237579360844808738733411532876425730042599461710873326778673410009987572077121459099524070827102784396594141217906767190500739660569221266364011966977269017127666947876069359894402442803686066070924719535156551428868265304
-40977492447797033196701079869775710435570387598907621720213400099367984793841657349593715463644095506600256529774805388409427755229531674648635021591614671840992177952056387086968076403269668496437282326030152523110013209629192255170580138493777286730366043568582203783794977373041516399875428718447067104900394010498911049667838162094437185850106595782015365408307307572703514332241539455333909744589104366866680140920196742660487345977404973624263705217136013581230804803936175929001067023435753549060465911542983707646851493677917400
-47309645487019442646198326719602607324066431499337864377870899319517570246540347849067045159008740468395770479802560810059550270327419423272864490734896547981379042526457420906041421344443422746024106755908992386743949706285981768361718506958249855976462885836908201913692446402335063914296968367680767427186497378645352035091492020818682122715874099631146015580754110707114784619923482679322348071557735560709561583805260675345760130818661237247532817473937296105990699384430972284138713553802606234818133015122276428544463548968540848
-53907588982966749765107488020601860921121556033138199114379827453229896781064551325364039431463571993546905048115753276208628587091935071215519926486784726243180487789333925872159376333623595865925291995884117082984662207124364262085246886734443883944043097911423079329986675037343822380118226976721603970895337798030814871993521477609777023360772001682772614263376731884958102761414996592884020459670284335515297067303867289144602876066537090615587070398782550683313481184658544593072910802309625965916877476820940598757200329454886120
-60640279391539704367243220533167926101325097609144003389491487124708872304537294435558107217913873607507096849161003645166214442571931891396970445026755579737205223335492845919270880488986135685682907349612880251104752666472178609020789633735765354733699223833755312991813448081763711920538037608955269320203941143536633373962388152328871278512355510957463855019684104487053736253242161835488566973195355642734812607233505379993637248692372888197924832194491108054239668832994108294229401646787313547446837568425526202174589979535081136
-67358877468182756763668464404552921497159304260253536196138212242829543403012204091078068754584418051527390095144040468811263282379073839307877182160743575294611664548665957491549800634088416517385210873070937201945357848265209531774932399612675581335327257405592741805680022441224332737767617640202875024769965333614404846769930227445740725358592582151269960751749186458727993156304444581453023511390749894601275504211689356722259404490094046843560207087919177706804508831606988130769426023063259196552914028917166221601116893396555416
-73902385776697676551694817846850508660695320010828513699292149734798402765474883867383053998131413035925233275993734755143060479548823210788777539733351946088955436034157367386391771353474548674628284288840459861101617218379553941235706326648088246276584416532695140023968042004360316666053364284444464451403814612409554185805694196439122112472055073326382001876785955515697124451004221141816076606876314013715062450880962393255784621347955798270560777678194805139932314657118224286104921110622033587676680500850816229530318144074303200
-80104359612900170329326470101036339412327607878364166326156865448792470364121459559892939696742886733830427890856268144375330517312432424884959859631990801107646379832562430382374459224203472439154755246788156317309587327977945645122598264001176702595072991768744640640901935591756907570014045534543654391766273524821317980511323854436520741620896507556261544952982665835741461852835755401949592087106510609350070594934895911283643536461960779139481318097170490592732379492483311182656951945460437674611569618641788904884641870169441808
-85800278361556395790590579298099516921836883687470020069745040616976673621515920301797589092524106085448817412536994182758159480361112604841452989600467519413980086395790435838479798405596732588722951625193980398671347608887362119907309184834756157851676700729150918718368989454087177221675152530605225233760365164192743226972174682760729297342766748921613902247908770256476591480413349757458498295500148451801898282722858072265033301530641402985277975906491969443397195379265885717750834949923074415639089487345507134745374313443293032
-90835098631395499807801042072497295848705077431560555216650394588395512199613607800548727355017176854606378485046437319928275907697435786793959477411457276827608245012662380746796419505467033138397343211208730861930675861656929435781615260023026092369808596225806141966003814096313786939701434578012659428621196633427137961731090940927688986065220965455526493401944956224439844506424713547113221609624204404551806972371720042076965452549420147565136351671807690177226154836464863258541049143631686914100432714382513871532774982730242200
-95070486604107494367780433912467528910319764985392087598954673090171154824842760018766710978917375101007719405699863076906541369368753794380569107748894473815415510144127619405832926582720143019420942404652324453190185027964736455400894849267674952678639365721636811764131306031269121480655791501696270110555694899571173763956472087171557459003237568518187204834138846591170835623397442817909737864627627224773249551287938184433830466337329074431645456532079289503768049943710217305730556738111547950755162231732671031308519935306794872
-98391247326455489485636203414803752288459677279299470134507157788379109971543481723937773229066999263673106831923155960781964522158810190869517835879686634510476139905642655842768396423050400203840975527312342181604582426279796632359571509824610136045681413018397134777084631301011563181192621275749017161316956409263293180037511676523786276550032790628095105528476330801864207213156148245765692265269185006463564867143786917132707200204791217825423690861477752436237908223845425436419805431433978819451063086067110727999854785128897080
-100710530771284761277623678950525774596003794859287884791655022453223662429975629136752285088718550131438610258279171015037544631197651553063762960912157118926251620839642974051193571861580880071008201980070230950927048448967433334801212021964849043542777749633987161216398543303797479544094174463435443805371214301612212466954662779213813597041400660099653028593653037276598434664839596779427988699529087890207490723421333628005683323250075710016086772295689328842437505299926569082551489737131362074271244982757761103404011324418089464
-101973491572123044140881307778094434369274802449721868006408848167200143579879432131404832701354666906612344348765726506687306351926197886771915652645048290319247606110428542341414784477246161826114390617848810500131150609784242262770129373795310488000274860895376331034749369435800501834214082880664706500727265819557013278806416566734898671728017361993591945182173585033429754079758432717862649122163969939058567870036119256982130147973660466647813015589973225450603910675395727184393590454230153500835482829090185947769278666435307040
-102159201111046355101682741924056221597488152068855114028114359249505567082068576864149684294972546220407293655980760499274885347123602900889972350963923906252704371728896292988908252384995705033403530116774434547465190833842566648172167399879330467924623081852099510993788036904789134650477573067845586647084836382032163399621587065476678346783318587456537469284300088653750163619821824349797337278117166934203709027589297560966479731627526338536904461637242677604133635800024811153214295538928647716426465185643479728674431103696324248
-101280744701658483192203138386976536661230479656244153965547140163171401847358267229160834162420218348595997884510887958900724983270744541929175545932640478774914535114180794193435871806579332034923470736661795731945921880463145051485649926118224385452396003874728401806772217102587668434146311884564349989362901722505620815538597792688296686617910651386355672109222123697274152644508898159936360453512135504116611308661209640394065421604853841533621859805158011445110072546577742961191048126472334323188752322667012204073488135568547328
-99383569950152914648687759009674466205599338616455503012780836808503072158600291746878581287566728047141956076463439940557976703870800994162435093793339664841512859822639453302961732245313640520189967684991072107620395284790919585988678639222503492233180508617259765920688421827503769772635246309667286231784515464187483585142720043318023990013039149793280356283456117869029601772008974605458205518091257733836166850804497373377855683900197810459549614503549140500619901312532126357970596563255705010280027088326716235988653948193282288
-96542272880136428907369542293122673984213862516506620962256954794705380245431320031809508953488875560939407297145738697301708379945962513131001819095021864613117988748932356730331392396317089191620920816601410171943864459613427221565820754967510263303512015906118211860032220870427444332507834279195573672377022340939729337321167010115266350435308666777189065105858812479956260945456759288714821865626231662995978174839443034769247137390045697311630014472690951808668116194348231131525465217261375925618729385940841462253506243122444336
-92856106110790847338937261107914088202819517525933711560983696004437527003481438239723610679789433395230595860510187660366698534814164132203832816249535467334415604879074432522454809939107552224385866359713059511468760909826710535894102052232191092641942966936034965141960325776241536407590192815390028606123576543264740286242743936866217482783939987657438461429193375258770047422062031663087583238812403150185223935897238985500535942683584493285415731428617153106328115920831216242562292270215119178907531432920866927113482847618955808
-88443561379273484891290590751473896187941769724127947925186129730925459584415557194378449612977366535318259242108010996554131866696813259064296261322886664045933216169622510585955518884695676043885227837390192608025738988876046394469065002251568724884354154974149067411125625425554763755080110694061306346693793135409651286077000604988587082216772446072141540582691620921652980906904991875867196920824979240890020028806804761738302593043540249614333069953245698448618470426606771510283237284539031162423263452467850649597126236150601920
-83436413605620718607095359653452028855233974726668671999576096665392835758378776738996021696989364947329441708339412855493455025878515131348006454426923941553498324716674701860731875056330628358747531064250497386625673443273397215294707926813887906440286998512738528174508149694495612470037201071982601495421364193985500578220084968009441568062353585299554228325298375412268531200969927843343922425529268481039473201840777325295759042737461412498374754842575127252858615679289600458268207876609816791799210888904943963260972983354265040
-77973615635419323945605163126952607932416675757838584220831765504669823095236875202444044672579975064885832858621790208924612050583044691997667236959952205895439354600088138222655904216793303810071740160937128344824701013750395638365593600056771737433321574777958097734738923707372765267202106013616984661355927734071395177765560922526733616870576663645560222984881537859962401565600354616166135827083938116937687722669851484249509454858987781075714661891414049793619320424390052506777782675026914773686637954483576820021906794951433472
-72195405002428986578467161391539860026365127685871092869882960952467811708150057624427516854447851774910684476572811434648262838908889711265523382072886957743886785934777896525324409718149325339859543224042054138784345066413725009552459529068801093657134255951908454610186377119707461484182447905923289604095859134841861894125829023942831330236552918200086698602194022095006156957367776139113432721720114329456512752032759543643641105191059010302333433694680232756418609815307492399510736693300313670107263902796023162695425712572465528
-66237932186185174739065647869440009985624355715207248093153926138877800584820940223855296205470512294540761252430003101934755097984711822139872940317130021187894104809027633069065103775347156951985186407809973615732142993605606892759420038596908458370549207032729732617659033679346599078378919377946058045088359464843329661327199357685158404873218783834395963506168542434149480405045219352257468592229727118262694054302870964015592545911902603357581103493459446521388256721448375040995713497398932880906200812194902712367229571478644648
-60228651090779305140234301607043670442737705974311201746370185313780483157744275538946969455691445745761687121516357934948699782175809062352278994412792330511503951802503050506120527567998395638218290581313372850292878379986128545037410876428912091705473795287547040263781949311406045619102361843075789596551605766062792897502944656140220247307116430055213580911120205405787312891031656186243048549754652833780097473128115464652757566410436350553198940031976961270008238582411210228397222177971760962748128313087869127271714995804360184
-54282634641024434506447105240356885003926930638390837622996275004250142368787224113865493810941426780124505053979158158146974101391672709833184451814338784356718152040702854985613767105573679232891722840876449763507238871310489961122901536334875109648231936481657258144529910916120401889400372951150059797448606893008607532617541356347101948015940816614027969759985562798811246864096215776658147016556644430660678778447495304759838526623291902491991848496439607697108784309177382932508875312107373575381358264585006742119522943438596256
-48499899028820934907504886857033101347752479548699418233673851483859987214848782444098197113280744292188485822643736770095503858396716376164786159824563095730832491089353380854659793544978336328141593944695244136551858361135880755314771778368744507560595623816739347260553897915562137839172425675012535438430285842315795106458373432809982599252092483138927503003102568516654446214049196482218363120441940450929074815662439214604440285867029172847648665123973584188937017511228706509752112001635429057182568395638143892858702394039864328
-42963745836804356058035074734491086244652963316772704768157897587660064436907201661017993850897303296021202320505406386902859439435630498547440905642516603698423217493111018191125997036731765474762115334849839848722457532439076896316281935220897658477148985764818425485864150945363021720528159378751554641614047854543379752517753895171645763167329790658921975230008684769140433757037493194172785135891614262766428893966801453646904925245783357595471776721168354955581175417516475717635116595306706490769943000859686774025855788587493600
-37740067161264092914840570188691649924163362955353323538496537250663648614181177556689560678457411408063372063242389786374108145745066435074735561118253743256631701261973786201699714181520862210035646338712277908232469704392820318891586145152473618931128165405070483973716599578728147941932625617883060033211370500855125830439195008868760912961346516804439956311673367685636808721130691762716452332505553204711426511708436133068882046940802202840381732531568583048229551953757812010624632819303828682179562420279562017972866165187817424
-32877508387941990771795653044220772909509556868657838793980916495679385408151352190147558941859447154184134601199552612483466450030306189051904055469779700450830557374252680242845939308593037261693073050532454566895428967102912044652364830203338605726714463970502950362143161083333009927871593061236563424142778102197293695970374455285950090403049148911886236122662799620700093681600710855271698779361032550218023607429380907635285242501310643870132977028922585315592938510384438841488645379817370137935221261777782204606475084964449400
-28408348134035512443926903418051026478644423145653085761387441656841285377780087389054038557386726115400590217814359911825471554225644692413217923780622910020346877802121513055962225283039835132934122409934360062265777954424977972029409575997352648929015985758356881898931319258104507245830500796720855432075919393978884327417360979038611580066606549108000487246708333180731349126351697250381360821718410408772761172556959385360902272597057078471558808500338263702612518624027484692818786394281092892949599261791964692813553170952127000
-24349935151618842534301796435469127315268512601142187577048853622656207056882692489414979947322142124423098249407986134050865933591291406865334874258287484958085680640984414857194559835765509677321632267133544617277981664096067557334270531454702915112926576743483783693686993441705136362849692122221776187708601728213999675841876925268861794647479736054071628240963158057537021659984603174161024812510822149089257347736939633196100558618635698052321153901577042283204010587858164455757054586026815298421396420019367869432940395412379752
-20706516470233524258818022359667895531845610026642065349060432431919497962907367186506757228279865604455401317485868529760259427515746439515834619164882683000189889885529017963613776496431798904243544912152820064343489308499765905257720968392596046508084523323260919229215437310100371008529509303329408607183587240519599000999342150320122067487938608728142767124918458398661317579687113104270024253677986529892649433301327178860105192107908479769837628911592922387271709131735346032176504453003902529265499938369036270057057327974047568
-17471297561917847770764421775643640124063494378487587623885578006827063402652765931028429040643639256513675397611964661164579540208858054786519271551750266075809762217962629972349809921824919059949234915889862631486958477030264504436760454966941507953580741910267125323750421995748424335793628435510939626229059508621103785262744432724427378938122196684512292311009668359462580431188328893164331496571407457329527421774910788943871102250912315859819981172425874586813587734901938093159379802480034782127685984232506350057823611586249864
-14628591089769514614674257684949160745390199965635563932205106840582808151157206490957522986245514204513589172420502558777595547079057521547776085590445872854479017508742335773785105711737231138363667115029293782984655169640354167826254240933051247538446614116636406071402353022310192082946468527724263635270530414827501103763683715544835545551354892003674490162186543264217758868131872152533300267832173347723275628666165419307381791351641012417023867370421593546612170227702073209155604253342072609737050650019599378666544970286620712
-12155932888940625956687167105679245627870568649878052263119032407388632793500737742517315564167039675325863131934737307399075918510058598003461566058459833051143916616505265133383507119649412312826866186725728208531518330651220163486071901633379371817707203114617814543305961907512341123513190422106575824839272889228415149226623319497311912407504218955806369745356492453948600529810019532580918767589841204710650046766365115820476297380434285377537392808851862938410265450040365439414135223649790193809813045601631309012256342242580776
-10026069359040274949716847622245212813894619771989965516853741446214936548787263468426727717796841703538708025389959608806295650150472226135079200760811947353943471133675481244792821787085891537808684721096149397050134925649875375359992973247731308432933779808585027090263724359392034596223096895079139750291706826191385829747358444136067028322626606618104873181773903388121178303033230878729254620044107327855257116655141139774082430954218128946546541296074001097871959542538005589525655456433592636488886717545334445627127253810534144
-8208746877604921791661962538216468130284748545723962583506704466854045074491409725483761072686418648036415698991502951512647296489809528343717194947346163822060208111012824120472246054723297329051260991441955271333398238752064899612938313538703318278622197948364341498463944664971706613946895304819673868318114072744894344405771699670654530137555609769888658746686305210096802318254822732652573848718554976643497572222598584753912274598834773225914214286989463966888773785160583438360582352133473802852032328268228762067617339056585472
-6672259109498401670220667331702771344780391668053860748722835012535631200672554856099458609345543433898272535125935902145652853175323845418893198525014569834060879439063093204961609758861976455705575870964634900256428998839758974815030134129029057784612686553788463051758406238248302049580863517305494023689529788876722179621364233758697628832506519669980112187699936113090864964636632770635196313302518689577440643490959010905733992142362719213637175463719524394617748315809283889604356513240632664726671423361086853965170311615478512
-5384730667476359821840976322258001091524322982579026577985559904567223480913032996587043500896711060201822364550306825616062935656383218467319764264282821584786769864033561211402182779297839847444875069312514119239445052110491471213634870491121065270654559682369873258888576664115764994232206280912006049909745140385600308317839424157399552177485975359340964746354220684889278711455481964533665084613320758667937806600349600733799769100488552496636826031061460425899148567459844086103435932725694816397248970201274258307311521180461808
-4315134506106657296435074643408759175340311469725230342245328098802966082554892162266833065622159763864052619806875298339363744009411664836695237502302191644592823051134657190768977455651496583763057400080087019135548332142139477390628078295675839629954043112361453344981593659024155235881944306288379680222025580621192890730036034255113226393364239275365878627289684277929583802957460936554592520052297845264228801375814458973571175513183879610214342562151111556263880836372657465323100655389832765149587861458101098173657322911466008
-3434055239472885697876994600910217369752240223126171048873360049030785966081317652975366178171803074421054466729880289281554120776146386830411369676397647668547909733531817196987984904530384477530775000090268148738487820819637220734762892055437814394555470683098015726207070028298816457680831875182621041881834839477593105338271909874683026876963909178002594303140762967270681654677211249220181750151345189445389029543165981886887579558114727684243574077347670715021007709516523991145170547220602863730027709133579613548693580696355560
-2714221218879789326802408189393652493302685330652567627153721713508180039860178368286471243955969804830612349029098211831728003100636507560126286552951346109362687885791608393815997460705029161944237086164055756406519489370624799632282697484073070541302823387147449658529910310217070909856100643505503917710355709918953710313041839949870352737583735669400765960777790390680200129173357672113178081582269034656974118650357610830082715143935996502313722099354355945834950848826365718277557265701989676225418613372431765962183188446834200
-2130834968563483167319124954119466987974553975172073489491104692979833735470857881263834210104485186615830400736091995490637313004258781182954736728117323191358442166044633571836086331707344765269436578501667948142125598306174783020819752734705174520789471640092915216181982985956381933142748284828808908279174122299149329647014564936225677382047240185438581970457603398527006501969422520437180288798743565665914715817539337655051582618159697022416118034691792230394642668350761235467098720022474256088922193595804143255041406163376224
-1661734952736755073371319466879941195219341340618742055573015697952110974074778778213509054984988451488545289420385775664562669490743718310951063708658928885321147998560774486253656839702216664200872704486326419561429563064697488886702507760526470100641009200870256585473049579976858401233040595589519454825314439173128370944370573269984173265332313850181337328634830019495514043740400363842790752686033488045352131592330919313520671286657853847408182351676964649412508568132622394596170376803492154227701593934622749592643653645275192
-1287422256949680687078951691957047348934478171431211541421231191446351671590527096262068117935648166049045853046683932090035531455814766923660896834752473126203716010444778568982299878822375009765076314541752138634188648137845296333052628821920706128349432992407872610556067521533992624279278081368487497086305291824517105982211407166128364761073522535182618645336687344006227074592425375509690937133946234751612473285326470463146830186608153628070734859079428711500768410834113418838872095707405528887423821762656821569175397346935480
-990984273174025058624257934568497428160266299631936635960804535441714348915185330998619253672754655534086616877190620819031873509545577065675851596753322968050294865621555395291115990996920664357256960962977542829795012684779480719987195100846242715957228164228622506863120671836984398748670063370494252425248214775482264111646009255249132828158269771125879526123770436379302553794246232266317516238218459473327039225595177660016349803137619956638612140508149896320302198178861640513879887087198256008751040266701268654731036778424984
-757944521924010596928925233133501831683241244161004434715623144687738419657194691192775214661551979532379115823848020664013824746584489416752758648056232785780144292467920108512645488479095248758604094651805276085691958315843200616700003810510157939283875733611082011241177826723318484304404548043136611457767261420846195939396646463105452006928180493093945248220145323836517859559986352415520492976550062540430238335544635376610446438564086501831058150726176640375698976088587198013200680542172687387445613838756724087460210869516112
-576063900656725408011547154148634655232840441323311293399717291185388464907906656821007845403184839288736852974074176609174814832168408338991507737955975196105143968529779653541361110212780039864323616212479016247172314619317033426062005553709795474688392217995289696936132109569744255396880461612915464628726756119250235957247730000415162162188624725927230183952093509010949771107960598752164503394654476279638015873407904746691574861813972569442863909162681539407408385153957934888126945265356592411567002593496120537823505320036944
-435114397498110088606009638646810171630542811847339454190142115921978339531999968613924073510176937631137023195801363792312244369245192385847672266025381965735247855994157165915209980182207547174803202053944270714785315991242047899250850061626559738653707632233970814982077608299250598972919252255734885154548996164888936819014325814611364308270985361876532674469681240864518230617914178360625392903672355607820797745240411300429018283373198409922153494427171532287460586537491921030259761083845134020227367927595205575329419045841560
-326642030809404978349798695795289231819155001327211625545486401873517353724784616112031981457557541545437088145236300927634667247669058650650344539922581811438477037957989976119448438946617832093082573332491753632274683930563243462099681800308019928375319197807807778276473321164372269116868536380115894370934749535797945842615014265387424868043037237444151874741266263214353024768710178479792207775673088347282519139084374705143641487018503867310061177984650526958577902346122880403489609496700390696032984020783279717494318216828704
-243731742516747356367537470763858525328300101730708630000185327232065335864473918570211785688276844171324050299584991106297729431366958522298375943742413749952586250363669116967564971904297971921863512017997698959706733795762443466599827603639821817428458807962361149369487867856214531999979291118688297650621131822057387003077819858645586917265040983293900042713179570474635221573515030295531720749020762591204249224313091923613807663800624330068652512595867371221586796954800595667212852844269981849732012018527257226587303676337872
-180783366127516404474824683451131106440378437508166315458564595754509821810327926433995915252368923322121631031354909654112899426703789281522719967670215981957264437874044998165619342156514606365511901856969741480902243229164703707537777906348679003644005127574193362850464883963283378080074365617692574074642299726639213248939050070450487229231120291601129868440551039169641117577907441791657714650099083433995911121613762500961736032815173302077111952524400003549851451817782628232761974091976970681798258267007588116207719579842712
-133304708006581479058813623620932416822948715501832307565364040368653063855309267370173913277406279716637347648795310062729968479316575822466517333312144510803602700990827405488365135523116048400051796138683919881083970053088192653244537200914303594324547477315654868491418497370897472593292938278802916695100995339437492454320193555523557386273955029338298842344687011709086407268218355745922314691152824088735885238643605141346842918484850305279616284088717140588278055016082523880700444950330920673164638255149860937542497440100776
-97725257617909792273541264212101095329793988238012552945545192797698781036035064095890906225561235141982045102954155311115871762367175819448284477898276688407301364882937336733917657223199458746377161951011274794166806185382927153678140500327910581198157171132535059815360349476048223621226866669140530808894732318580738915441275068558328019161841168814096313212604835219394869805713982940132848740102349647025494464988545456111138585133369271399283427788061392274602439865971774997915712840893033241489153433663873556902240303178616
-71232066262873558158413272553469818656643535830481506049628870466173162786795264988851492911237348230246818737506277060419444927345612018140105983315321918975966426318889921361530965248287132385737312993266034078642945661738576009520494985802850275427081212220452594008853641994317709308801092611769066321949499122066284252437812353098625815113312459215052160023523406956529459457288196278714440885638842058687687920478112199695849583029052808101459594546727044556922468775956427576840469050693257153249252059192322137100380207306512
-51627859276723571739239228891762461737832467297095285790121444643381066047356262903716087834148666324167387819338778131794656914729258786024651214173399007662317161518619950293954158331998526503821143533415815998621682716895834953436483657868472703703426631725497503275643940063520652052808713265335852889461892798819763353167991750377185363226979944698661972355478151227577860107898097951234629657453034034028627662060587821089811415722613154917227610867295045540775379052912220603726291118899599512754874322397439461892108246114952
-37210409427135778534381130816892740201870783649566782686348220004005430890275324048801563938661690141876849490217395047152083948876440738164520829768787763704748773978474182181785709171534212570762486306311707390334521608777011064123893107305865035929704695839660337252753821307742866899286150404541486604683129345697225589802900761682977049184586021189838182752030073454623264726255955586221751351416563504824717727465162800850030979426917022304881433365690225906759884839264481607754400801169742214324761867148288289882258069696120
-26671526508309647133990253379545883659583682812018040205214997514034866223780041112583363157870385850406210502195066955369108206048622378501312448653429852775148143650966503778519991510620278834929307392280845058700281097101893732937363368126412760030960666046017214988712403301643042194656755738516849864867554064221281100459471609385937299595875466091176315111920027727762515604222506519388621327286338184529196449608527136950211432563815797586048646870004361486989166118134232768833361350837853426373239994494235605422700338382104
-19013636191691398985666063589263911714819739832555289123260187975177354543057283863898617618797044336752091758828595158520142542412160699886580857528284741179501149565559451694321887900653952978750907347315285482262839785014354997542322737270986067800340035375439325028549635083974642477260290100806825450475314861624479038675802532994718947250473416038478697666087352980816945256872920442488528589791698991135026507825813088533266570595682919220826572853546081444424293505217722273194345180380605439842916136379914310565968416098992
-13481761079289112192795884051855426444554788283725472930599118895893770798860902649386861243466486435949901950280683222068395927475207532699123425256182451860349741088182649997061644459064591894795453043050036133646332157274138123658993288456086643929004193784677295748188974280369873055662676865501729187585589375403021747138991685764853168879247622689175528788357502326603546311476527747369746257473658408882707124482060352930062434377793411295069798668301703935422471305475153372490163892726070382920038147283010585351175929771080
-9508717565109813639993151354316351054682782509503095805688390683996594951976844975074427374698993113527541850583834201632970634636796490047046788337722081804326870376106710506420591443691435485891563754344871057708362666073460787772067491432250385297268582484308329412296632038870514221145144634120930993550080620983722667180594441903158645178388748398922442596722708067133532850771283056154767637522449541203896892734878607961085874541063198448811199148721279078444374319267239343933885385627797491936349604528048264653881644277104
-6671452088867464742721627282930217877596822844991344460812879291775198014001920439436255204593102379844253439888246390454565291502132061924698796422691075782392120832633118472877326122624318492063422706922310630800386421954947338293086561279077789409441070148678129388933531219375771074107418469916454330738143254520146604911500359082577371813927434380788946731383038570318614898242795941584714179311227937784915909720360227790025348489451812308332563163555152976719292714678755483548924174317610946834117480030792067461428773495984
-4656618170466643890463846829192217275092769746664238637495047026522241663676073534034569179501236997585646128025758186931564134280688008193595905843666355769225049813744947707595768648418913536033857681825417091256177186936110772713257556075710295918335216352113533395626674449262180782270431271993106802272569102725040659864880532330355405327787965481360581516423141033714043701797817874695659034023058508396559613652447383499252475333522112941904823227799996759216462153138053948543914414824117806131353214530047939097649552539504
-3233709225506548726197701333047118529233212844296873877581639246641954082966729867438159057339444576995097612412109690064267702370271973051079983797472411829703459925260357909891284034257369720331683660615813664226560445437569096739455755436235814335114039077302012092823476163702426670302575198141337241677077562299403489605231721055889506823933209008893745961371716341070024945941805698938726387932382794606494247536759075545579059952848110679998777657531070307076688786998508925630788048953029396474791142866873250373689358776320
-2234288019276467809600714300154769648754248362145689682395774371967012858427061848979787204923938165916162524020467482356189239052009734039049708086075085174765852918386723576012162428261552542029166075878644407029554219147782182822840418670446481974269810214735046661281400470802959318165923009569106328768139867142766788658596778829499886217231366010246362992966097530908601954264203495998658108681311613034493235655080437954681338177574185241921031257066886201295664302551698877302988952454078117423592357546147079676950325402632
-1536075326599061872984875011290711748552396002800490079785193006692328202005148148704145763095803344388454672240500966486828222676177416595993554305557802753787959073668658148897915411767913478509512091237996626719334875713200824885594765547515605176390013646089804636382083836630948113364363295531093803735720413405797185528421028995516978903850197962940595863245495755295583705309984643088896753641785680924477692925001426945435602380257428599539722989567596444193047748268020907454882980535436795221274991585520325026004945858368
-1050867341083795397541317908003208208841884759060492452203072223070919294837216804254672017493802449653623624068288009001765324899958747942092552518438768952767476117146317642944381662216351912709415152087155603167774019333161746384686233129479864663056509401894805469894992012282702985274675606309418140731061210852755121384414002957672539313470454128900442976011450299726859580497365154313608603153164265530188257554966956919578378217562118836341586560377124214373029132175835225245839946501242149243661881952857730388686718461984
-715437534218131397983070930384674519947186855645625552005272937446063188316340909678863392422560856718491437312562322846393651290643158711509071206646471011774581947390796208739814927966509211936762359759289514679730469690799287131269666857327367860839903479257263015147362988443192327115578373995841401966818399574842049330126997285101737476352360875439524145631056467515147989649753978836825995308435919289418111868489303677694358361286851839297964878121346325539160363133719096069062895361219389817435320050986998752266387934472
-484741248718371667850931865110764152229335645008802528086291529100798810254274238787368817991285199674581327978296631780922135640096759729005514187998350754416562326911721432799403784758264941250894010555710137746718910561145899886661954275462390372914294572253679122593478684797750506443464157927263376308317277493148624636856910286424623322675813072921060023586951151210006666912386827112599737541783480765754479296732692310407659313324182106904668635507239975083033240607268320849562906640424802255056453271749073976775280635944
-326879909459860872852600342561586542698594626986940353824770924472387721320482172565019836678845890504211703048548799547961590117448627296447072024779617558271119011302836830074151992131148412479179028054710185447738851938481048516820443587370147580955982017233491477052492791295363119664239655069855999747993482028458860326727220069941677324218415185878349670893057506690747240960682658222723991532856630849486373018371115869059938248615605367353209303500573289113363774265391591534757338429418144184190899625884944771745065295496
-219397476456449146261137559550661605276125554442694414706156099921656328049285190532098792125416405147447878490997934618275223114287400728645551422892825076269672583512975023049846429528100707601403696244323800439666760585036134303272940026228433117221859280350159367964173340223544747535342724937815599712506984791661349107084264819725669433143014925126604078790530143550167531948676800450414334211069377744945722562557102027149605938855647060390221830987622155239890698702961987760918909218855300289007727834485820355155870705176
-146576693990811448528501765653674691763713451681536768274948534563002488788699967906522247925743533981113028360981842753779808595747980383304674211360280058285179772747875780789709413406455682748351670534804660152620012557050874953876861539638941274917244372205604031818460209537328473848432698184773907746251137504972250189915048256775480701410224329177552388997368079423654927955074289039139385490798134063417714682262581114165693290668780757006988056172660436970621507933538739374368540965962555851526512361534604468037682042512
-97479313920075615111527252035050695759356830719770253393274055031586266471166083351150963768735506565212039620972009989607809673552715675711573271102074449266761808651411071074946438853744995639609414482032037137032770624647064800992545303082653579532276064280499482738318226275702419562530402082806207263743082851670916634696315264328922922593659017943534222165546674440556541156679631894571601676700401130265752810609796964793424626006520974963019545368823237616496656190629923569764875608352594244115360780390254423590456262640
-64535431628587906851130134765869758172052699150973493938959813629391439675643729345810474997129668935043441680410213534036984798141584266069090327009095997745806047537622787847874430262910658650352891359305538198917887958870760037955327935098714245662899146682254539954307104004037472256865648395642092675404523829276297846346370625843911105191069664711708869932458657943289020351089677844052874904171501772014948847304923789978093995766420665034570526987870960491605150490161257660288245236224472615893872203057712107099239062696
-42534935093323679162758447283738980065945042252757821261683022864152941133680477461099302275194706683697791625553092626972429287889601675188594789951742819025079856825763961536448444810308553939236308257476515379369978859883605858100707218260666943971189132776766335340447457310955152722020255614917192326071843406211682773631111071553250093865177518492214205687834845931889515339219041100481409663838016032672247029406084757243723566796995039955798527253085298294560591583798818731045594402387137770589601308231632461343940146648
-27911189524689361231273466402039878835173811867316604083671835760513951323767908066619008570667143547269189240104046687012485140406230222113007203124925218219762246015174087922002619806756759624566977475456028677290397552034877348810885217961733138630555437538881824098933536697138590791911649382480326813008582046434947731747131041536837546711954644310710599695381069330052251845269189666752959777098505881415180838121526805136618413597660235790819110127211952370222248441957603385389321817734720136899448796649533650154363280232
-18235546593141110565049097361544256954549235626183315694326200302850216662626082033478671959146822828488625749125465962871555420949983365149279519050981239461685346216411012257301140351265287286415357297777846351058964269273118387359794676763846109825379615032960602293494308450694522798422767629664190227564559958231129867620508173964910344235030266975898774091245380270808696422078129628249289183303949704550299416412308559060908564268074527052285771107081814264371464811325382021350147477700302000638503850418071365189164292928
-11862865047702561021518138939277866415021538102046090776672505267697632493006604944619732476947487644084698264506232468485897415481400713904217561556222143111745486329828309558236018590976225097389505726892060118042038949231601441948358080395927732719339703174401939899751169413191624855799897178336396272158355616838588144022167573822848584240654223356056948038598995938157986283365319644881935419403046055055012811112589794913048409097769215661320856011602858795163312680441447401977334118352198602078368536803252081984583329800
-7684452081407160663129148712080242530162628533963031184784874262417237336103454869746945727171809807045522296412237193088941368108363819600104899600397985329612913373440937850169359396744721271081872382595637216445848905372461707796878644358710020020395226042878185832135316673829125991328709958662698395222886837743287373232218590545456751786445506839889152856656740030534259373949127191645077822369483168404515103009440480565245473537443277957508650356550379927520782394136437374829704919656819356226116902517840873680205233464
-4956904385815634804871443111054384550933729525261781919765655454850118346921437753866013556214340245397217451063094961719410586810922422131611183736972120581152703142561475604247969095576901824161493602636232316553779420495974119297677310424634789049005678419036864810148920748642891760752440283229235513917752789517340778535556942044041124556469484815781575896080054167911992076438573115295378390750191234000834215671838362942981771098396060888598028090488586831558351084743541458798321336136814568752270707399147861331043863304
-3184226598271240473823796887374208114797586467775393306223601708847342267083040421449775025691523725119871663459033191675181646890178824559854927338487224049877253972298433700416808631056306572860541690697866281466844384296441731127058763414145097821849864029740166845835202113718489865836706893906273386276238868445019453149368675115351275360210784165560977734054791922068604831934585579451587308864714602392672550645570840759482677528855099758034813123946911518999046399782305599532774796496677932808729550511179659429174676800
-2037109249216149586277478815229368247633712625792162683728738886833739380967764037738272896619821743013678887656614238647019190751173574031531521990903980491432901335740315161505489959995771835209514760220042566235776696984031493394194762663962508486564899714628917446680727536378574920300770854714084910491821549381433003001112178535988025576146398434314422494896975578583465910935197757292249555054175471465552640991330573241850344334895548508057605319128398113441736832968567488284711242460767205315358904295973660448965908104
-1297963340509319240232372888696382335141735012291617306109700659055208132396589649609802554121281267785699111170212703968969486889780740276318579694007412786711485957090859243860164365264508575900179067811427081475100691297339160051022815240182757197298264356416241846100010861235437436850549935429044854108393837416961635496328732752924991724319392759671134914944769465244177658780828453599606263678681740238348836393738515423798782770531304660428222787751268383952285700902673679671124362131073520560236858160593210561825263200
-823699471521834854505826172266092763627805263726712318423503521790888762768011223342035903181000974176050322257497359597434757447222177937105698151239153561499363984741546947264977939581967273726500180864356146121444992822513011635700273219550439965372886604165417131347977725019497097361022268537279105378743200929318264743909536391154528146694934187913839562254532525578949995190220092839564980503245322994753043998860087882810447116338771474269302756062247967363308345981455127213322317022640024359810232169251504406804529288
-520659260657982882783865567072234622743675994690703984603737391599891053145743509116168327544820519553372364694390267804199535883473803927999456908140486556985119992533331397143466799487890095778799712619167171636445075099684531726638402312346598210535012599762008620181759313390224708237900452751149447767281899875095168364074355505085178388102558414086384841492499052550308018281947212573999462751110823618534440832372097350154021828345773918741941777565660180457502979495523939229650691689292468236792245274384860750824024624
-327820981724381306364751757114952042877729763784546374380423979732320171703188319281527730408423524101245830306472180459856634885623275607419216972577771899120526837029863346177486651166543390304920237015021435730589777267872109325421974106447369286194200604298274269264857335386826260043006888460965193369147167157867367077970953406950815786315393643290768345845704432032495434458255633916336981713251985742184972616213314302107058119993437953321022153286801110149062169017629196264714269257147878755318344614401477342389187640
-205606967015632115295188725243425477409824880085650682979903664998623086644565271851983562181703266657774818493036511331397179526655864782524004451449900577871911394061028465014303323117109746506405990720743400281230989085443204337869787798421104856893095428213242441919366977785095448358880000424105401303931561649916016385392972202306874136315707616503762123407078715333965522549763727446751456710311306247197151488160929502024733575088339432237213026527979765605126161669596936570552445789516371055894594855812577930300708888
-128462431146201296622587783617005610789808131031576236625576247624364398141358028816254858441822428181129188710947570066145746802762525305888422267890637995289667497283088749202482721382446084189030945423797249649392174979512013137067554130536744773377750335052662893280752729225123261397331668805996639064336931575914963500336804326649039583747226308526691676453090549322404314416308737272096292877213493780693498777100495327308313920597490604414894327520029689709915665397285923690214412655482004292840247156213681182989065456
-79959613893294509286609044751482297963730356078003090266462100361221257807452358433032145000157016612741481628181022325300984613474033302987622339401434330764665326480605261332367528312918994431845510376797968867201918898159957716105544904894787982649126617204160222377288651269575648558171714725443551090941863685997193226744005160877658312505400523722335466409944107848347659815418742192789336537114824744676021603945643073132711394757873237163507029103017495139330915151276442832322934241531756769754167312948842543572385792
-49583846101891054486076427789925918070018644004769154798346777801470274691726676122577028267825159483064540603892282761071943900737587636858076270551879386438687293336025441851197656143395947304871668336144367735069417741712244894136860350837143612517791086876724671274113015022820647619095821013270553554903880105588794772688178490195340365494716647183895488574169915107203617478882098772961125831384290827132421001926999472025229447691760630046481587607844032207683496503154217365249886975119525632179153380830854345030123104
-30633961138529513565855433550171817893078090564038369645820893390076656545674542412727866452669440995399067593432240771433976731936740415416886862490508224898434172617780559558193087167066041716521934395655347644700219427373926595404806421385406203201180036775479648506305865313595489582728619743997854119511073127752267417531469425486417978792367367257294444407122800178030803847316835381735292376543252762015680457469526152536617205195413373175097641929433348648298761044407424865654957495185160329863343280848829145351695992
-18857221716912035343849499137434354657314845113851871605831959837502015276085231177192219072482094204543601653609472297183924540586490865588891681054819389791621599909690021815107979832927500026562813360820905165434450225152096182389590695172773661741064860741827460919077011942892388518613991472609194992750494841499845578472260237162590388079729744663796170428990708559687023044906831834445293794912890820272937308607991624766948685476990586738566624839692215072772080290088100694971068526828849291226430952949154430537845432
-11565962380220135276020526768443474509726965555477955545267378828027554778989791635093080569971774385704661363018959627852071185555795450332340676532109020757494811716804068023638197569541535976857722780244768486432422608985645072813871862077087862832768610445666542982073649991867230086034539691265711748369029069408779656993715918103783595088288781782361517612686960886156293745701036059159412343835602896507685439650455432308626091327876271381500830694515969790167980188477588031354920932041232052488759694957104312923487416
-7068593585360367849475524734156081995430433365128011646704455829072101871554966551296272278035648112529035156135642216947475205231884553133919934792692538353474815560677877943456927480144744939142746455521749400361450877990733827760280308466011719647562861001580891135860860682318478723800072400125196011197808835772909200218156217787938974875931878457892128209036755044747818975508325897996934525815677865665553048187090804889817059470314855023025872102934968977401592108962956967135877372937209696726417607015668680739027264
-4304758692020990813807891249629207502204454303241336714893792752667842045357485150585992229069698957351143439532181377689741366554173684212755989936875360580986870837966771107484773191653690993900490566577920785394834837577332047771864579304252141113319004110623376438878349773112814683672459157189997282993281523676450476064509622357283496914032834902430361338831152767015279959710655163553845854533358666947657374988962926794428268140093095515562104551957860597241605790314056616430910401846963762918721981497260514510110840
-2612439934532651562799101254477383507632568167848270032990218948175613976645502323739864274190649314860529681234637865843728990114425921845911311004165724479526842568596530679176198747135448095240261010083724797043568428170207974210701786470086111477284882749369557501042922091190732539915430229543093032260315353472549469000247230343383428604059415907470420142415196544958089130771753448546337456757732933471587680050456834855454622143307154291934947022820978461857449249327928307458523528557937674682690110405689550041259272
-1579946607949677034352954711037842824611039727833024352418157417771365823600242220430248690590853983497589297604980825274925213034248118614742208806064526779300141799542720077229480511061543112657439388985953910406389164985277453128370030609758420232555331032203354375963482019297280409418164840179654773409039247977511236961301243572055577366231529647215219284729832205776413032667756616947651417574987939877474947648750265539539304281796090491695619735387153886331920086211076027933943752295751887862320865965995091145818304
-952256070322055786704189668800666637554741685462021062701103164043150450375419159533479616455570465075430686722805939097560585362630129151768437448332925314566683063099364453617311697960782298352470934723215023913406554227012770984168933565776755458422217637009052804294542484348771530076790282563265323163645206458956180789720526226364144310393252267040812722202912568122019575187316812907115111040415120172390168030683656820118571681727031277943046572253279886521882838358938861640784581482533880098566675415541283618764840
-572000934207289452184463071461676156513732457500448176015089104994700133036834872872184117435758628572176415573489089318766180914638874170803038675707452345830821273513833161319641875783067196894725033338386870783377774308865034273955011598696633012052974524129767836551678569545545294971805686437641965801673831662825793882490423718846703549796781769766207971723673134221873043693227051723115286543550166711208246495584211196990634001711009552278480406777128885996209748608257623980088054012462517153239380607788380958453640
-342442411604825779724446551808731186624305678955065024864160766699593225797592783328249663569008800354251035910780334297733197987149348805755460909565587934719581376042309997961709912788113728863153965231176735562104570862500394160118940664095980192739048996100376830116280545059323048396135744916774593370876398617086265482346345125113498020662006266166477695692860674918448108142048837886470913529393390636381021276475240862087989300124252387657217708489949129290409425644313220380779497787019277582766581759482298150155272
-204334695663499462676197520279793328031004951716671335391638617493466161686513988946412037532968725891155273788435237232093725285862989516855132773221949272026038615626306305956815327647970159367495131304328770165988646318619442016252814052954770929106565639001138693513719856472830928925777627664688263636172615116127616205238566727561649957233214537925068727982692681149673056266271230661149486845032892462883846313751948687457704041702625042777432126075551221501844181917663597954725611513992216597535341995865472345428312
-121527945136752512064681458145190445877422315076812092231286080197349688805907363971293104476575030958088971682032968535903061349243027205906669371087268225685603669381646571696665800528124430886267751924837495045103061392989355590745259872801034263805010076599179348737761661654673034335165732127085655226227284935352848396728347835332987036891852550502764615678330689441056621510609965886819141551460162196684374501086899692532094050043066564271685527736585693402346935308414274030345421073247196875167961737036747358055512
-72045216686524836103660229696339439375338521979522372255424963840091463966155796214658174354351154351577359054636729936039818150106352547888854626432544293002517211128017725174522726416135516709515994968103557921567330472973236248388708693727195944045648355280068595467149696608189225878196132931314673066597626121592109109414288287220050345107643491885295556651598884016983084492487926462025167133464044666674781720208507576559699878011063724001916386446214306785574737397645029551123294223078156591259260624308194884446784
-42573991938369455160437121520779181533261139920933387661373627325740781446355991535568694147161143481954955433427283372611177793715348244949589910158389958495355371437884004755407524340177917562168276489946183512408151628196724518844698994239158754064822025700723759933038124492070423481074109597112298498513324701544031106150411155991345489330307857672799603838064151342284770120545299203413622481039090864987060539092460475056218298681324576476030302492705315123180488422610349033613173643257364388047188362158883288152768
-25078922280653119373698056422716945844081387814725233730779033343697099700077566820801959079075170520830946540232987030054718614077430865226689189277028117043966177244901280207336498555607517169470481007532645726976009206176436327830625777067955021279125498606697663037989134015376719702803854525481511376790220289377220642068032800718870109101845358511988807991968946079467026991652108419918221554793247217969972494716946107732385272427175266511371762725860037727492015166828693937029823701490507761007304398598165384962144
-14726972525347612952354845658266424160593811794819825367184241956380062933742324482830158848325888634395732400693412002242078817318618103183745325864106613467316961895442232338857736833530991330434953762714191407381074531058778621823837212910690211945880380324426454157093800073304650225853029374387520671340646672317886034032201059531074296612053721310297578362637409217380388258028646041985577234762437096820703859419599702607755454727965230127383823440504991261438338732613429009751872602490374808117941626749658090250000
-8621301272238268342372647383333303105692494187670376796175143840874801533783115896692061905371127897891257355523054308288207038537162883536495956733738707735248992881630920939448677018139946900608121855914045628521751521938675969782339340220555326046345119015706359713019204069271980584705042616469140317816374029067100332089355593286604419109846561897689369807733871076724630770332257550285703805456441212496547516191663207108721789829055804552737561498676476991543398687158455829698863843009528760202253647104415155091192
-5031544595601605156535343436244447536163213059616910401761244814591146145005560456361971234069113561850240710914495015835708729640527189851315539348877483172497544540018837047394542741295536020761510916292710850980857110009821265331121925375473712789904602436071749473493253392218874403668920535665447576922250960502023590690928693057093971071068283659586415625309853214276580036671626518546359015687530404106322262542576285337250556160048822617829313639534290727036881088925756698306458994114770348567145422906240910814016
-2927609908092533478633289562671635537817798250039652585626584741740179041739752658529505320077982138518946309382553932523652323021848693814270270398033538000181378132624832590123617450239283459812128194036300514594768079435546350463624890882522574203983061585473214742807715947075797423630465989305838398094648854556218335496766960242351561274423618964373380094186413919850826766037939679058902655598952005121751428974610586046952297200107522809845694616437859094862352636839482677930900121688394447836727429091073777058920
-1698331585931420162446443142714959576559360989529194080568493653248995297817591907441115310660140884380855625370466253171314566433359206280592727871931689615128912943229551565069618553970919598946319711775856322007277518815195671564632528146993963113441766884804593896323911939896713428445520313627827450270866155730648063065892681209220740696292749461711343170598521887746359197048234399977910316780497768374703957155603599028695443848237952280853264051703862209105788413903877126799497265420645007232775975899877209629976
-982297377282788391620315630047727950224090869901295282829921063058529412603907342540749954671940042523021527031648645192389868615798717324319632406787873327810854421044429596535417725074056286434989425829165763264701228348888082491775340970198535904627394886121631266005978938213636923734195778256395477719516456567289723934385062232105453315884792507941231221002751201778611625022445090696978172228665634536331239711394270878288786580030809971011213697560786236930778642789384901254165152618865579057583805424173397679288
-566484891201388283437230908224746776105146931526117117038870284836869469882785872587906734370006366489987454876033901712717873808912729704704868877886527717431458003345991658739107724673269129942209968832342033039142209631215727911441460703024756951615618052395260670551195202458807298845838591479292641731154130156463182227723132376896571789779287309259495797194250009443604675375767018371358736840892335918551848531068470281803237658805207287120571553898316295885222754725072533768046369089233418828366341909771363126544
-325740656219632653521677149673262779961191455591356601154327097208416897762531933008378531734177658288715060613933946201045396205477129163780033553709621367815002644572624466308873124666031819280642008796424265167957657726711574758213663853876814395287400684122986030243925646845644182745712798743196536783381127506384945542843324311103219172606835729370530922401268343681025046826857712410723696853732016144665024022641863655957391449701135049837831273244004005326592147218122782966820616248872113273860814816738202463368
-186770011207018011155984329736986926866497284150649290585799721563813712782244968393152130760927706110132074959642831186900187626192869013681334843797974184849085005456496022410350466779951695552956236311084636063050982696172578511339092960345510871331639673067999272393447089333368059183708812888673139767745270036990102310146159582359477285521465723189581587564070430068877627619221103423199802092201467890246884161260579570441104045389525110776423334932852623005216978985504624880342985717275564146346191340616507707552
-106784184253075221120260031845693573700701932851823665263589092135853262322005418732071593515966793412729213963978862778352894109959585551526716230081935470758409249319897308040607822311352875431376806558143065752399558335497191681852770050864763251697646707795347934943198806102524175288050204924435760922260718043354817801857862635275359705880790011153551782911408321898283982479381089458538126127269709204779566261058523195525830717383016162782165964508978546359674212013976361304436977144000099222051402363407839338552
-60881342989202130646213098114400668802073706741639134338660960116050297992196517264821277833051051942226944382574079636287669442335869538427226201504191594395659937268156146888889553050689214156983801711829808083173016481893712735458959575419290821639759827324129108984757772048447938828627442015880561843384312855540250526971227892264295893477874346165784353957457422976150561128610944513688091885505847649973848713459865528948198449261054682092102413577241275120735952751893279621829721325294174320972984471497942084016
-34613994837548908529619396617802660394016314184694345549220193520946369341133132250897286649500762982065698163774713181792676971137916193982431165947848861897708526976901291456870122789143184740689112559270747760395710656275936615494007775921055332903340826552269668364900744026611924954255125713436942605255637299264568624559992985898411704064450707893097734942817239786773199807961922840627162834835431352108274752179966414016771411334060058000164024948437422926853275721172677545571667681402351322799515638182600487216
-19625556099842432677719985033089978702807616027364290498503868354783114059972208359651314019463284868735884034461793799842928990106996132225920453563819553747886839275191404239229438181392235152949604625733780925472408802157255312974180230498300037349906313388317496847662490378952025334177386643760201030180715875548178368439531921818212746406178636559073044728046430060683533260835801266565862661218792175650356118591041678905303114839169809859891764643456384993318123663172800349134057565087796534792789368918977951912
-11097044515284123203276355424627774846977953040754095700332798491384944710380213676918485138518243350432978885227171367739180164847712186056260197306382777118920313288711819307967417895082264749603192457618399775458519910013885368304526186577061735019061563130460010165820797126380933557661645625783298539221748286042880758655034365881805228289034537784289881755963367735305832485839937854210395746316307360876803166768927931525206839565771669625562151437554378838568242704281267222836506835046346443333338370941295268240
-6257775637938769673878536438771349678285639309447799619451705686812515120295322279463718523596307687388635347482586255192137481693713523081774856817031621127096075078274255391148503564199162388110582405312719425005492933976762263455300296191966730203748244222444480513357935661148935431070720675547439903386476158517132726814509249929278757197542859277352816593834864677301264920848836298979673884775089273824953967931609090104753152809027478055734816740880822178256255547012284863939390658212726100653899162431724988760
-3519427136178351880033705566388139608700535780850977337638263284158987257064851723919988179345803569804333579999638623357529795462194697627051282481006705973055060855917392844913233298130850722847201056422803609150313493115013873567950941382385032722070351421827494054739155746039681971890057633326848651877542105826013865569369157091402693969076010149025250285227018054063318509334158675565925864015835377726642352329652202576132542932840142329147124167620505921360225226681973768040628262264806506862496284519390524264
-1974127330159573745856112388238621888626964476102996092659415376880710000049953298335832124238219983469157855943990712829564565671327683386998894249919441496290895845886478547215299070485973503439024929721001416789690741745170461760009448416143235757515564341663830090351304865356151189240995705104519426684114825900062458551214336105781733693186809199270084735512838103753956516232123087240671545350738291338310596342976102184367126158384456939593346648565353193415627754083470009829898278004675203487980222782528063080
-1104437736176871055212508791229576445255996579480164078122798784707483535100811971699368170367179783654730788071141555591503779754822133310544340500684038489621917441894448436679319357540382679262840948726111271477852842640477953279904860936092488191227196403555763671579570525751565316130929834571908666579735311721814637304072681848440763119869867655692610979001019651117380550236876661088325603821322835080715460947485460367909956686499467685199136581371459825673224524687873355086060871522548196647003450812088462344
-616285214027740568141569950551501861080467236242882434785329937141370310903289508051826004289732574084142910915890165693742575187693317197642384076180319441076626303866670479694246103155975285918225532207972765862881738622577972049823857804849457489095908330077702445346449928660558575186245678027160689862765770957334002649116077968617141200159102155664376175797037334426507484145062687117297974390490214232951410375470632758766262069269571614944335817040419498468830707163093291528925555253302067999511645079828755472
-343011025052186576953581040952621663742307930138661171342069296925290773883908029149745547316216459997203285440575564376237915307289926665019928031598560316927901956038649748952165232055139324973423265956348164053461124112907581790304471427019219558356112148162594652159199890827609260349750234401107895079394490683775078634948700375056877380547667138703849852881999704807150335894819767485262523257329471296684059321003310736493074041416284656728608353024933983981136436917350391960260555128190793612220328978020765048
-190428287220687988813148629914925344006572654563037310316768285919131700051498995175595081839352856078954148277299715766515100373471612800834214791964724780998581525687083887371683195158595713787161069233127609342182381256430905416811072415878244922944365807101204226960208050831553073708139544104806734417983901983903436972698320551393012673878354573256656128550357994730446197427251458935021580201722385931743727505597902705497466231432479791657071559002622747251907166539866684087072177537677524952623857003280377024
-105453979380420266627999074267235827304336923678662759978762725549790995931540441621384648272878852834610339790595242793483220129986698511548809193464108557385596651976798345016777711131491836178072253717321440367235912642405523998231541069913178241485483176594235066657633590546114128612100518789139669773516879109532340374294799474579358808392067083877482650082387801453220927390793182727255958185043671023853137341210960350276860968328568624534315680943259118663525258521990132850186221733391105034908744118355656232
-58252362511284226238823370869014354400330072337799548098146205461510371098008926822613967774787027143442627134764573818187913442759768958293657525014970078498854385542007561147711039024883114790788307556271234259675165939625049820687741882909851501528404209642879974764296779851874068738466331569442539082737711955619608910173212981677388968431753383048459844894180839203210493668370205867585125184335982924373846161387433768161639743017442155576889905039771782587389713806048966364376662674940370811685170287211561904
-32099181299991433791183410275006001749237813460030295597451710472223486930962673532612630150830064671491863449412768391309118184294246896877784856992132061725946983176305708800527947450658533608353205591636061629004846144161339217126927178488108256546277930183628597659614568409156538075845724821963099169373413443766063410257903243962359716074701018942971695462172360851208919890029251111335341886139439636942683288528984687660317924508018449202259646217707066846944905573597523202315401179013735593305040968030384968
-17644723082239674768588998355130150830122218469587652259939044986945838843493865407138359911764194710890571510553467933681580168604213785608196077121409888271206332540350993839411467193626161487031020176832259790392167898782192684747108645148769984997627341225727562701099130492354906507175591836354832434417785291327730125537279349736242537005673068691695895399239221182351680053102591925982119997272603440114722660095470264019904767270184098713797402112837872578526143027735388743611695034312262691503844321346427280
-9675796190518868054227500788750462540020872136958344422863340501513611792137781754589069114218808940682252090124049424790967867075949084766051516234199840470175880732325143490878367798221367942479380329029226867066720974441076840209212198269028309362371834875034606205038378639345613495497760844777162238889666442374651071120119971338414170993670659169373662012022928538816946702567119533911496791287835754568655553940152840636789104207677863753240370742405247850642212070434257589587619496776805908719750604912149560
-5293219516242907568797400353190283814259447282117913292054563338609736523352940327194484796475060173729257221835710649972886549215243215289841651606670100017960627532208196562636827358548423883022711874084197123298577285336715567260775248734632537440135918168515425661899750930790444426132783750085297164070707867994038312786277094125329414363535530756518590519255232783741902262826324363000217344225703447942762232945621535853452292308300292084336961729112874031309690904669073835262202107049711297204826241067622200
-2888847674983403336633639919547380762084173103684934573796179654842347683084678246475837142483182590574642079849258769351997724567209185497135989880559222919371872773049533458705375993748800702795262658574144940550834570327190958451641232354005063206157635095242840115869268121319275857930379584038703668693508432435203986810821580370223521271327273069722391517269965093967005973288742815041538566783011278292347707705229971267690233472275119372258645489814718061887951003384157833428001846202381366536319361726632984
-1572935827644665654222321009196986497407571114339829158699481225675171436089060242894491950087789473486020829341993944107419195980210998868276143644542063840832376573668852055463089873758808410536853086215088118996101973586330287525913010116872686331721589190876669515148835021995971768810565230495950339645283094229392747403765756344561418285746669374229655913241581700661209884164341632475552706561905692199647993642189776923117224588855300713064320364238563924319450733263290600341112205317945427692765926459593864
-854454491745083836530476026593936902503981941044025495863904627979432093011347003391561432264270980321425821787280821242606209657564429573851452276370033567633430755342639484404981983219774832350316259578660941079376778529353092862198051118034627231822476915071752783336885760308827929877498696294955060843664736756907351547904503326397180273857511682225816006188517020523968194594625935953148084337118408668290466339369720212180521682869795461787839647108878452941223873524646892265801427503604349862813160857129208
-463093040100338892073196044593570852914887087956872608014766852473552016317853702344785182509733875702641940480375357308448944948399826423305801045072120084251375963822959354565506929651133233416915305787460328040661310002366178750036533373329118883265709368221554568517299588141480352290630112419972801624354289206961516858753475138091399710536949948408859178352081832810773094117798685255353536421688874965446741314435473027949522549672552876836946864710801895190649789470472471766167136268130864145879359517122520
-250414019420452269423657746067389906317566193607204141041003525623002938202419503467778471882096796150010000422177288832093429085987423998512804527417882273960182011383606411314322774578195034488674687936735794374883747635061413271463787653584571642045155827782715720632273665094518916356616605967202055333818483676135561024101112131194034011084280890891733267594097987882249985899591860750289135528276732673944575999124006172610869234558577012663087391900109520890877625834184821792618199855828109910111912209730264
-135104448445904779404021769426945017905852645171166827888136139635512576944841768789643064721013985011554573145156570355315287636102089841404592497089227404478572268116307491811311650733644007007515916206171983531253395875193435103082946952337604795595478752111388941148395239731250214226351204566998731869869624669988512438117127585741383909043782733661970641754784027952362947214905505172559712734837804675561484069598127150799293013935722490549853985979002773635639288164345937957633234362598796255925189479517288
-72729518587005930408736847350140934808398488266412270673182720944072161601201816666936358111601892498410332219441510857832330548034374364185582203588243693951408162138008152931164262647494244489427449144401791729685725508638696123879386737171377061344780211076098106838735284184733249465269974014559521601534549330960968850951374831470560761532834979792041817340223657995103952245243288193931892446703709626793929739412319315485693581879389143711261698424130491307611184812171433349822501535809989269769328371446152
-39065297610287112041600437948477030447381159512828531843181565299306239049640772290855469272767104016615030894884033799069542794457136253292643198020833590404339859734237052713541820707774188164311347580878799361995968827196245750198447218752331718577983796139415132259055807523336018167781068528300523198531781937439075695736288197082582083750191365863419594062540324577989944530646894957433090304974527973140246585209062564641990594506660898294189035915719394332868884858483253166132215323597501716890142299531000
-20937272502453808525618135996150112784663680904238863234320398330493185837330573920665824680459532758045966430976855280684388631350726046108430755321382524605000481166220724132079136509894685118145070014710611690704567701057992796478455575730815865064541824071226583832015425283127659330027350518755031052554057976202893838713447842909636470230014012462280852393556424673235834524841884863492514336437416103917695735614284297423944475216326781947554539398392231694488413173514110398525887908924928271916674053363328
-11197128982083484887177954948681792370396318845505537857149019016942162838117487573697341607283338187556866119829517791900294340549912412831126646833427591342290089178210323852864285970906259005904465190797710082957721044858594185645650419597816881947836827205828823792126532255003119723998185612647254357515260708641378739477812121276794068451703112602401583138331275707872365877017163053366883537875399938003486965766140386651891852000119014678804139799786530110175041042241651844241587993800020075445768611552776
-5975301288964684456642955728452974287239838051285769270278807836226504157289395578463231092530517067585691350126539827229231941369242435145109249465151366889997796819001211372407981188270045173690527122731829925271254632179141732147812515066409993344953518753660387736133935183214693815361912709041597713590080544711073344086039811288662435669606263287144555190785742853490769270100901476948608800646600724260816504980363519676618270480075799436704774086062295697014438094731304194378032657699537391740365482825056
-3181913107016386001779385113816334185498053951967686490986286532800009914493714610975645770162936350394485106585233030228686060101667362357512617058715768110018992956386946914549123225899661298356951261816841910771209473099089103132555022720801556842912794383858971571904127841715359107163518135711153539842555922334048820992114995095520397025431290643179673472138123239080140583046898822183186957569072300229125659370634905495436955491310485909405783523757985942817373507595335274567710115331031047649466191675176
-1690833779852596393970284324242881805031043661306078662238403889011328222751465890758244351705922596163062036501385972750934586279522786815580493126931562404955127139564142546431658561613653710384912898965338405314870991905740966684291245216760259644111336780947408501560224219364526338822094980643311808983300249390437533883710032362015628852132570932638958695148854412219802905359701870049423218153114410100780022908490006862543106294501957163850934666677808434124640009624714288918553694194031930607562170944544
-896615429809256668071297049865557942446302111759098890060521895010949872981931763483853097586794692854096458845197231741739014253371402139225074829401591402114712339459440258477106869568555427200519547728857080176985073202214506428086065766726873063255115416465498833927637327681183204965570143559324263296939642118016635437398677541951330525895500182953024642669208200832197884769619143555973843248877541074987683759112144219674855229907457436685028530111966946000405791820674412036787581781564904062025981733592
-474474286920717767079566147208606059777830659357723284594887257690345242001302648276530204809391342810596379373036124207812659091706477780615655866221317961176966961038044723656611462551279150437561313258535306907792456161543860075569501611478798165322426641563849969365242624553842270411752834830409620364120158737439765511944660365185800824093159214864680207365586931200224037780091357377820005395735133988958770416365765463292203514185931597555954245352227725150829467887610788103367036632022754926646540146808
-250569793048526996777431024842140289056198780994309310706181580921728017244771884973205953136365032136858636511745173675260268066940822502701358121323872961460122468420915391953445335676862497180767168110883250507731843371416074373702439764533991236470117120967593816001617514853897201587790749697881239043381676175725703273667810929243452678593477727882032222472028226006012639602570314372536097166129593030517897167749454339557712474795059524430075616868807621517181202201956360144297265293439530167048710196000
-132057349386842063329955540528655893175995466670755843444671153011612478636923590377059715104377251131043679433160272351318413005471488870973337383025749597964766345639222234570771304799561153012197069027805983175213328746681442387190252736043391549642723071211334572519303747819485877335553430051433610716244418801715236759328461632238328663250399044207296559311928542435974236755333255609297200082273240881648597246617868876563832636223920439287475314848221525101166695772913059596360257326546976100878514698128
-69458025034331530916927900134846939879061388959509082426789207467952559455893496646749029936253534571503187741201618041442252382070862611059534610787086065240737741578002443259397293704211025583787848810745128801608823085672192158156927935131528447999961468322064162130635831981750161290880889992929646455793951677941453189590125039428544807336238045088852474882216629184455335101820952313757650952823760297109608268543851401737243528698448280512725475529955235841995978065273125252379590265006690422683504130768
-36459972450713484121537127811984511583170292380975792827994648956120731843214347838898264090686737607197392908762862994866357983529756294641851603587172322342221697642515729512898829593553400934119956141871617870788458682617880697970932675665767212613425180959018354757959525914935294192047335916803554628822998349189677465176824862689391792568580612060387552837909464597826647571938444249818231210191022082017047796083968530886040459621692209613421858392940391358628493361591710401400859887581286796506064529728
-19100830395094185902425578011729657594863664762114800283484575816697755179292868632583933458439086152122339413786052971836204268806945185628450540594867539194385599128914019222869519928655053339515284570309301960065951774640016140216474455459224481315780807520130688393363427521653319092695138126900093159740207426783898029426921771386985802004148387089819051912794131307401922960591513212703239262045506450660561908925432876859257382067002762401912172940976394217559564024642766243307550030676039908779802215392
-9987068304231612547724020316179993099849670925054734108577055526155240337397957231297442629835026159490069049760793685170170840190210333917323184883044127519342188562950347430338835729887112813888438866879338486437336916331577651525779808961165946379000216096611314812924578301367388589128289198636545331818745903965872752377752187765207199267149416388434585261262019610813672435614252478423252816016745743385660828663414961280841868935691360600443099578131148766642140690646909518686284204085530384315289697040
-5211723953637061580686986465204042087995897053884592594689836118185445236144229806647922453698046400499766951400076204024498829207991489775394546783620129803412734237220228422693883485274119772868342584811278419709654827287726988756109946410748459655270651334566739980707670932380832685421137834827521551521228167575051816164906122778544768075557527716756087174332505776498183408060559745750918406238693641862040050930301729964998951094600039073855024502873959587457267264964010436137345076525703463437841669976
-2714501311744888170451866527374992884305413572201043831012176977918778647833670474890569526603634632783796307699449871993283130123783594020898835013695827047518559037425428519211014396428000355322394452890298867190255944757249890270278218603178862289802013326624568354106324014727970336868167452251354223443397109992097401765598449297474558414357687644966510087734905392343863252960892766602957608238815483492623628367673491845702646700753518743904675456430577569172373371993467748223147571529386960021569606512
-1411144640259922245413610104071329978611721708754150577108089278161998960402740171406407609649510408699665445848063282751271223617381990163556296054455173812547502802149532637883268664208600890731161424241543790852551670181672534053607644368628138406218069860055161389080417897052673700027727213453209674557396321605331134325004619558764001286740552229683207181841712041429461161652669039074097217515181403570942535923617874055733610403286789258381282686262841316702597376156774406456240498469470402287942123584
-732206010596081055985946557919927691690935013692739886244510202856772748738998439697907888178637434257228849904161647490705619522160468177680386945392580790912941297374427904926652860545795190495929351826575525700639065671289849133950732178478493800948822742775743672097752344461123648826148217986856357681449584648640889796312218613530748385796883197647724932906915267176622522797530574066654658920564859994738421881272617820919449637029155854346653426380336998662879449548511297931832632034864507737117294904
-379212547833978068390295038279781058924872361328946720463038532173011979807669379954808708508089770292320362481757111499648493921753240050224580249923120616441226013838141578243635855675924460951687438418969406430631188162260859509721752178973364856069815967881146945176916580301998794406400603982398877796504370600833363436035079671218356774284199640911102861769944787905429189548023257372088908994406376589076842445995849029686026561042479764973697198432113111053809481756781104646913248371391932198860741744
-196032028084730194445000797353352243165469407768645691157305953189908924930256431195247072693528824457032789380907807711531221511943274932084902466546656935727402383893659275973739812885243712690477736585483010338339021638597182585581086696521176680602162318365273199551053408763111166025250769719055423981837681667832167145855317641920678580991577766773286772660798249293144402027356190942614612362350338988217467910051552120223608582667984972848358919960862103526897520608537333277070119930849018113143222280
-101151766626063467549644585344735371028908379275571666597125144830055315730177857243386936953870804752479402328870092322775065584016148254978233050358775818321450159611594957216676673909474742254433119917671266234810420115993995126923364183105130927738831157095974953699774680572608350583709364708651049860473477882370790678585679214489396797166147718213311149549601617052798354873473031047419899225281676163360382572114702012102393053960766964392559317993165671664103794803844699973359398184268902807759928256
-52098966486723062180202246582813159818059717247410238484599800485140250616260689582077184058428277783154609303394759108312618051838801067963270829317502140063650217661909839623737398412533794976660790904429860123225200273472069252808036413867316126334511029173029978802414698137781151304469722717745480683641226788637276025877672194144368342410496494116092881786866857124594584487643815252820905498792351072095984441860707800434374910432170772292186725071490826646916301527447126650577127693870105521013815240
-26785573101603794003818652890716821059598756644362036036217752715362544367151335953053208865132743730406102480222403305716230651137109130484134141536970366219184795630755864464681099033449996893908949006446198631505428108781897222078957204425037860467758342980802394406968476338377566397206817080797902624114985671368429962677383013088546083920864285704038112757481988366783526536532906688986217324065845067131641369611492883342525759367166081128985033084449877411593062704613922785324484083782307612825603632
-13746618852587244722327017517106590137105003672742615800929226820320543252745607268207757878867420306424170636629054343919864392381097797688617332563094729447489491158789472672614781586916886409542316181289464104745863477581327850030534871577306801050037614948303108860330843729634641443981911492127917901189824018265184418855472660429797306555849137104350446412978133695194159247174687032877079839253624300176374688798127878040467855752837761460418829112822119917618517361202310209718867664332364275103420072
-7042401500335879267413393350006201553556788780631927992429176851046452902260332842932346571093827066647623325989366743153570610018275877166691782347603264655400251350108677904214877414734118379992940154480365617858966563065665508055829370589514046943167789967307656373326205675944809206214755452470335092938405244507768359221490082270776862635896023437708681146797697194339131879812712422066309488746977190435126842026055063558102209690524769057526109507381664686702249860293060733143298798640001785777258032
-3601491185194833545205666564332426178953961007954973251758602040279594327997739900899489981154860046479532166095978759524113517421216577192424713420794259888157610653574299126071827571415624436911955150722170833743140293586788462175594167209637677331353795247109214518781892102276153979680706618981278259161168237527932981200108919285196590167165036287543522494697019853584148924399447373923553459503520000596311238625873353395685012966815203143090119982581061021511476508031380718569931353255914170081265408
-1838600080813092024309302581056359073043550171657885812569617943830610185948427532417039549424094486937367533742223528710931367643830552354123879014042115176840131868384116989403604844909985225891917235821701427920958006022632095814354704036578414587923643351760461139250526320092674054952502522195196733883509565686882841075533719673215401066457447434610432059209200528675986548478338326034727503140189335398822872509997275275044023296874668826480919859292430234880968949148204697210781604957231323183522616
-937005443843505853182341873082034876524181193814952424772309588050196479175296780973123596576018072449840745523629328306521279350575595608510558184418778731949935156704252407401446596313295740652700944022603215691594762894601554811034757854204249362580941795890165687422003331067833416926136748469475443890734607409173689233102244911266896832340038610910861844556057358461182407346763435629950731741243872465777312006572271392242171957619850655304534972190749709531880494084046559459817535299229710968992848
-476709019418903770064278735763638802422238042775083337575999232549573221395991403477762690695599602364898012305846999045340475115382051352366602805197726939635244085265808954200841566016261119878967315186838497767096883799678304820785207788080310317244822028720229476699823409236354630128820596521651185068174989626749982986697503343596680101606100207868583808461899146921211014323548626747033936200781742180521981343729743560549960910286411263534612719746075534401168391552852359421936385474805878707763128
-242118209958504692487980633263278734760348303271234421344666537291863510133629009131990804681602374297155865768355084679507367113739398674751838875316036349271218279178707869171044446537628578397505123013982096004974892617443166551386490433520183441662888737797346330348051809823318079762241146343723276984962946061525107131229438645913911068785297411067447753506521903646075954405704386317461496474470149245223921065947439305596150285436225471747450483408263578600803313612620276665472657755963075876477736
-122763908374007700369608997408559595592004987783584454925444383870982674097119218564031782800777461655844093664303236531361402983737197257789069956047214555562063199740788342665225055599552282874609048651810047658400715677272259494097510711151215751786602095996654088719420788517388085664989759480836571546975425013695484150605275882606013968742501197041626056667962652994082547655994055799865448296324608533101784974013939514706075957450716643273492909468405474502565427861279861786333738967058482858127008
-62142594720899989796707547123582482429974205514042247824253211104935790850761724485981488339581336694486584834594655858450674382658120934441596129629445012051391925945289377175536334525844019066410701363076809561512948119087943185790652390880722330025610770251179545159495973926934885473259701111850562447191384877150570315535651848567983128299792776601614207470453596121023280989968125918581059531319955933637231750793469041989290063473474804111367449725387347243987616417117793127793407894825876814650656
-31404339622506124452077241866142481772572154018887516366853401568334573703179167926313035858237111973751630298877006100545232661699693530895107072657551298799864538761775940333257057477462839135811068283942644999275934281877188972893544625338969426069195825259014239555815299218650021398855418535015391154231670157266655429885432786149998776395959065811669532424275161558666134434140979796008239030254743780590901064337978839566349491399555615853518422903588478931660721035548153748597858426287307965983320
-15844467914297544883222022098474970877570629778480723859156333500811890391071026963117515005585575644785608728218042617408380884201926354432818179063383835825320392954951942086206114522860888217939038672157445991391166773808337617281181313609306806223279853372080385948796640738359044354841608653184402445697005640999994275751449667399844401276902596656042153617606656738722767260410575047992369399465641475545525765405456516188325673553275298911345996631147664183377581771187318583578961976415883889277648
-7981038321331710658280589498780153836493987278043166448210618903102744308348833940828735879028221792873267383848846780121325590191359141200146912329536786278154088034097988037794493073246411523731822800939715792721712270109967046210767837135225480679402443049730157851744765181775905030855337271072513884822008180784978620588539617647095653742025970246117640579248799453679754714978897801644473002723433518404358218059912540705368914001696667480549777960048694877518652407960359777621960334649588919297984
-4013662337961604173399101566779811872127446612957374595686513826690041401264807448153445974618376647080064858508484589880661979917997212185852343564440331446580552849057038287143874423195575619847210327062960696095714535947344717019890955215873089641111345425371050638833133884312005338792543076941561324418389571344879609565021151399020385231481832172020764007290848071829666499916430943167285492793442483978688614661925414275555793239331858567973716651076755688344972546995816420233099221959323572863160
-2015245018769547648842822695157905160957181254844915483118207615315414139831699205276555744092231117839286612818478461959332885501997353584659615877864446240202115684526905368524937334329213807392855787928317617377021722793020080560298457321586595988865886907251912630802214630688189884374613127786403896037447269953840525651787891261546702320213028366956568139052856877094763154035306102937255245105989028588466954276881120602180272890022233684415140661953798193468914757432849210397819342310317131215672
-1010243999008926511916485419233573753968188766045827311655991115639493724623315462194497806107809816841808257402976900602474308619419634893998007802289874665553297760188117553886525063111062461516336454744610855739507599949028229193957840013883166849926073629363736979924806569038614326647760388465397343827992126438525203335011667169661856806213636889290362009618066280492074227930674363163067406952124781509197894110785027611475363853174989747691524370963402914830361034015033244702357091314802245731968
-505640493023950550898056416175727693166952299689127575250242091658675758207701117283453752133450060265761600051251606210755468713468037855190488118407350301264887019661570084839850922848035933392639393843112715376439841687532014284977499303801277641906408289394808816815668550573519977969989693257922877550540858687152464131924926143611413343023380115295481561748506277277524400619688819190526244772637810042552059250807093877497676542875000213638867313943921688497425778915620294393648349038728962611080
-252685447596315241531096381577947731324338786914489751734594004073334932147439913347346181714852224419519254490336974044089990814793307872224134058814322592186963461423194337879051877853458060232137645627358399374539738995814402233991172488292023849068511341574959168022398422187492371279143523987938865794954973233513864925513952590674844955568197168889035754116331399222761953906321194591729032270693864468334215669584830073826215337786589108134209578257883941688561464002435536353680984919054978591144
-126080244079103140135997361424720120753781277088491626569102294045916275074702348322809731260592297264670417200484607306647920087401764335079155365492468749824492014814645921832832088634627224504170504159626765670890307484018194176455301994248330131197619646633278950086161676217672369744883336931907020947780138787674202743927721323262479924127073616801881451224297158041718263717265972802309543740238142234829057403867771829619374584597415245771001630289232573883249036308589149712969476817099341151400
-62812750960628924817397698844183762096935273244667057963877969735076719459185667770848554462635066135170725465664823160591914957505907054786205817017787173569685421243782290375151865257814474715663738586414142308490945626438961607068761665984831075670825192507845005790926561759088937612207631253771483324300725644162659157435689324148806151309852772669780079727187211623624685424960369514049450952853596093612899118675982490170176281466427222641353300926471234804572741569487746024483982519403365804280
-31245539232085153975139006869431454510776050912300627783690515272023733496134375426116669569355679774498796904502148348540290435413607957879905168269908469161000772471282708732017929042621017895380782577139256821877943935831392880718117202516562191974216904747836009986787323842380379601981785073406121161164882299987206375229749562099817525427199387638768255593585581282207561714952283674174199892797076389475525426739850104883364396446718809315963130164919316001671122946184372742593653817705287256944
-15519333921348283211156486959176198667984141483374367863359494907438310820754163535236610010630928102229822471074754843500363527759672641495955674802091982578489331480522562708338619582194224432239221790489434370677297560308421129383150607278827492381894563787304442574934179353615304443237677766902240851317717233234058431983858894629602670038964109628579568491308947968123201289165038858428028201815550204623083751700048262736571950239088515569329837570346743420984261779294935303139881839328836334184
-7696766621026015211624974320689480156631334882363449576663409849277391200537053590233861325886377047651982823790049040106715042374730219684997389255272468126799433644313044170691097085723122478848778800583992764157438129655177425436296812714216379950792042435615823496818355281268619558317061505634736651440737117993075336484173659231937293895025744138459995360912706599341767092272014849306004540307721634166753367522281199367097620552614181143119205353791160403195108910603123562309124905820591710152
-3811527215595221909920319455831517626246278611485273205216494705674008702136019025171675121864295197994051347023600754526017236262719692685334015024696182823724956199021886310174099261946401949391489969608298468376298200277138281055552955419969086763460147019746674839771510393517731739350104989657104978342183309765442915073805407519240680261029377940600423844434893405258134003066536175660102909015812709441414601370640784223027326046858930212319357210028292195616053905570174387601093298019400933520
-1884735520112886329586397480523986983320207896818524310732413048766585911254111670569402693747396909524624437062729921779903954228016715907251043331072426647163237116104722668853638688556194373714256257812540209298003227436800389995834859861336188686127580486342203150927348664875978441123292026236135646111323568029475777888056826100452648396927882720737599952763106971633411261334290077638083897349754155438295263849044200719954768935401244887850038491602537125135180413538187806410881888650172864776
-930609848879947768910138653580457568929337386574240523615181578562822199684477796770454247082365471504999630850945572284130855626447510633035212761655239588746961705231851842913398309794493244089950564153735986965324273149029054480848420094090876353178604913453457451853966671219589660911028475459051542352672603156581201471560028658102687116216254377820063070638134943280805536285906417503678635833943565133412225976492135217628611380742474173446721071353835095800006875025916671374466707416744253704
-458834226886818630863440312713877252269364549302057401693686584463541874377905945948331430368164050185356439403620877616404486464893971469653802670058136270415548308050368548627021131528812239500897564914425416755127795725592328104492197360316917726498899294937880146216971397296542259348708026098830315587437902542840160017130844249911604164468519245610846285661871090919781485889455650888141399809856032807418733680828986036716856090021979834619533414970003115195051463940894996385990004180073032568
-225901927730344346946154908390089748493290287642541872196109228700910594869266695361075090441086316237341321437656372640829677961900406270967011848462383200824094220435364684922008359084069461469633840783851491698464579745430441288418880753446836527468909850270076151926145588344695837815998558474300283454166378246185344154429099118079955667937164797853117519162279472680008546414242243464955078820302249497849991545450912920615406448326868318286999882156682427195846523149059354536279956038220287584
-111061877428970188118669721019497778557744629631020523794152698337007028144691042268600291365309078801536282234240735775587834567883534478639137128380258479166988727410740532398346040456695996692840548172611238193775801912694137330676170115718060903066150445633995927051581380302662040185874539847375889642072203150487605953241222343359801529518324773988194125822378514882242241177825102573143913685423878969974652607584117713323520273557422179122289931860645692762009602221960636937957718314664261816
-54525034015349239200847110122926664713922397612451671173809619402772118246861602516816873754838987776674779099523806301098487834350295809975969695528824880829622721266521290373948948305829706177755098056737536990192497735155099527149928471072809921688894656541891186922939530413304099195273333642542918682530673466414974970726696105994256976417375854567376192648947368082000393817535022058408003038154633613950315535968419464705666551712408893204291677383106711049690119001384069504621664896282248704
-26731147389089835232833148688373525711826493866923561660472153391957787828281670665502719775272887091491933388680833670580364038175732875279802842671974660816575124448806170469832567651160166148228331219935646799147671278560798339819798604742108647910153499646384128405682134397314788552915607421321586539712003787390007447787692645374801838863809091908527031009324807134696711830433194549768648003319824806954807428591853420410837850412522539873572516631308171672173237915236981348000067755281045320
-13086839616819238693570938202845244996721335754263970299455884117677827607946075987285962016024317685116978699530497687642066971352747709809682626433525438300665132173118404209971116555825263060814531359383804258627178904334775266192134721821864584365472993168559657805257498404556265804321240210669799261964288608001731882343665396004317599614275475300732757637590700153307452479959089761094093384352821773118980407398088821462131746974097350025740103189547134064710081059673207835845356023200990488
-6398117792321702986955815768677326885153338414908756884828337256036679322113191066714792693543927519944616777026606801427185369459485117352701284225468270811966129856044073198359648318473671274610583818860949051200562226157049473665320223403704857482640076501869403654833608126355056492189616012420618592884259731960250500386638216151633292081765646656214379463665541574001120134631685724298972544129834437205778118756558855849287543775568346668863179272285107297319408630502588746283139606715263968
-3123738333937872491925986309902551632363887818582576261147248292775064920903795635779808244439322662001206025855945065465412321118438732181372701064304456188610347236890755724676563056828036052036529406611342062728064864418430245411193436826907881164442797995619267132872836588789748293694970069765560034438436667964752454009698334796724576100438506709957887986408005044319538998953371496927896367608076308742313541090502630471978831323576857782222692294486488324699245179753156261037285998731602520
-1523023715457489551496864408681908323491567382779355210359081138065960472331165448768461127116156145614461420610954428823896136304466978444230134087997249088098242152331350336293564860207341805859533640060029811999780595824957499668666321160358130063117693346819554215329750595757479249025395950929791977321165582679064686903458473592564161813346980830594801121294767678773385074148694985591851017258227199228730858123062577181252052303784662963343363997316720225252574356381661630776983301714466664
-741571229928896289120220546893463849424671686726156921328388274796781565602035149011391783314361983855949956167319549394599077892620529301312247380989826713758434905536928621218671472662006413596948786688952000221960418732149738752039200763491831020520666626852510943859225015380318396398951480646861585265288088044970288916276112790289959770017366265440804541208557587403447540383525554917048108449244559858559836752826862372847737247789279325355336147531442809194775632229514437051025498063640784
-360593421464552822455188445531716295443684121755408018208480268227032581730475399864417310917538060089037293878327647093679261827900666516286301812412895310071951129645269177420210605758260171751088424529359921396039116683174958913525846819260346521684120754623483826998286465279134663495133821679478685305748053163054695513168156112287985488983571809896409937025665786780258915614045256104232718997461933667651915394536812047991543373922635369198854253834458170196141187500754088629814882537494872
-175107975393615155367924124989048759152411703530706351995234404755351243248282124081629340396331504292324311405850038255926983689771943869483696451053204951826402048806955006152313501787194546900822846084675206657594242813713314884513282397218640737295262146332099185914126087776507873787274569480196665543680812292638005918263834492084400882514996502562650182682298215702322689745703981780206434632120312423678448848180659544312032135526653113756445317871763837375142234817021380613817087253339528
-84922287466725807063544936268984561580551421648508106764477098865074286934576415494543651526918606720721604881587936385373429582728994283052950990149144892733408175723988110999130389679542489617007763432271967474020219200300992617769904489038087479863862171897580470074588219052640919444364843461906368002420659002732497712400369889286169949791354802902573670250882040263060829995143524491812707322955868321529151426707642462240674841558099115992864915858055766050922907511620009539612686669548512
-41131017121531673855060042090032538253013678520851209080583895621803595274772785083347719419374939545884997863187732216639689976963006021407278544598464735514592436835858233406552623648617027794496219398082781553102430709761892852257530597552728720947063318363166552133970207101992633881342420517143257748872217703679441728262076463781320391032016596814590957756745116811676375922958681248703039869869996629287503641100997501875081369785339402701689829902976912438309846978927806379696303094851128
-19895440163337478584944846846818648922833607474231728804607125634328865755298495185331228089458498439551993410924038506241534058954207928625176351154835728775525022285409004109948318230793470560082318165304164219499327887776990029573167850407584812557930412556825451771117065486058691119601429079574635173517074563582736511134850350616347029916752723745900997319837779685101805585287964309971234026399303506262678401988606857733966531517103001072565699593931931089738452087214785888597192327835288
-9611214535241697133590127413850680553923579035415739610109472766741681492879297143361960749727966702472526070797914620046946261656511204899848649456264272725184860742026746211096692392188806848017170232053261114014828384022603786469720601446186809977535479124470760536278155561302233717415460765668214325811037651166517321398501778426946818365131790490920840151989085942583251486172650105661657851289592355071217881374475934634436163022341835069892865193491866370739530950612167268539768942750048
-4637114708787640113307239843156131567237644524810161905456936367611105543330297245711395281736294843114203593606721652002307528977848855983959733650690692331219137648153152653446978995196490840889052411766753321521480683742465414670886114780476893035516244561183382683683117014770445880671369333247060946076569008528430008929531192061727162761996026760619885788233719624872925606092487329680378386626874080650138852130851847378168405836348780954353424830990939634445859700222993956125431945329816
-2234428380481456377949726528930012272811412600825321957835967404682950514987427317893162140753463719527245336624775781053977313870232698499114834894413558809545118321254842366800391456670150940229983225507983362780244180730716777764363076454738032918033885237483318357116859483286896123450007892570777125840332780445260767912202419739919430671300543848157106605523650764123564021957780218315306103672357276100490472207274287868806640105468788104717357150918840296964778460103201822494670882805640
-1075321197362522131769737346649787892374625711163943410964316877460155211566241450232099942951066985848455979600797622692099158008399688111850233881718800433148081104413227432937755182084872012438378885468206362342633782302830697357599603177416015018760730347973436379009538775472507810728045621403356695572424811773833661220845154411939476198624368117052895839638398442539091685380604528626768938523487832742873561916161294493890979642151505162625592501561350712028553758512332289885861362760880
-516853228571935035194000813293507353782237013622397252701634574031453095139957929064475359801453140485322410633459278073547090328228281877012369888501709367832352181513353001230508656489164768700664364145284555213989788967418908216985269943387023605745442302065502580429107442023259534275063930713123479477051851933645223847590006744866422820996546055092190855442129520677372460835320254165328903395774347581429316402973934437073513286033540303836546851324124835423370165876952868789600234084080
-248117594926978035682358529124309142044650529456803466804035583119111909993725888933327513746185914529116504606015446698530186472528509515770622214430480466528334791942680387871097568905827542283739344684220790239701994080024731768506595854227217008897775218231470063903181101772027339285268292451226117105491347393337475190701425368397421055076914337301335382439631634524750212993472272378242299482260765283722633332545388420908853056270426490324783700191370792871759808545728375778253242256104
-118963352359493553725885205032226929175147082902515610387322257892828199297608990208977504326655533266526375032766369748321045362368386256068755265540710075505106227088211429613365172587055041461670297967897160139353554683122885815094867543140278174919621935797056729056935327865186227029327827516187624795712064748454321144908589144693025042087141260708712811732575566149058335145105201600287098649023590311801968666464261475416557190465881171140089426110955217886094306431550685093500378176512
-56968932525222555584902954541630314922898433466634143542065211637769304810371232737296135709914431164899106402470905565433148518413898907881449154946186487947227549788579876646548460689451455817389129031727250750602990325836986787791945358216157126729796282178373645495479013442666054170210293916653883926081121852690777310925274101965297257032065492269861511775484900401887573924397779550430025636337984020397616339865623148545307395434494837192300436172365431681503249421093011210644457237616
-27248094502883771203866490039342504010416833897854348431460063881830996405881223044047077792258164354752208242485050902299110589545795486193425901131005124190987330277815143019053092810170339385742733385296483321220154067192676987771002534142419739179004223618074535051277934923397069591114392650508336791705697078646180004809799378363201663115951255439466663026417376896852027019723646831059874112717684127740249524974131336284087906835301875334992285726626827821310890611441900601819774812960
-13017009643934287032319190559893416300343623647441095244076620098609187444552548416571457639331488850379521872637351316433587353007810778020550960179992115241967824216023589929473714546475421219420551650778152309109403506047993070549785303120451814439676919649735836443673269874877523358630938118920961467097302858561778550072257917054190664817313526561877782141631854902465576176036964341524743654147472476553203386039523234907067208520348318121600732062724178579481202119576874451651790703520
-6211080752804464479843018444993867455925632058581569981254618715815748160579233042163907887862745639889664183943914728082084980871175896663421887558451431476150973534220391182976424613786566680810187070024082433210539200629006011223748007749604182158267282149292264706388525071962819345109972153122495284013186526861440282012446498551378804686702898666100558623796729799953280382796093585052722642619602405995847107278250658424143055950532749366979385735470016696113826162456596472631165755296
-2960109432122898916521516365326599254259765894852999823513238032548817180312573898271427190163042134883914741428319442464591977099115269892068937387915170161471233155665811575831205923276253249947620936913099641932217763408501347413093147959627847128324103114705002081999565401479437186124168831994136305379057316040232012442672495358492981202192645230472733053594978854224966112446874339240360029833773078915629785997895169687590762205769361489891306895395032336243922545956656916727736202128
-1409083536571172900439664242302933032992103408535217548734030101638820397757099059183981187440981146026896470730296957554678779552160706568920763336082624805251318399480164757044830113201708453044316796500450862544526374601418174217425614697103221313051897418528919620415811294813231709733450866788836503372686827120588853127466501878814604491613099476589909299581318564526400007935416440109714078907178480806180381990298799608339349829657323179601360448496263325430070768492186575455356630776
-669973766238109429159737094749968153389488172970398136382394239141477693713661706652148484963572624454739524713846220445970649399119456648931647235873155861948160685141079586166742435538960481336244924086420461869406233201348957649898614778214725000149833647051858132581490367262456228592002381761512661986869901662911802063206547462242658500669746864184974837673896116779714073761078473359878241487132225563800869878092940587451819375890502415651814825681596949585196723185603622224067236744
-318181259788091932642321452267049907659555305434648336637781742615302246508353003119751769548878594133551467670628343666933539438215042598108939769397863613834704163410375565685280419772602836017613472729636032327535314798171387789878898508225066337561747924954061795342168254569732972336168319941817932974383903490154751748578562126121017659871545857721055523008971540226170847119487533906891452576514617307079386959990798555317168646018526800081438543718250005332164052622126656423415156784
-150935277871196259658986625736508369922523025685627836872243179845891919878946060818159467427940164307426226314323383313198408179408358060586548165200691140119152460508095917654626731595048674392267675110327725020693812961045311828228900008476772295888477834414310969081737203184414385372746193242004058078071161826636948149218725154666742576069876391189451216184642296475628059027261957182455766154017357481305405114155299992683324987421313755937978268287409144435444039851203310284568629248
-71517094590819459239016293155261497705604599598158329187265641702156533071530889431178940334495012298609753749893632539879375568271255135168348648443940491260893709699092955819346064164558263320029427674338422891791977283051691109972093503074009614623323073355186385158549307622742585235727571318208597562661084387790477761641887127579975442452580155077907295057510216369600658670686020436600827873727536975661215427484265302613960150068985370948690612436854956796803900201415205966569975128
-33848190065511694295960889245879082906140032752846534869792021073553494573779109997531765488305723702598815978788640241557593193004027328311160314941308552959858301387964100198808864219295316156108865542226998699652931873919478410642020673235270061131009488146390831370311214247380251366665139898236829840900272140252251540904405694187588313593428511372456787382675198477064293537491923449295502798293501095547156513524684547361939931470339711591847151667957770476140138021918956407637589872
-16001880637350767326901087887058073630418222341265862219383889632406036008394922528179005231096383390942739962277602031016888792811288633583735683212403874735295960389348779250986026436216523962658940319829453587031077279949435002477626918042371146820401791573518497476345048787540097166199703217503157877938107502757018756096694181638054817563590031546777209333396792072967728567962409924021297457709384155172504750664094473439944903295124364469017028252878467918918739650676032914998469320
-7556489007889920349932767282488596432102764884271248322915306779420261903624360091116538620512551579726053483317721331067788389917059958776721246756155773519796205865915484052784246062018197141976135040690375046776884893536888146921946422587116732389319311190490278735544430482061323571526797412046725172198219254363349161030387372602569157675425019386478306716618994208799737642394233670558812075125439427310636181432167940236697099052390536957690299394593882609513891057582830492619127896
-3564396137205062481340847056417844017434740570198434871467878364572776861048083948139793851729797799588938737280018557714959530524979762671808692496011738270590360449124282757706477431100828940147964922512926335431784167314004252243661198828434257269983555220946549840895058742457306787298784663668555338975649060739408355412416879518010574161836403628741179169530163462212421585484466704966843248397010056348911024777403505380779924839086300847587738045145606476224686314827439868297775832
-1679469596652181308623022611845388375336203260642527751748205740773829307188198182433079038938600688562445387997328261858395587199197426721998440455253042720274180566554994905197680067287538839147915694118282796879102656458545848390039932166963426549080670546638747881283045212068164004834769272521175457925563980197622974107933345777947691569832590110971680803727214000751988198758641083769108278104369132391642105560511524178426278498347314988248301481630578784014606349487996363874468016
-790463745371298294876506457403336280253870500343437164009385816540999897403469559772756365991175574060294026268966484166722715196393863532441023796955519853683022118180096063162338255081591449726815588909092603395063392807897764149963082832741302463957494618445614336007088699403232332731113246800006423946038930844568194625097470172699049041474993432017630489145241052440086116708995542457167272035296742034832837094962115604345645782299062313774607459237820704208816939643886206082334048
-371636800455012965936489214783752732335673183281833677170985040042735681212247729946481642610013544616966034129239692431431613174898262670561147943615836866550405163620159212278136143572782090521251554196170618933587505381729127989904399135855678246319899713911012601468307845715472285952507256216657432670397388505151927941433379787476193542974173291146781258992693800281813527976846988312925585291795071239815788514789989324973921216389452880824878745530295319589156119997505474837030184
-174536273923169155315434392981242615739798047897311290895123929641348190686349920219881709795840656895604490927656605188508278661831063033413239006669397923839286508822131707952890665391429402689810562563171204257797331025997879060693946162229690729293316847329445347212266076456190001916845950511631208770529805390284673634207122819879706670276850782793464708414596143055461171846642889690771264557357508663412901601296575617967755215820337129462843051350531384705513461744584687473896704
-81881571350761108638619931292886525658625398106538234992392753952221599413946222404076885311524066804937247396245624196844695739941601145914749800159656077836654236753549491733409839654404372975082049267939053885975905996195510528518779026808419235809854391645108335424165821319196469091205957567893141299715225782588712674847451760401133749407399055748273096603107440234478263709170137955507975017070654417429297400774335398606425851657226093177146171204115735389675917639985066361101992
-38372786019649042507226893129989400020851221267077721261534392451560484765937919236967507005954083058371700010627855948220950948443554123162284098687088459235573690793607487658451314171594234926880246273022788708146505341269142667377894769575694099542239398583942889000912003423717545708858459741045820056883967186818981816689134592202949838291385462226526495456921478656279946988827916027252140642156607103629951648984839207849436242329544648970979751303279572190873013217174099920782584
-17963889360499005443200425670430593475261741167028750862609987979700273264460230619771263484232820409734322696530006851640527366078705572493968501376041724136190021228177037996583449687297159824808489800002291730747188615188628069894112031805464428543561931818248653753640187925534868805633694218565145825854485411994152260404462449114540442032109176531702982499043749113766164520991769249176783021843727351969645932140004465417428981389399288328617819834808898914204494641847899052185048
-8400795928614853126512997199056966997302468182417583223003709870861627895174818475527551694151315152451250817555486450772401833726541937661051024188582843793193389286746780526989669142028985465241680549958648880560175461901794244847473234675951559799213377163704247013012970376654340597070811008864731258248123877754275705258154929784045785483186810574923079938418963847605508347090295391596993393364813311576969437492417925752023388334036795376765441680681124786175797873820682276670824
-3924520812458641620950819527151318647980990789320604193846015912844141688251583011344996475641289991295516757449067839311755026300299235893264725154635915784545004838433709935249072171888860624814474442477825639475389103292282308343933195158858183192536233538304642872345379598457799039658353891281818282571939592223954824195541043914891882284249652232659561079737076175584028495820495720262332125702915837756121831012698858455392542868743679912183373278677846470535986984629889819979104
-1831479484194829155766473308263665636199778869414579098251737726107686149702385780021134146340787477072512246070374646417276899543679642089783288898708420359313622662739984805354406699315461891685395391250521612397796240530280122353646878873020377295389016880500785103080262348908830792279655186876110502492941108182201831968470080542402427300953219820732857867340582088316989215547403162348844325447304329713446141842777701179525742656143598546491602016628271343331367236641334498818760
-853826735322260603179095509198123286304031726239335539271453411992162670716342128526965857447192377297217560361872838153733596557662881910285492877535820661026260239263322845183682560597679753032515393338786529052546670222304250875365078120286387872014692987239247463507478992696735361659270854835408193881094042436672516637693252556122634006370891425165404600565626782274370350793910457166532610922853353481359300337650328486105410287012133148849708129898468856140792118238529845742680
-397642438511315171032606723930794111433993629763065995745700638265228740774609879252140950735839294213496205927125651743215224809884043185416315583744476454057602785102382201974448703655615316671913655037952616415878404122098012797907034493172588845258597269019370529240439914560098418781228535574070575918738598153287204473314460107709075392071972900277679733993441845091276385903940316151267454809089030896685404074424826719191617047140211168847784542388763163992170914435981203419576
-185000959824631094760251817537884777639859754784115386506405483934244731301364322671818058594184056176309858573174238441836347803784628198251615825618383476620439702997876479497911639771969788691014262502562856228137790378844992446670494259384348723128246824417464671574217208271437115812036117722648920730020420110056765318274069756032865235561909567185581384506102053872684840217936945643450622754922047525046436949198086318134543160524500620288015319723561413274702542270842044119352
-85983766384195603342643389029421509570278849109977794027480673189786814975746687535612034840573195182371960432583649070047925832466982325768924940661461845808494933573678161831817704672753896468991145666252464228706524972254699266405370555225204453795184007367311619729632834916679789155540545444968430452277885993826102918692382415223479539960836156777125229312781894204856195738847269365046654424578380565780482685860155903126397697393546342665897688021649918573954962383588577837400
-39922993963306930705241684196355375390091384121729086332145092723456810882995020049827413278226689235296654207219765767211146866332156987088233218193524624476815176436730554691283662340794340174797796731911941240503203633656747985693762137912973805555652491145097344944939263397009931142387156489843177836322715057914158318631263155479808228155378799423261497969286115214583223881828673554529861125501588775308149522305513082255800114745038731610180377698709283758250982311975070254424
-18518115629294028596278852876185504690123849579624253434125939702522397333282730035032936400808488695511359690573911720524695107629737293507843652555896215090406253113788806153489808296787691485212387947996536421548021296181225616391773872331601621760625011495409455860140004370937120471225360299506771133842629054757788587306809564339232043455226245880825058350666318820447669058461289356320397020667286884264148530424722858580699585303377395317535865861743258919185105878645219145824
-8581049269126918421086012757170320349628952254818850854471281955459135720125588234607560620255098867949807517799908009122384034196342795115054177327695219878073243380257077034122257995740154606132542168172912536635568491124952976026367589293248747025755156554343164978650834921715554208210888004535001853194123205623301743504273899031562282839590745360075955362843494171569867899758297247470035350623587848934700129939782838809451136401747350558491210025779196022143477678335393721712
-3972434554611414250441182697425001422397218359021171067093963996462497400601714245990515881602425593899172708146232082837418357965961504628786864715186656890496122445588977058678867831252470719189843116571946490947147242471213956810025077681331345732622750562909609387310856430025147713568916390831476157453749180612116565374492358152578382277197215472734210246171913840696779515646482955182701330598251666513097968122694055871188186929811910077749450532185340394510588463701484220664
-1837167123108587110970063857534418832275262752282516645860232596366350864469041409221802753457000324191115216356455798910833586973411101182751941189186234017353257084825429208802304960709294138922321066759355236291122809360662476009402421267992453188598030289374146407983928127835112224554225988428132470413922092870164056780576953011169698464533674285361733980263808768832332448159180383024594125313106374375670150095941757500667887485727578485566379059510165658099630535492846933712
-848826472987771132674449209052885922626003918451247680238240802193154629024026028222163586897981288676638721950504454670980938002820716971219674335412799125657406561619000494128892042754359517100997112099984678959649805205662643363965851824443628297638277520388424454118844939606845970211800116480671404344756487530197336517400332489358452119235386862583086983371884502380125297876469020484409958504384331552534311106275476674402812871699995876022171597344503478239381332853712818624
-391805252408713636606938844813166815930100901917034426957983634202435537694813578030051317223816954254862321867988916390034996318580270508917885401217473824463200883100770700981842631214170780925831128360928491275512525384851694043103831138107048165862440506696376522001429711145179224780088219331866795832517107988369141790129846389327387388306803828444870199005646599096620327358004124640160243756696775766888373650240155583722294012891168263352696476038150435284360436622643256464
-180678052633581878758431195612583750825425948638240863339016140777106278510828075793458929919602562802927462330354459760649945707264768412095836989068470176337325713875716537993080564175010361505393326691814142066616414672034641347759860472233020637182782557393399012749872617188534607212383854980993402914427329672470975293410319728228835292991613135039865020967917419787426008645643503214536737136787767886105107911532577320883550414530810649716973389888963408031925605420931356032
-83239038041974856511477350821910253858130146686760097550887573031497122595280918943345524205469597704803769056008613105159939221814789266836400416769793283049935918744593065406632218028036935540250284418332999522524985056939735041121977629530021969872641227847744325715716652559796367786040065072718782078629385514961959308520710055526806288688952815452966323593310596828896841558161736187849078352909630450336889278776569427285698885732858825556349689518278755217056635846043866776
-38312269240851308273428053389909482319871416047272312511251243495910884962591168403625743965426254316459091009450509570107209736535531075448812126007194683240310064846321865701627782676781017049487582069514010095364458717914489305577920811738586971150158932333695442697131797160767644886084712495164575603061284446129646250230771971489233912468598891864929475043817669199402431697625153631868153254411208965323767748045465724059917741685870095970205629511157758475952844062535859144
-17617347152021389258876934096688158342919536866334929884530082423573984527939215593164944948275075346540457223690993410389018940488430210606083090439227669303286542693672220126551618270791232399585375569919568341232351935836593755136778075546878870600608420046126611772233423805762345961939897884818374599960531538076777206268275988039792602315679072727801633472757303485773425589382933757321485253022881627567619703749052356073555530064880499552986542910072727993826697408136467248
-8093522446875425079431631890613638872187174536288813899303117110607543166368661497315111505833704642573792230932758211550384418221139006597542989182984603568489062717917031349582976723817586617484257018967344988505086938239338062959267986501857166249719326300924333010424433185055610491228191902309086017898530470640300690481098516233799762548140722242753632875534759088377066815699696731465779805369675050626061835831796867356736789720759772637876159252821963173767165148055032880
-3714767644368108351414567177528013524777962915832874149296000106541432498779524094799146840727469301204925533472874715597689822724168054687795513718257455627722031944482063419376318552281854172702335309009953862925068814606204809432669027356984821564371884464927607127061233379009117593241788254845848090120061573135955700648561995915164363907449759921194930907793348961203727366563852916188175149973964660046314486220738477655936023595979340846133062711241743189620128653803354880
-1703433997036081951399796754624671067697186275574789938807887101447757929438777080298585535786083580576367014527037578444170162680535448309422014590832271527857090159023905472875072471212713443041044605162037967194671410409611836836360350058982437987049053467322094042672024285977013188068891332024643333085332157624434430233365223473713852231702508881920122027178923876286080593417633443437072233587085937584893414518547790668377396446988138989194162559100410684277118245799735176
-780406866270175573857566747600325536082654817955007258694996870558680605360092115512494602809151433515775544792685295395824358348305521760987210816450074602369819856574764554434947993860383124408384481398907085523997686663469101933728446028323798419147959781202898127022866447658172371384042237919863426448975837646372390822221490601389250255006895677143021764705209375475904595651355806000695430314086178209152028525948196822426860881563161810486280097949369885888096806668661792
-357208249042370856706462320484748765377997672920510989902523803841830496789841830503625143510179902846175682828661469333809455258649978924753210838236327997380746683977670786486593443478477857281280010645490592165174279475088456453685104054955993262357778995074124132070679156849245423484445893520390125653335406034314611035496378885086583589912588283434820982737106524164222377201511872156330571995562507968857465522695621002469389748661021012918927868770558521398980840257307328
-163353705635185595051117437426060871940335438541366676219356008441447823216653100705820211071128568893377034999819158248989913952659071498407803925756281482341095733995761949660734669332923352611280804874075081251555579779736464598653044575413924057814832650522031285020729123649704194804036531514261098459872721919252467107370504592814394527436814330417573630388239441839688510431088748890646731789176670743165436130605874597665410093876165138772358544732359169919115183581508720
-74635608502529583929463138253328104344067704266037936194018354081170494506324327487422315253108324994747137218455483441324464340020001586832763243859538202157684144049104014800142742509222784901476093028568288478555430013410402472973996392647537228958859896878375525818137494038560942758055036509864978313094525808089373001196440725959644691906751771175949485693107592726100275422682263345658588914139123817841747099775605462109298564465383040280326932529248154762355101779957632
-34070238935231577661370286854546995204104367563130124215864367509781706435957976060914206051357931032606042551632331922566308580695813861230284238767881565475877475634054793091699987681470632027178705045397532083445162363503174213300112844930113274551200626483384726905837741420721030318165615987433812670931295413831403669400920158205032694429327082982932462633785672996871184640285707391073685572825757991459943440921051679255165764154471249934383677114757319247688740469960488
-15538844085354450067951181753191899942253681703298337543506515011326420107026784640249460107947893156252380042799311026997437893222458120510969400553457171218813718464414980817321732368620156854093128756936328676565462142460189039435394353723990744953119469999067880427641556365558174454598927206607196698327511981260056775891150195163730271252307882952277686943753975618765989206326737104788328862263290770646942366980041426752869696196028906919915052358769873472288189533175216
-7080746688494702568625563174466913913116498465402254897387591454529278120193158755995135498609785732644384037945218514920898543545027948765529939461151231274521363000372967062136756834794630270936227158210510494139352073151214820972520750460771205815774182223368214715159140404214026007644286103175686250728898924565640128173264410993650742181473828854251180793832898349213910036089869395850803956602629802907483898741676343889007562432011687103621129959092631985266204632190048
-3223729498217183801334888371339294588066676638703724362079118165383005128561154385430752074512399652477586429933194020632290588479555371750174696242546444289915773357830994403218149888252719104670635607730226866736110264636705980272094691378465608005278524415757939210385968522298550066777342980279474828228495228304272576608897919136289698212096077068208606870123374291494055559225488509191169364312213684576561716315753623219240608432408478013706221393938650896632299213131392
-1466424335500742887530274410268916748946018163033402907514644680786656319169144353629214178367143564944348645677628690037632923353775188070587788487389192946761447005718774991549139023628436589773958286023323782738686170486142092542460074322529327938898481726435674515984359852521325321239381535879564049933106163150082286835495424559153629653246244711187676143355450051430395350889584112434348279326535425082929836709904938282438239415900002867780489998072384513912979088331120
-666476095859179504183344066092735879880414580417373422325907747894116724772693313874322376677619591614148391551011471364139314475124283601427403259800690586592506936621154687544799659917483268783987060858996183239107925264812081249141126354125831899664712922606008173597501804665917043000416069100759389241968070075417524930449095921149405573686447333741860352034435690077256363672147739266876790293462454350766097785771966673158596132630431544666799045254993285288259196222040
-302646493825679574923415261128458223424777973373830619998819350341134732669859270684465339304004290506653545132784466336751184385538222729066709670198837375801403975657235141155132171315659338205830053685874655067875816575201109754272466613425201914022920991801935714603069786858644964217214505406783439725676039078353172258077193538214711714999377340502570453123511377938652101090421516889395641920533238365321249803022701911865802013769630951730244136272830521321493660790720
-137314103129177393891458844112998211145664024876033134818519151613459388761664747101837333184342154421467368419368087248506471681261531115615117077140103735077591148172498709318712052910709836771861564162039923132712851311545330783235762028288856664730298266890215123598699794876970324056991478149179490644153911324850387642569333585685669378870078213341912863652018678132916992975926841613688742015452676743795108839043021509234102512626598636171644800256587940038149171861888
-62247988977819222173494944548996645716585873475710846521848279152681756510888851217190195140541850369064565460889740168631630159327453286165429988814452626902536535148465817686068966097710367087680344329107399651205427519465519036446426647685357498411345128674473454183629491367586573973322773349113649901995769551854948145893872213379444158007954451761550876058945525910534216048497523941294292616796370149484780211650609766794043462885532690528895127288069491944192546904416
-28194761323769448145728283115347067963424406524196169326636461361033737551646295069002336716087601326777043366410378795022424792648912488245660508401177415764397021687007686847805376630210746264557757591292586445642496121614695423914403273511370966658055994896193898529549429134594322546941219545007262664905498398045239361432147866957777796186055663431989217278789409445924806525838488746268574374905621536314142746086608600067003719092926337787873305301115138216170866112336
-12759881697066518873526189459982050582816411761798991258881800163463301674169407616977726395363004924341908407246302348894287887049616155288203375370859187334819082112158294004298639665804899451800122136304431741833456783054017262215288700595004239163603900832932262805455060980874780624840233797418761495383914749328526734426196689749584496951124440542861930854479643816069718603661890709392633041706739259251976322368886168920836947442933064852507154469256743457684405684624
-5769819035202141423219378704639818222966197840919352320867946012134465248932244275875422207602706694601817673797455265329697770622076492171661629341729541203328324543354708263452503217823457453405974078971880650717256861430361000201825526654803980606615924124327366712267818969724673998687336504753751620217474685004271911061971288564959148609930140713775539518806579926540669104330803237089063861792206435409228010501644091750221666448180239398730560544706385650729073349440
-2606857100806540558192097555947746899854145939434992792433655105342352516680814084516650326866917536837298062065849144802697869178420778555147509103065278517224791963857052545721147548854817674418495975648743895026011598800820010455169319992082135890558151580275969026666242176321519080348836664101404517432480236842708543889230480662587229755293760727172581091596345354190534848317989225812613876696706726995900603902605482572676961143930484509393109262204077966009534361584
-1176830448243914617877413738914077211633667822888593640814882648803013819688526865081327604226813875766803842495919435602942891685738354437087226307025734209604189734933591146022010747314862549212452760410041725369259936256856875925119292623061012686780239947674336531343605072155093111094949554263812759329345647189985441544859037915338409932292857115332613301307590574931866453679404072291158437851938670132034078796742034314841954442105960006854695209444241037007247983048
-530828625325892409088130753894842636371186881987400474076836877523618514621732796233026492438117813845232024661156458165070002951890062804285225203727292706829020237144942906357461102677101289612414265066065359418036944306320533149831462593466368682210694362340415301505543130237588862287071853292696870152927833383391634162096147493626583882867805802862585254886561361226205924734022150779319088688697495550086733861863107743440876588434759514942972300783037002647910572248
-239243775939964374595945982276486123832893715649038244367823877784087119886379862913996853689654409464432716012238827818316180417788412031903690505353642611644429655018059814580318956604011366025206714962801155632615582649633024941054296572864202318884910103925644928872551226163866328547175979172911103385574506485597032212395592009927279079752937583203072751607844932461976362718714004395825325303483726023871571388493608461985103599887859903042718165692860485746932433344
-107739492717034293932277115016298696166942089459214215856446097648047365124380081920764213023745901168068668987003443010949591343611291938579045890549126752269292604483166527716030385093282895965535739126888643068867989430102610644410515565241213866092974700149159065295769910904370125759008365108982365887680746326386237683167345819277185988768516287210814995027862681180093234070013291010099374778429069749633266491941862873133000689998259089235809599094828817357563005568
-48479623484617176109980907672828443312016418426679526003558064574026961607057554499751926414036418856463248461547533131994625187379468779937289571069474747741976975065453494099682168679886930643647331355950248924856453352222822570345952343911768433925057417038137666099724810802677560483255888809548042752544136315582152595242148035378997605127515187780254906261595231096016489335029840895884365213260152906685498516772361032171619817796221854548497949829893358113126517800
-21796945261407497164096748559130896143711099880359568494312762653820045353302448104891346318114019757498909742872785588841466398706861590764013118224145439610123678901087939636723383455177750244787803925100732200754278451854176726808273789134279143745985464861976819549726170430970071167164859182047879159862463662563170932301238604130430630858603524287987147991134161516497442801046336481840050515863294616392317431669688478606907992051259500617393147859791855531468414544
-9792332304790064573676163372423170964084378646894146492970417316838017368968548795467503719992026494561338007958906822507262243670251983485119515986354269098275227616572697274288603199331387726265971481583885029062355230233671094533970430693029047597902571932589734723155907265413635203768479434898301102331840888545716574308512164395532433506864938943003693041999487745296150586827728848765273468572717571898129237787896213613680408221839531382698151392809803772075441360
-4395747906967711855806723170174769383504238363566449282329722227359281190343980248946090541812249454510210535068749302709701200456116704846392078277912381812022247854703257800003850889838556459736626454704101867113124841726384665705418721325126417454167637103178627222583719405237034658126328976642086274832106348838148242545475383525661075249453419635696470066997067038268692531988366635027690608052721030490967327504139387841682139723616722804812861520353134531942533320
-1971684996309805132503263760148483977844943846688799333617261337004333163970889567590351514520183675164352578887326967981546946166868868601598467390369377188477418650513146535297904417558752969733468666231268433820281813381692004964909807301477863013744969104435611117180279283364352659668299471438386562752706409539466414877951010780232700179874238217048348194577574639008690980125854589618847686321327686785893668376506352100449610473148760083402089329605201781970779568
-883694960534392456518274443635084523645831944358154016214863880673264118722049232615124578989727218742952590507255658718411341925941353865854226377608939762206095674615986858092522084797989978748065589430906976332330781075638938368437518608720573223962766457760756210617459854454717120345664830975741961092990368925373350021852864422931573290047869958376822700945569843840815732147644659170354370707548377715246173033229607217124996692363640466919073608119637746985140128
-395757609569061439204477685301986347925136865097332286296616153674369297723063053150949526587879037476643176835053713329563089340842123616173464894326842040823440503292052138605917116598599568052263916913539147740293436930154523201582422256594360670919723950643180382317740552368067433754183567274646188435478063186938432603050404063827063129230555302668371587957481900058436010364593808664912675795277715664512164363715952466652642566277904572505155901025199990511376472
-177100650825295082806698910366480304564747728820027021207071929181155633755074841303196088293294835918045550511273980296795798685974706871842460539219966710085795135149038956453899259307442929294134755132919462347711504830363961869997471778438281146122435587845089608090817357968990756743568407215005953936577871773895496669063740264673742482575087638516309109279628519840894926520547408702561986416452594334534167985074425003644358325702094000983581301369792358051595192
-79191204303472901946900550756307728936196008802670453731760131722527247832014672662367577633936883638988588804657853419950690888712303603968941685227268899369857807341825701896498853932030818484389874544402561254208546259554367766947341373682116131531631699475806627178846967544755137011642998323926583500253926541005238842525720567174098184449445798157726684167701896004917846315629029374369660296768353500729015471326462407858660984987761577300689185071303685453545992
-35383561792242181554881028243340022021457344684658403347311197066458894865738940428510582970769456724977151871334538697428413816103383772619656267092560367766143595386631516892236521575573067844994267929098870857932198906976118805952511514064267001971744849510990162063735404983100245643579257989823250979604198480168333365229701913013267465365183483512579468477867103887046384573091982341114052585131584607119763663944204498727281944476286548440464382506918778615774816
-15797772057490651869885671149637649393604845392449399353358460696966241209233336252175393807888291582495092985767739579657198938590699753882570963794870345694796812571018525845945801342299763525934240300731901285870592070422036532103332255972753313060268761415068069524404389075286944811896939660595106038278200675036755854488837978406192192324131531970463842531977141340226843905517377582260634843986868994276998394926396089401636188350580468622465687996646644319723576
-7047931937325900182071298393342708287784899692181043064706202188898808262628563597270875634075445898810229045063606346385447252012648697701938458008238488278008391811208101601470111732501052545591069413946626041307014369570929476133025512250638621774780780411333647873728629890634300014406796557496910626886401484781310596144875936085733342436258934251564786144701801330378275905966771611746653236768552552093509039778915454814690439319558788884188550120741842085706272
-3141962325975927919873228178714690516118439800034353377091271927079401238939665816330403528698453968483144195518145479793642128059829603796998040743059407706625881007558761317021679063822265525015037072980592615500570929253332447478477423437806411886647266331373509016855453309813172320603345312263776225686164758698409204306289677365313641052295822883653179643874982312776434908328334336903829248171838467904384418732354834263996631016560266217376353732546241514687280
-1399637251765570772480721081223723847010539798514194580334318749190164438654296609733109602236299935226349843726319396008588294662557007101528233110729106696645771700475739236035584390493245759946379980779320885047522943399019411394968027865799441035097581566593762181567215915909084758055085380534677767208727222951345097199260349252825740055769997892744862688203650954975274199114497936313085421478831531853135364431517891608597985593125099419305689470982416116157296
-623027300407345838626641090835215448578697227836130528019458791264747650592195339595561252092481966657946881773772986837013779767697844878051316867538738179520081725539715522986031697639759202631844865531972590336590345877044112740698079977047739025807619524438323286434095777501552811081285317236870326123920560438401707899403604483878275515526632823810104876908387623741796314768810171879032488120707414139922315776957011487875623836149793124174150171042884440447600
-277126162459193970256813593283997149752281229414037293162299703639759783323661098883256777659750113837977173197479555660693861009639186860816412611574835475227836970902268971520070537605829239595891644921978204209235814984553389930474146449277667787973864657784849600624021046734213321337370497044885152414554802701525732111239453687684850628768676502866040240361551444515517383548874695560280305538002102575596307035302199448823895409155915536392582935828913482883552
-123176718148980897329121232120232557887517554481910247785569296976433572249790304654050756960005328122293696549560169515978961251482460714401050753599898967345742758966687514760555549756540998328356976721188658663571727784058773790304448365218360174312072942704728484933608751239675618598138702717371270675376779196394659462543221665033304495504990884761577738327851285447311347086293489826346190908137358965973703393883470089217917689535422096545613442833604632595544
-54709424807464244824440480469429499460646197833500572726128999933235541130896405275581443227495305131396464745369586984324990750078603731280101812098185003576676502381933286940706512515127086984008630186097756651598117812713126512411882763294212373184478878221152853615567566011132142918533815044325449659531378393324803543662114052887011512929578607298789436273436847731980703467201707318356786517920667481220158062853553221873556728497482716742292998537737836483720
-24281742010600031380221382317373740996974908359183342547917771020354820215299172526408860951194326329179637084621230581392404108886194507427771843040013867385155367473866376743750256368617932127730777383471915632008046990074171625703260999287002311647691713480687487074625293341309279990778841599352836303920751756525220207654142208866953737464792654348285015872105966317055040902509601921008801854699967064438559827179552720111858453592685334695398157879502810808896
-10769199957463116005219906162993684512838357312682361822118186980536516267879687885686803006806358658807114786519424570488648737008419055989800820467623253469578188681467659967293859084680182481877202104466495852909890800334617617532789966137299630027894587660202386830627497847092044057455374581383516654482642050084246722374341996290927593644857756550468751506765192222023733860793842886147176153505350610578196709075491542181015767710742970785773380406127785301120
-4772815772035384595390400739947855093926620974431468890168237611447513152674409327374113009681477737874856669141388986578773674126285373446940665555174321170351349986161399076294110436113992357881346924388057167764212612642053674474737940094975152700831160970777739683850730030966297918567609251021605008670743915242250412720843565377174129055685769581791619849635379516610244878616047216367984273580074761363471748834971394997700823587082554879926537094342536770200
-2113757870178421965268563629053280709737012962979420168263386005606589738471057382180076839203386710346673829467120004155216472442906799506929305540373823943051591063163862293330232970695753913572867728064372307932038671253640164299440806956549299472476966427764257002607488513757822704761510204493181996134094243495808210260972271904157247830548379119082821431826435935707367682817826797674194796544870908542439659602974909610022528761080055254699324396972297923448
-935463466006019853523858369148568937677058775879102000509570880391175944414943619070623463126509472645891764973034373668209739576023953304831930732438912914191300124477388729125767156067878921766905662411232750868174865966436636849770494146270822955420354093369798351269200808397639045154826982839419647509807382895106330869042333431562322737684090831128859960776325543338665752481091819925951733388897711266935396274058794916135560599504054220001615283412156664112
-413705340580749804758288471924202991302110867763085747672883463378107519910126324504637057980702649959341693004720273805980012577059614847856857245429174246845949850909626069766507767359049992199698008771148834471610138521055596931577058917369595792460099660605985902899171802891962250127700441264689733324003976153307141708000967799914536614152227419960850544487196509034467025575901019026862738161128262672577724165343567147241093845131698633802268731720415209152
-182830980116614124555810610228371822094161239497241061942399893757365357556343461570670211778354889813222830480794502568939817826274455560953892172781167897311671675642180324707314100306355318696818118164385507551576491099047934861457627321408362757506435230625378056210451350729343415010679970489427408310155034041533345794770983731704314922819110992801518710427346910120572114060546684907518003163128472066386503424724795982821843902806553755038792413615348054056
-80742921212296434971981010616246676717937607324862126098205917364060695640782810911822837500802701722319406746622688873896719831692064107481280553475675195505228293938820449990262505807915494592527408242535200089704939956132191087554729528055656180338870229584013931372127361139028903284882823051921445265503234851403377828632175507722785857605087307909717942147507631461601093227881294418272010787957570324295381816996440302870202051742340255795297224033865866720
-35633359565562539006933777613145464133880315888461627752413899159287794228712683149728565171234526431939977950174641485972102218259564154551878606342958501390677227172065194602607762652263632099803737964059579654903890100465303835212535896367700944036105426293099871717870964116384643930891333692695611147447524662414139014475709817328325806305973064363152424849102010417840539412118292913608865063189351108870590242267224677769013160335233646445951554712508107064
-15714781330093878543864051119981613606384984737580901733189159422698971939572146511606955455298398365350352902863490592739959455284625725948761147588058121726328348147229551358742055641219412019174029063285099084923414358692570728924257802303970973813352095707786611799402744156951014999287664982771244350960157109704950999767178672669194436534094036310206614789509185448667889959360581837912153177927746200674134162751680772561945443566378559722173100085242050296
-6925653783140871097876140096591306416683606044686787040572794942304562031966077753526476853452894855459182339988522152006843911037843336932680728001663271013804119105865674950106918049166777722604215103807236051213854536606061751550066296004841956367425695739789371038239168245931523194508990409853080408762167271241810769458356134051893434447464814248834751337208795379818029678171462011928544736883419057712557451164887792357447097886958656949955915007696181616
-3050111138971536992162821859911490920154075308998299445491783633892614828356108334874931333874316951331776698590931302210217782302846254307721984442380259281066649947194858328185875902726681961623807114317586983748395078217185116671496428715959944912442924900243562128677491671105067709420290051600575805812790195001969598832062656496119758423029048569746907175116742085687841503249075727390194562184441983065854204773000114812388032314565569109563137938468375664
-1342377237053099614661213738890437414413844899506321016893524983244565814221637562674405959632725785374344764062394062501491964936151574213071668793704439030645648974081335793455937962541016028779576054870806897036194199022575536347504778242784793129458094769798474914309042511852293297163595155063718981919902371487731139147596794853965672301516970135419699627927685838110958162549669635495469214422885195686903173365561574277188788260344623681462239035612047960
-590390123038900121349519585525749157836350340152216242372214482326678849150042597239133846483924500297585519085428152720015858976429234497468909917348057157956965318844493951645612788178484478840549599538896802504271853424046702313590036755340024752718320925096300759272575597832153761718223096858205811598230771141045335703340048084324325420572156648934539201071456854042693402032110535266059286267581486863429187051698248124892926326500972751293149228525644352
-259484084246513416765305305615399593086331227465034589195820386938969320399288962460364362604023482223993643462956580111273739309494312464922410098028795611424036814419476095294899767848993136493949110309470354723135384613938073244817162395162070414580566997455541343932602961026571240895647377267736309849494931175763797753275797120419446654466522837882447813111358200155447648713953660668646862185961813385336522261688448905803096078166185252361253612774055288
-113970128794962431138721999206499666519159177234061945889571253124680441275149440311798093949391426077305789397599457856126897919998864229366505307858630611716310222479634209264589523029743632131056425778059415057946924973738390157871434583605734648576755128374055488387309836245088936992878224792626276575764301120259560417896779725952486398652956391381790900650724746488416389127444364395517124527158468632972531614902013696465045125904656817676490249246245912
-50024360662290118231443718510823052529330723586154979198186246790076964895321976189248474049130392438745906638528515607154038583972522092508395602780984189223215055412305074735314404874665927745864077804054389421521196635599961787007557086491964267868151998660461744505576952540781043671176627104854087233438588456334354495092922094865103637868356420231290392790172552964815974859964746993354793533648987554918885749576904448631074313484499480521714128816586208
-21942381252470703468141788539830237481931561902095314278168074494502016779669432521038712329154485369971488966522047276291374632156940558873602258660157753084798627685241305314347828593275361047763601971574059357538856896221168924126150724884074274081747217950251313809252945848480104448584012512863253139763846550811991785018810086341042979337326783385687343445761809027910753780799664050806877807706285654796690617475851163245556585717799442813521262493634984
-9618318720801507413935781371388719838695774788627673306326414937525294009900888352215599838054723219407624235214806042428991994143439361728077443352910957168998569007047840431922861750574273198244963620462490383932111351022547839694792209598037256415693685158696530104373633098234629501441470791136231309375489988484890957312728346972881797906622716347939342771092675723213545153400686179549886860596000612315620705761116312871522074447613553345061139738486280
-4213366632764152575510697220995015411749591149793721960250629376031301906222145295812315083351233716313545362729402523141976258277087751587476289547043703649224419318363877207733605391524672040339334369463015118915039031955655240816616140365960081795467565020016901696414015064692904244208104312314172136368293950798360789974317909396734789642969400921047588092631833426454499396977221891056919986383863821453455160975528463874737437286888654023292360747285320
-1844486534198061787603643225336809583285483332428646954017579270677526708485248660198170361916304010129684899250012275886631904175555278550274299681126777725367414405192025772448016181514988282685790334776357539836431889901960500226385901231298479406173527532143166220051357831284397241904394443137153836167732712842056758067856979541432736927055390228134902890105613646350882991365664094370809307350121167461493893086352757495257429947613881406102146695316728
-806936450422965325287120262425369047296399452643985602168237684797210896279484007054382499063378368464828585133554775709149017806672631956135383729093007452865923218777691139900478945814726708429116526579753053882083586553448288394212634019802787201766002254567518179624679233683634815648374306787866997871054956362274042610106775331380888253477648392805633145066355846001720762104593954638223855539972599274581383322539552542447466148081413789187292635330312
-352794844721884721530968776756554868590465527199701360725015610439762513281265400212210376442411809931552482358345022697289134339334153081407427007283710739918479374515978662484998598732958031060790275385297093158212953081770719808547270242349311263304946276339609888754207888868622912092076445071091580918656149331588880917051451063392919521800110385629700282076617932406981318281635534489590422319127587938497293782937677585948046437766143771311654493215672
-154143640487001977844936562329346224324102944869341502228696394395803865432694266638960350717694908562086405256912883126662986384466689353406367262024630118644907474798375866571652764716294220685128180731102655601456389864637640436502641432433431632023877783301357889915598771192623241958119253635190992225090850385867356999661964939817038286083435883489988176198546599120074483468850681006917957853167587589676187700853146626273138506022075629935237699545592
-67305553218639245600777469635314698807387509199979868011939454625501885065821436025553196633223301913804748954604497859429396498156971318242310570195347535130742821295966334537589203730798973261717338437507730395075762133679061189307086644856903964305286686131007008400350522476848485870460846024419775999255336321146475806328875607164977607485179772524792034545180383746981946295023431676387284041601500563283413564480860246403022673277684377169763196944288
-29369699191252721840116767496246082126448283362847976629044447221746486892488428749555421829172421467639157519039761506643588062266822802758231996372823064501390926039185436314267585112475386758835698979159731544559085096262826795920539345408220215267678629489851602186592402968920151749326317146456107524281766058440541525406936045042824930918093934240591983330368048339465241057580111927551120787115589585595754766573448191785563132070683022348841195474176
-12807749023265645236857244184469823842741112714151683534471224148543221206231736093416196828326718849452086848899960403629706252994067725037693761535603324162890208039040500727855243566916703230698802625948477233960988053548474589795721823166382844910522623183891309449156746338298293653535044866128819608598512823389534250732701348820865474231624174289068890163898949368760357699802179746986445034244432145444497088066879157516392977788349382152627006635376
-5581773555657486981404970185330258673917043196732227128670660025687165453147993739570362474464181193394925998840833087884265610307964827093270144934253460775069189686850515912193515948605021913207266339811608168400424783363065546176660586860665626039750136320745358716814901226081507299219690919322078287257060816988146608236482454299268741530470021149498774180332625111634067249432808178855963178542750230981544676683574317685653826899616056940929213212688
-2431079084567340474056929588292230798299368821951412322588107008346721694740085329572233571433710794019640558366386883991471973453139992265205016640571140929655541914073438085614904638301575417458849889590097503678813259776623437536960438140408010423547356780439647222644265588744662981444994560585026542591197335813222272124899010234755049245193654487348263537108638791847677814650603135317949609342747897909550913617624109442815384441669612884563841683160
-1058168403918491950641578519741008662596608562853362359086721335236991929192051759255121722008257662664697442291036100977357182914775879451438838908344162703621251024909725172720204741535570675445980796925159176099732000117398967695750375769075939396002334976588426270572220612741218639451055384167142926897012685305623772056839699618268023127138348060276495525372139617930400300368276670505710173690591745792891754233236984161794905277537808045535205619328
-460299679256475468968697285410434638452321951169847394024134898511836783741820222178867495787709723845255562907940415817830000736891478061414360745768337062809813945699779550417337335248234925723319877593239821001807191272279250544176816740904684212545555400896320071291135589513955619177116062192423285747076206655244040763857242286267424669101097139883459730631619534438951920939857879594382239572408936461891085236213183145275758460329194162868275477280
-200105061367694193863586431640978615698379815171313092233352175483429486541941633951187210884675714939542829993616536037522025951183414543166293822876392669403548456686028485933812110675961411661181225342768521039327519268904103683165719965252394730996108351606700106726169139764156477663840639315017215875251016255263165420610661021656809661677856290316830232800893639788504959050060080480520813795227233140168781714662908067296552696802378257598457764816
-86937735055624297279371602750484737417247353762527740505172878773330703733677153847742754157795240182657984148310925686483046672108099897377705985379765414304123470355075548924232451483832456981643225653426102710017126035811497602082638153343426380002228214812818339877026993109748633570514392124656213767922411672772022337755229820588778430672733108089855990524435029871603208003172264401876559572431087544088306207992011884293737712033928608621333062576
-37747894518885857851611399291129243711508462108527831110022344265176665484904674763727820326747806937696055262366366503354668805262456288144011454478646890692717352088364981057046402189974754780273384929782591755255576772176549121765967647702361328149779193402506479413729019568960996603839578876937308837895215580313098194068383268058205111582580021255357509581107624116274834976101875426359428209808134290173822572091699158118336619381039451063745556768
-16379951564789520481002470358849971686271100073582968890161791670598142282743318985565623738406557851774544312777006920302368983908319591550588971774181628113525920869750864719169349333604467391222085426320894872846492189974490910560172926398936141346759743143170834626822130965201866483350071004061694871147144169361053261742350969188648349425267380125571853060038007370229856838072616087816094241495424152813420500345365927388408967478314115104494689560
-7103448854513272011278668490269138801287257827774819889861201365789683702683417607211468690780482025271382056118308350879813432532715059046820669799253475428503046951737144798232833649746527819200007662449940707573375263982240823575367007557106634567094305304836620473916948274303817450659269604269974836224503285056254334465261800794391861783628062947552819641367722745169292364166202984479984334140377152068598964432731183598349685587852569086817747936
-3078675751008874505065851128632535621307241210345479054865273524706258390773177517258758872120504849950138915075477280129083196486640697423972718724794798788235291162527431439744199996936858440852720392935978527853602448699747226549178699230242537604083062490724695213940365802473775361865861030665209337380715122120111254946689830190609940614066767879152359301562707728432188567722416662445317973718128245053054031642899029600212224195117425935335674472
-1333515188169377141661248828549601472716221989596872242298126051488445135425025607574004292310447269010152423533127123072517247301105641069263877951701926678146967297269643643890726695453474532537171008723671697017974427029344084774913636622839072211091993832816775702607012808898924531747768049085363224479401111483818767440695555676331166182908270417263804218742616702268253654120106048510527412428874156981692694023961972822959827135285201014744633648
-577261465457145217563389502149623761989645514888831532934909937431263608264548079392120855794862131995030746563635495442808338096483717881589700500815689713289929701713596410029427212621722556392753823480358512062665951136726619673117443286302318925046354316159783224337459400840005748761027662352582239895695860222948356809887434203863494170820981844270696316893945282988034691584266821503891204807134215585865804041197917662673257050261306014536378336
-249740517405716160691702584064888335431003287506135609870276498894090869452591196404799162054507806352437315637632581251101323391527138936771263295611844686101754031316346211705876305453012779069048045172618207239094034769460043087579240984432510720211476263306839745975917248169763139260949258321070681839575478354908351543890643363339101557115731630703921324463648646544774412859458819375065534579811912424896757459125087000966852046225232335847108032
-107981294094403131809163840979262739519078466070354786212813316648305987316568932831028217791212382157246787807521367830473528912554430887143223322162071755263424581502642232193257730090618598836710087629127883697995800247161820206708579965389257096242254127992916530264427278957141233149882639046222066273419856734299516399766576435139021649620077685086453989933305269953482177593061327543198780001700356875261963457286993970295782288589368277831855888
-46660819550129098434743975431627896488180036138499139370490619613268629738917948512551008479882544441157224401269955194416397896206322134706744729277667104691150276493227226029348668274464119566236091040956360005012364520837095576405846990882847602557682860274557666691569082299022366812261448961798486657097944431205807962628827209706710399475819397160659234843662875659277334139697831991027584453049767459996310391274370193321872817314809388610625544
-20151238039469275415661235666485436667625499240501286751003187344516477554703850213342576026309134472464037583431200853859440754474552204308232061533381125334656865516619925066865625044955856668880579289161275596601710216953793833738028428303076155375366848081813215073574031476991872812970779360459895865922737075857245278969054898878042878204728009448197428889559137827570312544885297928883852009802900825306204764556510746379642416992331384471006104
-8697568397746839605574322155087856575886712449089313454839694173735207897962819689259014245204026353131858071220289030777008729705022956170772180418656509623016457133242687265951700696265430553440132385700955321376729930087639460348307791052194681617576351429103067266060706819400826487111990459385871071086690703046019117351696655078575037534585837351065947382763867328952780153864254247852321439846994884082607529042989063129728925607067571819003976
-3751819391200980713433255754628205349534774936934962893016991570310688474323708905421697745740010365896256748456976175298657948267455923105302223544344727594979735251144479473109302449518508724890961277007779997674290236104736040497399012103364306219626900117273703187186911958522664732560617728341284602330522618242329504637099315352085050025500257564765074380661635382296345264503990442224209944554392688981740102790116156674979040080988319461735824
-1617465921056877117761927190464547962183944583309145079098895427963916836786413557989020971894029547746519764712414106713118824231739694728838191398273154717439353454317743053520009915044739563526329406626521944769526108873767980309555862247158561378437812947030935009221466380816175071425098243981277170500279094139732704005926615089035337630836945897544916632957239273807017531314631770883161190885951212579928907474755559082480537792586023650242144
-696913187023823497781497997293637770678873793696526402816339842627814154255968506888245912332569622208059390214320349202937442775631900247838453512531118391951001838114114835641739196317803943537680838166467064722955001457521072424971294087929191364547970987873407261067973848115868105023301797098246590909284514748807242595847763841463542694808965191163134189869125167035198607768268138284255596610077671516484535463629173947841145684321079503028656
-300105342682922151290514891420154747559458274248728733147133214300560052611986453906748707075718581090478169177172900748883830568461068721015381055950759108394164789834410438172781130809093290270833736327627837195215458555970533724082542867427698649973266977197357810114416176771582573866106181551786995500754657098375673370804707854816877194776299722397215881700327808372184899762143537185379711176553151497037200473450088292517542434202691079199528
-129158037591037636744169855201154450169965885448307761312782721625114110811750388938119867102459466540143656372504125042500500173489017002369541011128309343437699681653000138745737104627542131713581669210620292978588519270663557199409857175291800343902995152341450363178912662234384469061807512649331768130055158986217362562793925756705772740830319736051512693601075506482044520161967328075632329914648529734996043995401960936357711682414582542019400
-55554976648816339381337015284808871199798740552585296007437262448951041857716684109359555860976536885641069711234533500395594886481794575145308902590200225791757121861216714873283294479384628109035954468066645627936301311225884545183634471396977472436790755913386962710141644011745378835508168019254050159248074384312804512020226828006637354132932150774290633536179244061235261111487385172318802273660297142519954916511557492076734104572591320636136
-23882482470451141253610346154595506023404100896922126653564626447057267844631720539934112042202085637064466919079064047763643985080725417597252465366741356487546628105980729392241535517407085016317957566126728480485462296780800333281655172754493855918073202932544744170273238852990528476083233022422237647478272939650225885566339479866601430671053648263639516438796159711985090626934660029091000957620269325666384136596388198010355024271924167751880
-10261056268798177216176660712112652411215109470345160259050956835644600409752880305339931103417938531519706664553552400390015081475756396157432069479130263369631655138504644440412136452946762252727975848101423800308026995348510024814290423906587492077356550412192327158478927198612570831025978662600119833596305037448573459296498493858883903296992418206098941492149584093748803640726292927645194417369531847754298865496795860929432286903172743182008
-4406176617557366147909815888153702483162397382812491740036588664421301071265276307424876229916894805154065855027106785679641372250837930462051142302666570139421068943435746697054572001032112806680100689638913924283075643237701629381070850103729492957718509827342518335495616350009670785782101709252483527526226716524386008901807247717599358035372708169627298566009380435549302456825801631347909023653480020395617653000600935515278858099572603804392
-1890993704843096637937738087387871734533545129285860532713219189858377781423848392752906802346193313681209649510923926703847686020593438948085098663746577285051211934091504267256284967459827584135951598937842474615162585591020754117285959939862412517449847474319053505064395766867053792534187446559341924522102519847537014283437961056519377718388318942263693043566880350883960053201442578903123326578538663190974952112101863914945682749602483771328
-811106204762298656212740912886043369676327371130573837130363267533376979989134995245000248627530223869695313273831574128563391598531811231648228606833984393622033631254120311151537196677657063136862410147721855204039405256633349720482347201551584237793469108106716498858323388154719987425969107601154413518841023331869477094900495844718464659680628788478091799668456783095692323084883109201602739025152439072227826667626245136984391911736297428528
-347717000060466459991018202298195322943612078113695490494552723317031605441724402729010271322031133206047784033400066465980001944424023966557460469171277621555615920282892021138700259083310527476603967143090272884984421029955620146741382586968119200625522911400164361964798854448021366804063738626837251555677493158915497963624909722519874490380011252989566608510809065087998908230534484553352044902526319436881168233600059604228779413708701876232
-148982677973706659706140042889631546207082758977801304332614141533998730971414464398511581538759259014523461189055074582584941350562954114310935513533647875821101121601840172952667565339830326277628052899308914260665396098971253323062476961743395178495546396041044376184663907456045983053464325821950922567581855875930612020301297066540925112913188335135146366054226440268674436021523562215650658337837328427107477843189346604482714090099724110576
-63798190989060579059107716691706196474327414633239111435161349733778575550974504870345229535167343360953624177167625206142812904822544223816191942816776714902302587631571916133867239055380359952196241473912390888836490776540499815962746093211517415889062462221010876312429479784757344779220581261554018432669821034731512260879834257817276032227096659351809441377725844658402644031584894070571269202996501062833033651444372705207577951575912551744
-27305162330262764904700608897531786601602456763606733661187701831544410755114209943286687023806985149058340039077951134547578152291835862433159197879404658307690044488861989959025418329052799114814058980068179135103762307533711534082558524946337721601073716395800348142844916299300118715169439536260594267642292475475862457858905803969016980980530868185287949166487220396282993049098499028989222232220362213703513463653493921523178418814652218400
-11680085938220428690960829098016766694154394738890113090165583662638540248024614886531383421554670620359314683553746831415283818928620891734345337672549377732752887207575546715490616952247657316137046506527884451731977022209858244815465070350249144060829526956889823375282007576676871808980425845721288456224710451616649359491505082107239404226503259332782567185537075891953008513421419294348173909574011077489496142748417952232346074914647697752
-4993594221490719562533947867885168430105998402065393526981188039806477440436909222867405824370578882577422521937314881303769562932207877828027921506768426202685753555717312936739403470411066874555330808810478662399444052823630550119608521363909743902846268312363208128119115431109329737556612769859164806048243662977400430735320984543069004403009400372896707834480999361782161077288596438252648523249220217892408427554970516493681151997249962280
-2133769211739829768270398985804231809561000226832874069172150968239718106982672940014060553770164333010829513061696766461858110441422360407221192032135380965264443359954302356919275671695733333049087474900098855222077507539999788947292251770790901328376392027844639620229428454633197161440079140209877911335863702048538028426699015696364416274129925852406268638934049423610159677882111190550777945562256947675598212514985247966480714795654764936
-911275442187006532772485982573085401436903091757805333881449411196131924245841515047730233209525064139591170243823746141642643694219434166680809790572338199800179520484064462027638456607934495410394618067101930024379261557459861394973283028744194368104994112395344917708421306494130327183941440235384708108039085704709743267248850549553309746963003634278062843398777100893583659371284049650867734342919761138000887050337923219695700405383875968
-388974337021514965758188867603591526520119889140717521686144561844761687408291009273989074378352254005382534805961380895198234806040020792574817742997157213345052684968166791806980637458810595397877900922676150530461115251796657616145420973980695665035987131694537389621176487125617229974243240008053435060552015122704855313498532622463252494147549499075026065162935516141926601621543984835462768999494669392335345376849367633744231983233473336
-165944291608713317087789356420522978771453506995326818831203741404207657643383691542202744371222849825551954645925199817171525501757685418184434549589289973204491540187635834309089679186037940886574443783361028489770334832661054972220223859513929938337775921343548031254225239202455911047600323150107097373232574345763105700415171500813388483059761586372893168080323386240458387543980028782896237289719471918074508487690898859538979133839520576
-70757876189095972705572384047909126668655779845323386945804489459470140550572326037406024261623458168243223229730539509704872285731241180554519878284504908847355628138744261946668187483404178591324951320422295255318785486887770065165268832909100035334282583275484246997430955806179935447103210768233197453608255703449524240650575064778229508226556263774770291039226936046515784476599667869889246939303053358350565391940834127484745388789826432
-30155002814340597618568727804057935407766984823160494648022676423616070742488870011246101655978820048305428477402594767121802081756882379797488546979808607410988661030371390769135840386439114224127938918335083057141855098367382508279771920108068222371533045896091345063633134979727534789400423032079815511695324827842513187815332288026592968580504575857677775142494098971205130524423211429509240673953385336237455820745227831669286609138550608
-12844496132911299285190524601965409062840289392535356937740457761865997196624355112727479445302791079615924128220129741324567346998609065875156252211372522638229013141374656505530245313616847100311347969215267002796946258538444520701394435735913594153998829642719717874791506648352772034019632123453016766950930398685873657447243382287954214486350605647714724409696620533115724802666013812689900190287578228810723894019466536218722408754180256
-5468256527155051134434778065172973756218171663437560565929465597471386563251996341290685120875206150253976893849197714471933924946131666745364354151659243865653730360522465421601341198513445685662395244067889537790216265716892749381653684920951207272777561683749624302759137616035644942107894434035513656982664946812297321968165497701355570193895401431277111954784096991220331089279228591009777135279092818312039994500500969693238188847427912
-2326782468191451622783931834392923626659024877726885567051755667912569397079207955582660979836581676586242983449969055212203839514972638082210632124664177853617257211145593515551379195471070807459634995923818128684124096105727651553471917127091266585508524097343182223569603595457201236768983842610409220045965705215081855647100689638808918806517314557292789592108525996605510701188251361235846248131790959047939467561347018536888280496537448
-989552315885185383700572212210138818952784416095920128188211210918221133996119243572343245666001781901567035828334678909367519382663800233682100381182045303927001295636037545454211076893055758259555924417288864958599564671865347605429871135739382964006727215972130914207871646985828763077415622590278933886350011018174110516406130517193711918584059211805498602997289203832483294165234407910529670105497972723866535033462390683443163617735344
-420628583425572490868765584614455985992770856531734937039028142458372683091842844803263134439360697365987206052659476578128449005912255142327454600852051502183595826449541196514519768943852642937039848306342031214532613159517270048219080321494037110752472868813714351007803377883988438079236733676943390263676654846554661081239860951609156370528744182908458921016238243518581047965589251891566056412445505382683037868506485493855115911664952
-178705044655404195561830618589573184695794883575667798467136331206973630601931489255396340429359420302902541520185338549117533385284823461346512198206814142016587599143558960187229822797021828195641449885629841680388953988860853334378227894499538803219087370123315369302464914237319226377714337567897021441280993905551563588282326811140237919302172983601901024649709797441492872699128329296715132536741791040697564053683689624757861842149344
-75884627873647984836306374272148974661417178029655534542279714607097443272098130865551887304574965214925393428209130893746565909520171569204850065672015384971377605635326772534298912960250850643941190029477803056689424641500354468930066367588450403419707648371127673704200730206800230714780403023002097905984452133857939248421885889721716032476403138791468835140742201512091315263750235785936384625539540093895270914363300600625099029898752
-32207033112808438639537612206936142124497350611337420042324630387337613931880315744569344200955189148456598671782124790446183975704257124827275254476332710109870965523236694048656166982815152981188758600107406269978926901570327433655989504654437436000349042370538064325865975046657639702247947146059070195210771237207481867585218990631341152635249573445944936538712122328601767600179104488371832555389888243391929948973538939362541764218688
-13662446909765174862463935502428391711906621099818150346714727865222379862693645901311703070381181674716295955247943705084284800464173467907701558001769756373270355680338885548533777671169651327547523823128415167370334385575430106139503807070060672619660614095127280111986056571145312430295343715096575281545940550636001417483625268872145752004686119239578731273165603513254819209022631303522300869992471484255036145932801647072746576937816
-5792793487327769421967360765029349970822037323061260958316293786524233830579827619598074936073578822308323336640007319432615256150866706070837756041365914276909449493997262626169487626888388154735111103752097711926669497756814586959412800396568626172334780491972448999011085884698219247333496035678668546326789078738302166202655352569706982808870783800458161472045797602501955867707889589960675589470781393641702433621540345314200942386872
-2454880318141865521206350199774888624089985442190323506294346918756034388034427915752048550302445635576581792113117928821905035878310422695852722600536897868811317207343999209864279222325506557321116311331297091545921446085871568814187337695313546255254677849513356654377434210709175204164815769067785153195780676854739034587131541060449514767578152483939052439429104215744631968047132942540437549600903157882211054202101003794316294506448
-1039815390640359165864344798749879598661640925619411271317110611682723104294950591191392986532201981115737063662464018759315672940317328539182315428170808756442635832138173310727678272969066268397185395417556528093765439006933613673543583021867457492990565676759322684445583708580132876863289245906130672225236639897428795738165151814692161702114948179844026327262673131434016472341212301954132566611963998374455412040838224546333852956080
-440216900569462488475002796626057313935049545963321926540386781223352426574216516779778235329311473138573000406878645204823058689783565995569920932691310329668076437687989664040761405020256785768583699870624544082286829252405377014498900342460799902376119244644728234723462006116319849081775914092837244407533984044518101257569387518401481280332488827669761486175732032679995170988566620576335644379564287631266379288688933339398861686648
-186278461377933795592509697146544417539165686351875848348083872387026803824377336363131183001859296849548170772489426629447238688911711605355656464229189047182084277986863469782083832130444407683718898174340814843603308562280621310403788907040027920143699723773805300452164096640931272063852149251651142811878256918004435940242978008710096002275180601497818399141788387771159056024744094487993678876920807232801525433856029138738199762648
-78785252682616398317559726671244415376378838988109348392259404714130206449177645112967899705965591809071540063494766219453220893988893218560263882367361405182388869157150987049680578617123398647295883948301462607596873245513993849037479754585954324848638874492933324737366486074258370766600443826519463410885659832828083623600031727460741486560490761401719109062862444583686173969259218987926266588991200913516102028897644108356229145400
-33305386300403003772266930078350086878513672135442154127726364364960571405185927528896694216131065190695275519964359513740380318897480619001863984761418680250255430286295324566264507282058169655768126041982551545624161136086243944782324846487771838956477482569967101173083893403646306713908590613183375821079976342337021446847914774693768669010909733837880173353407988893955941052972636473088102742116059072292307494318225416774566111280
-14072529173390256075131530094082850582442838681587125771790890886390430834821587080877533775697594784961443264629621545766546302425287552053056051708284041207822490351731157562669842582634618718659598707489880363908964963525093756909014734082312759044411361100426844163286058977104240019738354619674051610878006791721383165407352722367072317101213877431472892788839983598337174796609525654291922306771894753103659089758508298767867759216
-5943179661216853839365176099401315563324143296048199443930011286786325858441717345852296072584023342804445315496949231628861566275860095732678793984142566638379681864227609912829249762693186560483209207169673854250674046542859456353704021812204859015158393732468510707470457926185976296747416733307023156261446738392812768877870196047944875565173866787564640140346889217424250791674229240713913675892598582572570982602263752173707596320
-2508738835478089601374931231301012264780436694529602236810472672362889002842596466554128179277849078114030549013212586169706761516479636460639731932537017764158005869388802690082242306544594045624135727881515426774851922794828153285679153200725611531645845245384291329747147243825037856197495333828449049961151228733452943467418889894439311621639879972685975621971006365801101291195100587350536488685609667056916750276046962051777399648
-1058480362936966621533936854069325713945517120676221358502648111678732132220558309554569570028875715402557814036083942217370005213078169356376404315151564939314335954571336452758306608050766462084378543610975813573501900248555969834144674536578480726578261641380590539727292746520029514497930038697529762342174568264026548911004846059472776029020533046770855699813769570916655796319990140534462881003112739507950002058380447035789445408
-446376967001007478598837198686658009966161422294210359914229512316287631533436096037242063088428885714009553541497738321985732614128714129749038261650339277860243553454169814765510700315454592814261780468032194932280182340057411785568777685050810567425631627670772019189858245701579491627865443262500878822424119227021050254992177686475423545783455887930507783090367364169656543950054305137687928503665940216409683181567150225031984464
-188153898581355753212707963685535949176116637321107270729499158739844033899619002296197606958644643336417786098193112872179673347650920694252963854819500265871696019677808594940263715557788861109773581954355272417139007314970528989309086098679053730613702766444755546800372671224869531049402933134253155608607682278328550563641670152355836055825202117258158663928476415785095043118430095543088873144523467901159570084941412006672649488
-79271666094842001265919148193342418440614463007772649682022452655518746632540746435967917865725904941815461690085181101717866753224153235399877158704257907288846826183922629811346135647132657288073973271176703570070708536768537355318286433226274792081077915781658783001962781503986550931731942566923456111851819899145542816994841524292423038888361712113078763269355674107913687846656567343928498214403425885930398249596012595212191896
-33382350454424235137905199163018581556635779369465969948517097561797078717161239583937468955612311897792941693301332188099169501268303786437724268025766422186905816136713254008568024113146374822090862743091635261151431589036774392749075244039315278534819840271385881114451596538845234615079914057127418487705611976953321486466295899792950620481166581285685235587657208764892204778056359507952791833890205256961924381332203521653044488
-14051116494852619566501821399565544240268756578728103304014116579970399603795896881235886301285914097105331033297847330638011913525493419372289267621231388311161416598207881227498626199974663532547074639694907232035919516385169506855962619437864228593552166998462883726939148789668412546462992134251637807574246864097026210591471474039063042078004159169653880590060984633025616287367176220266082923292394671895771084346810984866528208
-5911539308029287238659488191062480476273147048997135960426893275485591767456316562256482045351295333679452850922180488849735361520201446820962194945858700068159159601491828667080700628805004798995235904220178990193462449913775486513257520926576451773164875041872359296686802297822461076233651500395195021994676004317610349128510993033295375349368955645140552094604105883033302200229921487880362508184288710959283463276844364350994728
-2485919016424399547476457945581280494521909156283877287937562586140756039508255833642555766259592535776453295897987557313583237376089807543411961416050622955403008963287041204855853920157073708204562615944322746102685296654482713521469658178014852158124932390950542689864732388092023784080753031483707058203924832517083706687705904666008045548969629482552300879316267116704950572267445800898043066337919309618524415963391146180745704
-1044890631968145395789642527119123969960839970967378442771542070110458934079931235633244350067271343934504057477115522230578365113952811175192112868680306674838611158670320922676156879022395953052034148301186279881965177175851079019725021958244062316912155631640396844129318264819128101684067424306503765981921207459801408009885639263162675139483354645103323438797911829435310603898705185262042607276739883487566114254708398982498616
-438988323813029766992060580418536344688248954104625258410242559328242089259249435404817870951114781234876628090248767880452420954747159291529579436988976126703820430671389357165661769057469322092030923720674105830445320415789917236602206778215817711526276203577186305661905903584915124332431264082667641602182440214178484287883927871284027806596034479263925681370984192344742231713196837938216952989448137980835517182939266167658336
-184346196617786134700100527192255403974832734783921511108940017028792102522037660056133655474885523515281082738206096984158822604456979271722501688750590824539972456929614208858303317255073840381699417157982974629357939615211682980476692733246596229039381718264691821772405615254829946914104699985535808612857044009652917653452665643113097428949256688493022160887832241917640492219127471256668289113514803983960683456602335698829504
-77377603055439357674106400448699102828608658524362558702749458261605253766672883916613111985176959322124513461789470616282546956943491573218057008177276119081671750520829569552384498662821589650872084300491333859100251101356079034362823599285800499037464495405593223471268717105490315814306143954251244490469602080202773162741084209159123607256419742043612022136611501837024129541799318159785617094594817926990477810163963561766064
-32463626535624527511210356548597932357551215084409024673367960865755422876877474269135520232152607009542054044954780226581654024079600139056234735970934524284850301514285446815179687182961479499324806850831376421333485817290454786995926725114037713616446046487945575652580348661804041678610799665669569639010949275859508896110913677746173643803729978418223212651692249501125583161577626475056833766116192534878909105561455383768144
-13613827783196175360444900474389880634899131806780857358890050484272419355465817121984830334919311368223811326448798220726179818003277578676723137597488685823548903987676062536411484937233733335739684509388193741863389824986219431973612411673182708090093354924323851537978894758791805405034364992227254304479370600177240813036038374250315667758349817958296104379736025713406115906942293405332570720405879433227701560878815030474048
-5706445977642757621815090042418192030009735959334671441017367166793527225533294687781657155556774753156091203576630627834134976558192839199610264945373535071012592335222023251916204840208675043596926966318273752526648803428387429954297246522079402696327160929441788498469066947978217612620769284390636603341026543195434150657853059775561632872465954318340252017874467330168488135009096405438584477342219560626892472622088462044104
-2390860199849501640016145980774983836428849811995415485117714403708868189863426224062867142977023309107525075967985482556910956755716292263873213298889643817571073509944030800511623689220672847009067905583204962501529072564796924105493998874505399352765747469725897743348639578419627468988218827595407123751659015115921767621010647618536743563221425577362183477119306769196445590382408019522220148713637063952326276665126457657432
-1001259014547684430971615584767208262103207276980935022621766878292829516306350117050599687165151705501924071643266026742606708915381027008250349102813904781981544366983225166134328864904670627987716310326037333252183933511229738742509240672818888097395878521675894627455760597941220385477533891169857820803115489923176270327467324851087520763537993184155039803499365848907321387149351786634995412596874218098678217534137903724632
-419124689394545367027036117904433045889398986210402695139840657089657447782324358989234445288405228527224739398310183374195469951064192650885774934120185732512258116753857937596318538390906302505114699456435419311813332087587195531223130181240007310232241464453308287663198107345869695341104609269858086080570965446745775353283269498019770318633237948902394132272298702417208924076736468867390371125892865398369192626728268784832
-175365984445963371616849209171346645838990547291482698134259911417002911954282002882252635839360633379335650052896819800829340121832113714186841971195255693281663173704439018013012299100185235061839704744765126967588832951335335136779571503675758610585528602478429950834077507953819846438831149136454217067391554764043493669442530286854863464854875302902761441614176666055298292252828353928061570023487308745925353814449286011544
-73342132158148113330676437937526329635941212361473454105728832665332494517528232423905161300407554984691676049471212684464870634272299359738799231998877107627288384411083553795993538769713474275810560781917559727742946666501571907316961937121546205561715684097344065555158018118025934120515646720044777829081409341579258427178808832685003564703431701077844847029213180818998004184554065010518113136473310758702435708855686513856
-30659743260265476810752902851381726481286944023684535102514217204577660240350959433202029458874820179657399269684531141646694479873235542919979281082256303180694542521694183152659705334457550151997575707639893828916273808791152796323354709402366222768784215521832261581517676447570131548463464078310086854850522200895059618621738109215185002289559768457517293569837206507436637736489176588287488884285977238541158022629118910904
-12811236467773213725345696034060308981524291841979006766161813349553350581406365477180818287207751558113292304356215367822717147742983791112402909454261054381673114762858717504446973525442138898631854184601880155245352099803675653477297981603089894638613144493695944555927084735469977059326465270877432390383737605234242385053460659793373766549299956964877979967450847948117135099934689727272017284700678058535398599042349089664
-5350838820072543033966687000148521684010762950171726999988401196230419399040709840541700366655943128072213860511573017848826038906926261147957204245142882924275881634954701734658154479888127968537425970403988570412051353364376268894036511604771405945963171726756236606808501139503706968460165029311976434650065952609081916575346771651492976271760903630137631000517484229971742977179657315064013624242798207312360115688791179968
-2233889624327094078026180913632473024165265478556080851869514457558435006876016503736473832975036743417907933168829776649656905298023505079336332513919519358030964869864240129243304400424028072263379610569996274598989476404043077724649350183527389904391649871808165052749222383828179504042725873947895271875665411455940720061360846164234753846229386925613948790418330192356562055017164345689548485330190364168601283917326852736
-932204723717627139224405473279405954190637324435392108520450050112126991714616995872095353523371781052359910168578726562753568764497264124328717567161345597344363801426790460023705207178256124238252736694702329614265041266704135344338997969581069618303765469618445179043544795851232633477722974529087123550871451295151010660054582709462251007639797469147291941598083452141008740720173553989057501875947587634302419235553300568
-388840376904627702502826795511956315532363588693156416325539814860074809922654939224155889769370084855754875121246463445936891123507007516642137442108739562326509300369887037216758324418366001085806447589432607228038479548165271604232381778407995875384275551148601492858324207742743475068211372061182865711574042894111585096992885896289085069874053553317604594917092984920364854402814257080559707081406940890936255909942495928
-162122239962145007026515661524832735982115835151843844091590289657397242911460626629671605189568151116078502272346344014997199464053377561341389638377737745356364600249997790891530865526876693841045116490488624222111747604963026634334657977762816247388099321754711251940621244648938492877497569775124584234236102161672683984411871604023871457221564497565928775749425294805397917359551209108779348715210273377756199357904331488
-67565614452432486468441788804821039802109887514178850463490363538643701817784707729563880101786822857948734458475447513125659085244955131013064233874484559806530319519692794840022851003232855167256760654220750088858994239504260251157021531207302093352999000161569228383310813134095991812093436622386810276239817667095817969896451002833311502955600227741052948893495049072419007783170727267106508614698640009250018684072671256
-28146310006673357918950930146102669672746146092200656580032895320880200221153704180603907397890069563902427943249580627698860949824025041727661483031528970663044052551104014917661612162510439853657185740080008954290306964846791083415915614324248096819178701657158155493941715203537822973795509546523350570145049843148511784048853516277793293309993610178390931072459720019313517648066013902944265402480115715001506362117923336
-11720078070476965900293000455348394733059823294663079472185394705916214629000970828788207103164482641685834027236592985711282724757889900605831882386758180639710701828543096144167691409435502904535589068091345534411223358386019050618501319487534662248305678020201111366985998916352378145513200691829156516431256091744896919987494637403347711615586024621718738251975574911703259717727274973362982196919216602606212940697536216
-4878131914318823879423382217828213541139960776218615513994050634980126975826067502867207044062299898648477320698851553078408802503131047957714496663779098070434409313275986624978601756899969462955910595469611970825055703355165294942770382763471585343990320083693504687441073119368898067758746853228275622705135828666781781319897048736831719535541185259173158664055718097604759607982790259494973622755894273890606826468409880
-2029510323214669969355459887119684963596718703921932727197597864154100616829347773583589847928314069616513414747005023256957218940553521410115245973405036001942915260619165375983424643217248218643485591545060475901587697172649739417890393650789227684752081206290933618599563762628728071989132636306316533372973123239732130521720663353895132373693612377504711748993294208374336737410154382579299103749551617158169944878836032
-844003726024733681837875920235698221851505801637576553091117015434291133739747061624398772500214638640431413450136677557130657619297075176607690931851747792330658750275430340330660894377203824659103375034335166704570524795763095222947474916358369421954308500731300676503737003997975675643421623435866326423915471575824428120779775693857534198851632400943682826120721299709921191707257782828861715505775263974704102419507208
-350843568031989536662004172439796022619961649129713833990875665710545982803390327172848542664595019681818961666495445224188224567777486290167109254347748081108687612207082625836624780773782539925755879850000357481244789070145921889411469509501546563622404991631422722645337634212960208892931612049954838279977460751914573630187271827219373285246455642015577758341668304942855015872279395934822171659486848328017079032191120
-145780490312196924169071686616710756326894610825338864310927733920653089332170690816243675243415134506086766973617090683678578462046477559989523776857869221864790321011298916578176159583137963995263787640312953836938269017744051067974414854277897040676724392252275969688623782361383315485325299433767329993284933826796638089253847249539169192046175694443784166281881574970430690885036146337083162676984264380956021917101720
-60548403719832324997825407892786011689377335270953184414763252085735280467795820449841118667883664776500564527253153644771424879805204594924213414641076481308568547777112991752133694822525662085042040826109715672198404701645422355208524179270985412267930438014791522065019216412492362566643219004940376753887850315929425563085368964228861592366179116009204076800225920772966114465227284847809187106714703499495841093591288
-25137614409394572423085490845632604795144520962406596790379495448462081232552653535422783858888298384400669765496826365662257601955488267324728624119586358765792971774229894498269205759841110110413660344263168284327456251872134395612811405846497054739214831409851100364877770796228389856752660531756643426803598724022567980629606209625073758881539377326454341127777817505720182169261478932314941809119049158244800410440128
-10431917776687789546608637672075186493117169886808732443991913607432915434279135409964384596021435714695348368341087020282296797394104761653425198019870651346849359459567663466856393775183974365190870937630155316764497324419328348944476318838860623245127704391151343718017945517925719059269063247514085402713163791573173478326853012217698578697991271287624528135976529059891869931465198544425652368410465276185850237097208
-4327366122751149500741545928791941324935942672849977758894412025894152589726946221403519624519453724174722688016181580753698602503879840770976080963915909095208433676093026029337377981426140172013657846693489475740720620109362714204258564719157944242700080059801775885368027152834678404440005461290600001928340319290846691485484632711274331510190318520658541841008936566096301164691342238247694123253243581826701113991072
-1794333517077493189586987576256301913298905493731907004715536472136889418297433621704444303863289542695016395751088922651477159850671116795300629347671001105025220872633422619474922797494106015384603035864095164414679924633774246595073118131385325916902546910966125135631256083566849862487812296843859161129823690026571172303591122294144045986683775431179037698162651530803080959924168777257058039410283359661622019720520
-743709603934065368288560916376696535022361407277233634721440422844561491907441741666708740845713506441471401667039912421263165986820127004472690168372696680880122081545782649107531338538039934977452545357907441991582441092498930223090566607020500962287235880493301340594876101795677298529364676304058292248793378367856390852833710902547045584016569124944378166816364785051362113344976051003187043343091916346073324154712
-308123587175280166177978547923402080753804681438122267656221518391665069631494738314443712931035614238130080188523714900573251959382784705914608861955928492415674341719811655316680730702330488724923648936425831350708084854925797807168921487093083517515323772155183374445939726675046622217122388036665103909342181191485778003576531618433723548833183352126073546041638879453787334700831960464752226859518093647901120991184
-127605230156788442702474401500082266665689441836228787285939849959065600852142386317313861058729529061940531719980482486466719780443944205799596512223500912183439012840712650657592442349803029066306991817638438946540519416549705157176747743603489853679813064134881698228524826899946978840029488327593882598263449280165217713871927444716251087530410983828563857364500804635252997422065477044723182993918712347450252315376
-52824405035935573669059710366091165560640784172699904280579271026548496263331791375194334979777161924172007585056335747728274264759020096675955711981689510648159466230999861292036261667982553701225773202670857315626432484142702611576362488941542445169876493340494659104772079344557632592988127434288304862549558826840580639621963863283473222024776699137207152651342106129015686321301455518083995877968967449558066963144
-21858683049035292381230806194090863065630629939107679870915177985881830685836269021517550577034197875935987813437704292746213329384105680951568860735681280009180387271820317327708139134155326734392671491924726451044996479802738223729577733349103481049414191874719930266890486566851083234521276594203285324969540227094404090973649594380127465028610856591151466889865579925420751341929171457911864695330183003991743049248
-9041432343108215589305248539205650052784856345587794961666270565413709942685725440720652146069385343366580460830746982961169334421470835713911693374973422846698426063784507885806488585875113803753589924492156424166152458728838922221294995898334009273889029132311663626377420366459367648719323559621241483144894549127263315397478699353790778002804704014977521877603976185673699929094658029380666393221094142375257905544
-3738307032729568661249158050953020016792817041770809049399040546611784218571736232033155071359611330909929401663348519091196167353637894344997839722154290633534114510543979774928983382281434995756275711075916789988532260391789955710646399228684386093220838240915862742188482839313478364541451663951906245586312443042865431723600861022638974330201513469841955516975494017560605176022106775268545346309509499963362761304
-1545033153037886082369599026747493936131138018829689407745292445196869848882318277728805876889596029838944839218156481624408200972089991756884407390122583235960242266263610472483886649315450773371033843811528576816696223865210222620590121666416818267661169250280710644331831103549667657147789057907494526134856464599176864720349153624115581357906975018262412171522294096175054040139190873274314637260252588648563744056
-638302220295702291845127372054964319214263363350964268649477888190042870218633760995750848249027491872592911963201100206796252888721664398684150474827834249861714672799143596136766864139311239154340164452357315975368172329408485067491683223997103980946053519405377353038804134283964071279030627523491813037133447800394255000930515743906823223657906280363905079835889740335887589558417004123320058278537451459545587168
-263597467286448742970985339997585224385174739223459801352030125468931924720798260429396700265999746941592148858558550791587525517342460703674317846608530834478886418962523533239362431437405716797931738898896319423300082878907791587147246176674777906283138241080568137552305473072326688507360522012172130064016244584755455499690124168848478095968494352677470255142191522917249037803599899936704258124725130438635756856
-108813565583865214556983392453222444007966933167724199854231397594329417618960394276466219343997762410805837628890262533810914017455536361752358207149776254092885161073263354099285454935812044448560875659860277134384229496027147393696695331763574608939982921937163436015604919763345806261532370578439571365153924049658320082720044018793945360915148302818871374781894020604519826655688257530148862774981603533596196080
-44900624378950963964414166550586455379667839102242377148948993457740912053639181557764852095955998755743785978807268823539381436781646282129650570046204277181108646340839616317828456478922309053648034102729567633558256208567077525385337864107140878123253128918012181725838083335189237694907097954996519676543846334469725770784650130888517212985142415540153902702904616427184989073581467814020940803081117721619933664
-18520377974568570679155615967919845336810084221706042743724685420694415820503351522874710554090046994714806734755327015342058739117615882780726576801512171403112105057378257614894164834378294439429984640214768861148570100143902245909082138181676473223388576092050137777782805727493958905254486084690142348665044102136859967888829417920495619579797165215743634406251581266715329032591778807896435591281430563099112056
-7636177765938499442640504642085802116368654609146893252906623678210237313255010381748708523040529814160649764993377242558333379692818551721105506346022221850384733555749758491894654073018507122393681317667047492513363837553324802542350941565871374302427380919008812730228094921276145066119307306734722965547098217554495808608650626656831221357581211456263358268436070633969230005025956405066516409435594297164263216
-3147252018801801252580395328422491181593485866730925221919189343427413450685033854377040506147779268364314343330163083085581378247379493030705007831725191057855071775603400212591170906158977913635314886476413151876252316749316231410487336413959391966982495389201923785780295893625028625249189085424384844075105348835440616426833942935354244800450563589126465914607341374197388825622217869018258826695054763637859504
-1296632497481436657881523871227455135837697608590349522202689099671127033896496616835197377778654435043787264772674330748161060339533414012897858942934267481921970466062714959932774130204723912343870854367011278553619725946560234624275765970331574245995676773601948137775067775158256546687145442221508527407768798912562887498711269245292138172872489671538356081284983914697708117736725700456611169404981479618510272
-533989544711690183380123540338088286969712406846186337720837388911322138353063098611004488462107674028541472386994601106299629899140947509313660156050539371110208733237065785357368067423434184566278853608838456947246171118908438153947158789742554543575538811056640463822474756163760915271994572377684566025491014471522151287953142082891946410296026448778724924394964104569741654269502056499258785194355265908965608
-219826300807557387869095240675490935280013940365585917656821639235210558985376679568973639894576509593677150063076386217315872841776147273058650692990676773365193011460134342183216361242069515992711436411362066412876021984484672708913212444601674398356200449259331994053173876772369369951301195119757948602193477052498052609314119259628209268438323645035290024322635519393265374002130563016103520500830267861999592
-90460330027502646419365267234515581430799959667853226017410871612066900365069832157211304177389660999744168912688028126041944985661330718774886309998917801502939587805107991874847677809638167669084765211422695368957254774172370755041657417999281030903821555452489921145982944192943430119371053244034070491883500601761634411040865949020361978113118933243168748661290131547549382218247416114898866333335778878650848
-37210788267078039640400484083168709095535090655527123906829502461758040840540169793839651964736066412804128022473790135213612204074772494164975300165318528183826339317180479433141091699714341780129622714930486728103229123009254125414111003738048809530484619526092850378239864873237110627887926635788632976185809072683029970635893727236044190175917006193672408016031637237150667340475870460108252596810190931903472
-15300736030058148897707183462271102741071273234025649417386910410620161728263954465347134967865351991599163663707492036384820434261637012900491942842688575357319164209167989022891277011374976545301623589624427591813059274643261189069742151519356146384193856797725307302415851084825279011828495751387483829189890746399862397669596819973137527134189207703296675241606461551643036255837604257345129677979096491810296
-6289108479566081055430524986214344793194127217869707396454776640985098942233126314210676426795462413868479595025369953801218479405134771443153100562253273610508767562738177902331080265138738284015421016931827841368473843659124489020805983869283134585930198122810529661645840445660545256002839502374720574019385646803597353713419874859394669229513295516144707263831149953416316980742401701727050638596026662746104
-2584042879007355797407282520653468583075396106487745018774638925032569984689038615865829386115456142379935581198233364741085667895222490506410669429529716271957510653505379744088347792552177130397332320606870864336626661034682992438655569737646839294541040144504594852985535312077460242741881385343073478885317348210990062198683311492441335395644988315245301156135151169133595516164568236780657660464823717983840
-1061316132339712631977917789044097155798514094227353429122708702644369726579687850350062058256628807987244362292939493906473385881793133489886991052762820147002526436823560413460609959401866722960270396404922939364750856951536607420073056946223813008203825940218627839209035304545507596900240947314457090431068683243693139521242690294180192520577634392709047692420246508297886576176524762468098282034065466432888
-435737346035519046760656983024494799000932898772814517809834472976142437131850668585313958689633619503975716128822164872499793867598631196584433894475799506674313806882304294984570674581945550308787494045234805472722750660610096728121446011086708870942413766691139060487536678502643922916229074896583688093802186139022656274225682052015176683961873494665884636951222749951562733833028988648580407837191463119112
-178829974952499800445871681139362154470872115469432506624973273941932401324492557960367531406744675400147639464891009857927151417485041115777965457782123802288056952432245008810793773521482443048440781916512502163167172408967418972024164628807254433794499699028458266100766693280394881121533562297867481644456034411739665975387260431763792327614359193835689977173870496539454833245745725628587789723261411389760
-73365503527570026728026883872050924903980575858127557400158247468034295986691801029853511396242102989666070053774723969190606778621561143390399576319170450850028743526712751315118214063993437171382447308937760237756467669568865167033420137136098057318285523570662637722971166324041754865520454719525726310386528120441652958798994535333534993904039016667540134329552681155783523393645642835687217969682775688032
-30087082867472728670723480943254648007547633375959707457676501417189356615070666690540885123530353197405660863750767328132171267233660967589869794611370649956278431097492121682627104203382653912639575866094021795306469351306098958346475210536287715217918013734828331884416531569321768794048055660112531011496808837156026989879921663660805156678928836673183496640765947745893193995531666356579416762406136834992
-12334041026483722551112937820533227667159900920441930388921665190037783340626815801236179633161905924693276175365160003527039496020837869923601360116005092494417282130812009307193360486026195747098188296023308040857332176436790312367267550876087195100902531478189723007172137830621313973891658636339562792675120986320269167958767775471472872174317064626130429519350708310289390386355791780122365036058233474048
-5054385381779789788012629143567750444980832869877488044475148753933184268146714166822466151297241955102685229059753473441474306531613918033882364651011582037800217379901858824439765015022296222207813068375358125029019279316026782726752759395927594388679696836658874863899602644867590645177698982557490687716724402599182652258005328754738140354325910713052378978685362621065769779027698538013512669227969626392
-2070472661917853489592342259564230496440226977874645665261059077539348391277154253083275531353256155930196012063275117300923761192494625994772757708197888329155792093450889119427909405016742278336377574252707307539883047231245307394137412802694614328301524246219619573064563300626238908598058202428046346646855986501183741338098539190914151581577071670559998368549934769731082894142449288999977038416291969480
-847831125132695900117909017501074122051471574524550776921098397875054392106665291086587369944822802567210433198873386605757849240622293593894898436304389542056268668586460702941195006574352539457572967993954676396980023103325461031494911571624231299987773303336246926770362891194091139853103888656488816591637364451242845472506789731529037463172057919096725249806929211374291187476701726468434634751230575880
-347047115425122086015303782669778380791812677535764773137553466983198685544695792326598908835288081962200593260878688301233377772378848851604048412541552628058517502361677907824801702242676336260090610363089565616763147780220639155657017226619811166046961135820595856975798433165743313275808267324302670861007001648628155000577302460616345199962968362830966104889321981745026957529828863268316584385056500256
-142006186703669656163832381203183017533099920992835711324002162354529085627007005878529815587811285969214912987021288061363213424855261397483717640405699206375349018612929558174891369513725301227025307546742952212441603020993196104572156152745565203576406736469445980053671174044680094192671829657134032289335113650536993838869186638326141796471680661491650642313351585429937766967283536380278308963814323256
-58085314917029314979109730759019052469253724231643229914832446067288252811976779829941147653447304095003643004523556714529195457509715663942033302922291230918319282302516538520722420221623560830319288530607927258962868059625187885793270951684615678193924796976180404091366114240250251009256712127919514688065788519155062427517489406091750029876273571393304744411494353917214382951635957560640559536195555768
-23750141246772820157087282043533884264740986809659629184646168057214757683042792258353537798597179331845915055718686505167891166321751059615519531640450468908046626006587394316330899872880583509336437632716628974029076802180542420053788377352778800433308861290215850616507870931443235464829338961771613312417754389042295838057004148915356996877872462956105675644108086999213696940922603878041294230938758544
-9707498160504479686225782283608606849123008563697977595900456393949688508534700267342482142361265389047324319569131928007731720062699852084061947955087073064974912665419722915323177947262868636107286213381092263707396874470406888469173522951382580643088510294163285367902551502359472604632839661379062292344820545854584197202813666156820830749441232970289469524315357482011525717516152239388566811656142680
-3966342478372419113749943212031174327700568548512453487160963038384433327459580352068491392040953431922486327763998148638538466652467353614367362524568299417657656603953719777768448250867914941371750254852002914380389213053238472788476106759908271853904897506989274805282609275983162940851146932074467484974108660357120715812823556677286127321055490671637932100940491595060069039235977515689409256247949480
-1620001357947020062434308219356151021838296077789763226908935240563359526440965117397547593631418871287066257464443631863881708602900570224320480951416310567912198805757003157935178210282523337646697350232606656719143057565942595804958487073700367250737852533756790577897537712545686592024363827261582139267920237018505277737130992448265386716610772192431300058142468174103967242596755805178652788853785944
-661429125836170966667919706765046006928362083225769470408174142240230537384740514597564223787025789878401884585403497798944620844601758839244352019663721753301575869119099042844602292588062231389638453353306471722672348210974825416674701274938477526492470171860515492893632900646770253573222401612828865136501778906729716207510103390154840149862145427731785407116555218658186936233897652228849602087179560
-269956950077888168474300241839651396240503577357539249494777416179773012990584797595513186511182286732697011450441007714622095801431765003817173246260354441068102325076336265491678733262779593784497985897101230078194818971701506437381665228213414109527126521172651991550587244851410520233232375045449548829175689589705334838476522124735927618600824628937155960311996736841945667463063235960499170274965976
-110141113153956748838309681810397420357664059068826459819255083183478810464044430560884394969154249987863612447221930456700256997644165339106228565310562796393292520095346733666143953151103565946307672179742725260747432129609807946227361905172267945148053820587441453061554203474936303967769504341161246829594174070284551803159302357170706560524483824576338759289112848857522566812445394622528095877622800
-44920920431054567141116225443828041473067594698757656919548584292205368217800607837741429574322302265259559321476612029848411723276113962917876915256655475049470776834556972670400635233478109855549209745174356078704130849388589173943472479804374708089577880561679332929143167264492005257293053259502060085458196493807620529688393354812163784740444187049021222442031285321106217168557254850165724519152024
-18314393893798841333239325149871570450373562054288573261126094014054708425815376756606347372371680445547126906554672236990498257774517299524575230012845909867757578308539559695970536015086961428988544403613058397447134079866229265768377456805447906693961445030870132519202002535357055936468830930954211964776337829174158830081400082264366347197403556827916856205029984806743102211499696248982899807408856
-7464172250548343080592996902511855575401934060232490397374719091156169175491737279755734283930227359515023138915719605624093885394711338354763728173628162133129854394031360714154294964252773270891013576668270743527577366835884727991174569312139362612379607148567404378518498235718313891839260179996832794037361143599748079470547577667490001774693274230519424892859053517127996868471226433354099702296888
-3041000071563654183277440573543874933460922218862568049899416237314684091824913206661424517356934373355117759080820776709787451351245355376984744648193797481990176532358770522668254515820462250783761518526301928841814272406766860652135419009562006534594820295960535858232069539215415973177524419590294091723310284383634845340307363682048701929875452182216131961028479231108554937196706611067421210810656
-1238503834158747087328253451280460167508578198690021158091935174708558215610719051541167488129032041686490045256828681616372803278871313477554249635563340174856307993595463095125735222515615421307433856417574262415998467915944039650859787042022449399699088516829686274588457228136472469003317057717898180102271117913972568587532097467501433260743970708830445041615806820823874396725383960794087777082632
-504225607715840521219293600295694721252996840378600322247834905901360410414409344941711926729238995943201648353681632108036880442829044531248526795920498758156544831937744239515373944079738985536604791349769842358248179663847180852246656683156699093271547123112248236405193487707623924283394363530828207526895208946028280229405420342998859502197093239983775216008448394297480487331172604456525123989344
-205210474752512575177068436480606994035594396619383410098105302037265250755289031613383796673698419500599672444809674355897890163339660581924141039045437118990930443098769276428972802474839765127525753787085368768092361256103225390823634642333365779755171027153786274433648654816502045645140157151738684875754291456739050442374402127312838529636794765218403088048716440877966731597264137885664633876776
-83487546843655891322906763690350854129353842126554731382514612128264747879254468994740320121719039306231643161528758518073144745588420052037062459730552975618146816944620022305727612872725760200627394118267048343043100295832917568656497204216153716713846131241179495004309205520446351238494323394623683483769328685705431731857413029253389112692246009976490005981214490453142306974465277147074248163072
-33954073447186909410940408588665766610070044018515176707541091470476960032898463925891104934309930283633564875971212529854304271327848460967429425701367012656481303745170988549204359006460741121860862644443613150082265427362044015707952307606687371209487632283653974241596556961450617096826363473979029327029464375401844099373652975654188012742305411261640447005616031751089350517103643067644055055632
-13804177450273691795360543374081988223574301167652095860648512413296162313692583615943728228079833580602409672393290336361897753123389016723157338709499793421769936963770282974320823979557450286319447979054698393424406617382024451512254187166081711781552397557227239329625887329570463820000460019120542573715054475279977325785746670330229413391243476020362298822322884810246254214811148859896363724056
-5610196897087242217222378419740644314394231191859462037205741352240064327750593757870279190468107008663554608456663825284349497635202185175760528933680214262976179701125831198168280461587774030364714715598757064310032317951337484151124064204593938863281793748543983190643749491123579707283405247415535948911031548638969263728021093377170076345078979955940545774159377831663309230357979323179842005608
-2279266176890009384449188767847327965359774553140014870471365263206910693579545650481214427573632348892595251014563754306094669360588288075333464613376272828967702552056548385409460920906598761575360233349088811861709057600377217600977466196939169904258546068356152303160041473495382452782009304228018210349961604882572408946593692121903890543335809186209732380234303500912339623920112491456761990240
-925681977827220151972115340323335293350518086055392043329220596531776551671774865891943549819745142467938484120261385114633077693162600413530121298284832074043959638990249451645238751894280046274871302793291641872157996400079762018476770661547398925521444510320473473655090601961180476980995822504566684807952986556743338373340506902240177639115696878151228560572291732810592836521432549669088691744
-375819090403000780400008348617516912592440303886074970712242039261280998599461626136535747384126809572757714098403126681940096458718781093297214251330550245425939986406124779874674768693722711944209261496606911696902673645577126635955808232244975419056113433634999727637525722541539626199098961793188057226176381803956197740365370784738534477034575793448012969497255344424283742143985627722977555184
-152526945846367778675408113833737727056418888033834980834789541506527422153345468541330500996123752748256502684419865908801508180077134670541588262026114774290828864731929785864015803313237352038058069485073101762644722972127912933010644665884969241753969956111387912095302554274271754998793251616243612916901349284513635929737109144276021963712208790672014703260989428017382725744520765220874609096
-61882159284995281041482279205576054735071420398202608153279703675885737602190865355045479484873949714535057254833733179109424072037941539505294369841205519268050232480863175807134672804199202740529726998303321370934250536046137193509495774589260713554604274083081318704292031342905184657125687921999924772122164085888706868723714298045850837982755989968589349082801729894684285855888719535720988024
-25097815902768410241084967570625189686763612520727425163594634855410568420013500638468667180744809059541904334313983575421870017596715255896896620306537232098148972336324335116683975441200872269914438414436731594400513959388877169850598400080422987751789562596919442365550388625483795723805960508830063436432067781616129285119405277040407033603121339955092339409674070714659818741057040007816932160
-10175562309051897962629256208448393286133952067664092674102670578483073329537447742642704361664179778937165828909071788497374211549722369580377542988247112520460332261059751926649475683795432939108572337029217190046218947736620529416219248421431810650963438583332407789249489814918852464787322674249985543974869843318309706771777639922203981661332832740607746328077738513463509314006208181663405280
-4124139588200798152484698360241164471963652209645420290938408617273138341631520294661222332683679050037276706075647331669781536536942355536549334000924154401059678039362652452644446736888905658270999986645908601863163880025551498392047076978411586058287594864075454656355079051875099266612455395378590615337131282289611259696026314370377930641994293636205470240767259554606608707315260177999990936
-1670941218592279032364901942958958324170852737825033056669619960491115687291896773626619319565204920161530513209666768795420157456786471374071709410774457601362126436501973264538256394260238377254058958372298316918709328057121132741796225552033133458963170545503221590488158710065831750668622769016241916371422716871000854488851015167475891962669554941838359667457712082645105820622610165297164880
-676771858137480508445493132129401502551468244667272691573107233372273269217129735998669748277924234677182177537351767357335189760873306507723131841183258444495165914629247044671728143871347556808821226854562617842608548621127534485614617377647976510054712252878158893845694279498540133753135343918681037851056252996247876415228843686840075148102871967860638356099336582620281352787509767514939512
-274016765754151547950513295413234221539966192575874837928210773819561449608780188496218321492765722387639864238387067113856267509917069155113794732167973427212312855991294306144649130690908662085209165505656881448961154933157244833514196221145364612082041463493804938529302289420449010121808343029022070391634111380789316494820368996544361129166374884753299994704356302083370237554065947217868744
-110908830532702180520526518008361716066844877238353997140699403962684008139226808394457876803501592478298341814909602494744189665453922361530001811727252881805206200498076048122855531151180610332267483276296768099543137905760829448357538359846622946150965841569155294602943288705307292733634529762267284455628621853874388788250272558767331526204396625641696445946051193954585161465369124417318224
-44875539022490292223636521802691271955558549971766037232257979504935110623066032114738245586443343655458895223749337819016384864592295488031107290008296839739501922667142570275515823732094119186053128680538868664523197948574458378657318672149193917564994084682318994713425510886884093630943416926529789855481415072896340568410155223451790702128404531379542985210398686058917284096731566424970568
-18151319731129549392469289437600789953671333650055078412139954880834113208824792207727462718225626569370019516970699333116528533585367794199425492948328702611756859903116671944595238689851905796551772552078981472927515328820829775798357129921620008443117826410125204197954850259914065876334184203648591081867107542646929913663030685144077315041843000101239534547145041401471438658934912145566584
-7339426464675175638537264248179104011096844290855591381004381192971806646954287384379018862035505802511435086922795056189537379764147592382216456923202568571649180583541154004228451974099119113304499733009335417152190404911850753228137261866303573296529736578424400566562236471053750609552826084642086773427058219528753280599914112886243685640252584730836310951009772237699129432505579945303752
-2966687741302515535006318601478564081522600504735193158138835393773904702714782673656266642603512853508989145753053096734400680674383594049753957958385084635666718568318853222257724558179085713207465941061387334120592381629589731131761953089023502876868255383282636892988360580326004298261852884036200516749089712455698881406627508704183450351731877918228563266560446340897560115988364010431464
-1198775210312860774866779362973854420215279427064315175832624896066062240018754240266741753751115208870817063303354344717700208501210347724251878420433549810574133939368543558626935653436721057358857541940178632150072014633706436580460811287093876016392783006999638939227518275683401362170603401233812111576565625137935316139307289427003620719876023553447817931508429625352665713687728354940888
-484239571243846188891006233442680118136508982450258720862245528380638802294917668327972659360555985827490583840782746313420731233128258474084699616342692578278167032623337668002402528744419081028025189107617957348507408320114312508824611835595125621451490611405559059506317708216669996848092769718082105389734242770907690830568215574756110271349711755723308306646456761449036561320498404221448
-195541889070223236514073007796238436161708192958164755289115793810666574721703237519504546445086761479467931803003885552624890471300403652952971897513281209112503775982273758644087836588107057798483433944455165454848975200788627233104014091474119705872798297984131031000525658198869608346141352596076741203469364793691717965824120674346079612925221365352325539292344326418061442523304811914368
-78936295676722741388455625180814660127185375961935201620591972021355876259964996396321578612073333407335710348665622133725101091892362164842198417746296935758514727528712373062139286556582844913274690084935503142685626415739706237732812552118621248549237733513295779066423945854317613798644969027357809442821985802573434314950320397868894645666635716285986509879239863601137329929934522009624
-31854550306156060795180631236840285836254564018371084032224830242042243393861535041142331794050746675713637749309458123320049936805716510951106610947240971773681039948427499843287002445954342398176837240352642635174708709846386508300139590355582074366643714306943781229543223253696750146933255787504442243105776889718959409963452103496331611493177085681030635177512686318154690294393717598672
-12850629692797285989625020109140703656557331014875232324091170694297012950531804135769667061102545397046025060346169855877266545226679118838529912112292418984143734513250425029935745610706410678061612893891601773336126780646779032158168610641903109070756256827704183840236609162391552498344157564405382802326257591381529844348051478377208797402781504995712479558940122950201911883560341061440
-5182459585529924394240342799067647716857138436722423913660940164527670266001509534439653383554285644450560189330283535933413698345448676028027501992099245327287948408642681211439121128359073821199431476369747477141308214834730584712057085062745464794899224836162365875256060444978940495346157933760859599758499895046157357206016713090784411808432210817596646449486922833407952485581887860104
-2089326974628631369198005871036187545959936747376079760939401740223355606646547204224840969187279454761407819109785530900591328818072548867020511990493026556392119529473861482599703053096432181954698646212811853601860343953402038195563041705082527791570207584834193153608589911285833074948524939991771882282205485885823053404490884102424589999614990633469926564388998214395763146438745055280
-842046851542736937703009859179753210905726507995497813663151443974859007761976998953403656257906736905357025402941225421647018553890814315927937049545858439832831375909958211532673826110919653849244572534588024063928361284156090536376839032807619320101303417538736724572795413482232490138459863370629708960954882210323777659953054129736165904148770569433015502832462517665209667752237987288
-339254675648246107529421629319319037531840683558243976289472775868051549724238814034436940230221932917320668053784106758331262735247244768951795234646061186453964722819640566143425682637377229273411932032644137456045779312813356037917110206637769776786226742186282944554165565582565693000202671750876468483060610445838136532370889509197630939229095448656614082254156430112447253903774455248
-136639274760540428157701543807364178281621882757555142772969814905887082273378970095226743169760168849450836111573973856855127536920180077228804890330306780315658883140509191162406779811853677221678570380675796807908328741788837129120248070278783224197597011229492234472744188378874724954252564777473498720622387526964802504815828583526594082741902891990762695776083933938776680624904404920
-55015587281185215075800556552892899333163088712175073193038962544112348839527019365021359227227937322601240778785676209915131802800380143028161519084045523219607281080946174186063656690395387652559004566915339281636894894707771335189965842773897403643136989498438587133033336889125239619245703686703286348681873369656021881746371312047608303425901400369046341080790779377841659752882230040
-22144038737894374555759340387367238560377173977885892830792137082057372198113990468232032908084147354885630387305261439296963473837687125692133235901585217758313719243689526761841791523137167658129886220270863947479304600361206929172514218967326277873296286374200375128909691319361007200932606421075144254775175890132439320103422404164390123947087283067750070003810624550818539273415178704
-8910235008123874894839814379727075068905275381349711732808825930976876879326955867278471458424864709119716908987632128550065544282880329592187349936374144662841341928935940192797670049551536388917491919606792684414979113811935719661973203767420401612125090595343171910940039511505016908009483268915825385644852279339763801808707079956093160117019111824764042412350153964950155458139493808
-3584124626988193448212161728631821243916738743047258564053347919633688689907384761994079547734858368294138153964577677060838812581979153729989448011297837794422376789881734595189851930765592712306897180264475806322581445091162137112666842175445441631304198981663181068119326675323319508792942063096316444023951667886490200832438071069942966071940596223392023077703136640516385015745430840
-1441249043084578467261596439293189457619269290324165119372811410403820331983488741380263057328794821142589377295826467066144553873125750942248331954518853434312972636582557211321710108065895998773901571190007734669498756079614340366924010890824967149131512106444965643790927039817658606497047951573054131591204372250185867990019859602039648940395385208205981375800774728496332149417574848
-579371746588914314157572259814637400919868901141472054039687330806786022564332597142850199502745232819412533703077544782515880290454122863263727364333871817581132680113488717602945575611092935674258338922182156685091608286031487961057688405449908587573854927456705662073463769312357509568479271090592048449546825068076997682840860093226622321988561460629980835339560600659642044000976520
-232829662295617068179454042983626214274611433461394332709196745052430614044589711191049702055182525390459471243229225223483634476144520427912676911643264675651027279419765287796463550813070210326536079668055432393266567729543517616218795591104643524239840259835964685934600892798818824323778321544180611947806164044994598413909100300732578359780417748810972531202871943926637129901664848
-93536772271814578848033629722621171580677584845035797689347760282071096198679234631947109079787083574511259059481148033861240926517340903860647479061110318930473241278437198706661868164633354157960040711068923791544992331228356807153160979313586709915741319335115574480976230901319375578764240699873438128575960690923781453610178393522321739840883655062019401988573152946996187768093632
-37565561505709971350961736870523386364162234018798376591542579957746922949537871863302963224098646456557369457575499466108122859189008492124238111844410224285922162057251974404610446705894940354779450745292378491966709092450489618048994277372661231131268730358118626887410616918909128312309326521106203357681187582229743152773645839634004104154516256044893279985994636222207566558592888
-15082077938326720529345841719276588642536267012555427560402588212243399547472909609642807472120984587044895696459534187728704391465553155643306130659167733882983485971406881784000388063697112118390341044017624098465081222096238895566872353962642772876300247072865253620425342299514684791418550952077262820809081432814731690284651199310118234280511730669311280617832282909390834722525872
-6053361652106415990641742398775166547454745581335371165113055088755914435805353971318843866844666700862106155631537255680310298614855177099748856261584984145075854098785839509824158049587840331777092847610232969347379431336320677544458583685027869803141797609171888813404908248709045082477427420639573042405865894420220302086766195062665081268693152883310295133165267054164343580709680
-2428826864396279953490986421059359661504143068073219174112209789048558303446672625525378096041710560365967087720722381818216184909764982863465943872590893651573019848744861742880709479947492063995629233675260461701314466534364952782096032082456307020660482216907215349208006234010799792511593563609021908268349067696472286190195956624817282586376398429511441942463342374298379355933632
-974229643566861809274565781752676340052919734067995364906587983264513721681002688090238327729507029979599756855368910597761512008431927410758199143633122433884799921103283724501744837266356508685309163924435633908527580327114358659371813730345553975281349280658608747575055694358335237762450105422219501217265754362143734241189808205137121980304709299255496355839857972522926568782304
-390653135907945487218730149677542217612307402683065525672254030426252084928673003947955165433410857482657853217754705920346340669420342528846619409460456193715548762434834660684557619659399697369312931979817596831721228775744229883873084644863985182000026133806204701113831892397995174679690646743233333215668713168265011641729005699942166473169776664510983983995558031190805475954768
-156598222173877733940433352163538819313867327223202640883032524271398566844679601985056864274441448733156522337572688414510214406281123829366869084829680884528701938772296067283828858334079318606326335253625830096606495520498640994022942954095756959614864409355714118927128153920839866559499867196498695959439129967638294971060612086334886886066796703093028125962317886128447459183496
-62754983519041952346761573170899885006864104328450802520127458359785022910489225796363112401524244013624240179480777762435347201004955190266062378144726327921825142286008096378194819557051108604219697848650246008361720063453571070343306876744947482579600471023018451367170589435860407048551267035681493250351874142313074864813173367427615440583240345652045975237967976078556255472008
-25140611271720712496691467834846493414081112333088961116757244545894774689081968689142228210566104580490152479855589121077687142372901316525893601305601863288168549916402081910114478404001480018490028245206601543803287279392413582369757203676439299979503238010980782004945718241541576287432197732392776951934654303213657189945523947529228772677477778238801727112010167543550144501008
-10068621260274801354350262592139293078617879420679837832760138164706587007184746661348707130381387706151505564283965739615388203215549737373356697946137321734220240379966872215361487038916828755376198429738620432112861654711722713462174608433133816096315219461127163776516583876280647285061637952561099604192297687495891302915431758218298925067885231477810268472844567342610817720560
-4031169610578017808480249064941144547194316852793620201891987748358646950307842816637178170679263250000274249556873039582295901817368679580736624028311918049607561303511054375740756487096049352592120947998181450487867934269914770045504232744399631497209338190019606414113638561437053319556745044015750308362328770635922587757612557734841277918267769160739274422235143790892009183696
-1613464322230609080484766058005525107189984294565940678481734622483467070192802914911087780063958196605315284127680808053809814112401777578004721250154226535721664691678596791557743513724443290709342167886236515765436732331571224832621385883410935898424800324968843919857188417038252022106102077280656022836199957100977120613295071322380820041170056880728506245641205817997102358856
-645587661896718045214927833736822004533464861791729286808149747344813091630417702399575116308987767611596066517246801572134701239707672539616063683914051024968158287085398235065249780779868246778494936364551175185938484005817550166854127161015642923796472668463551553414590286157496472670777952031654910199432845561248711384207231967134411854401918839152508660683528833126195385080
-258237296728215818613471513008792470735847339252357956179989878632225585393881808046350735133957707783017308063450271175309028263624891933937420827988265410911214578373564947260484254177284763116677168738643091478909940686620451941264903983302913977409289180713312376798270158585254388616351318667993341943275491538431837650870977784068061813235509094960312667136900528568435342464
-103264472009563665887284306890624395245622326225738270951882414526974987963873034477797964964507041148725252990566384179681238512049393470705239293679111247966215853804778311865788043047150642984184766592095143180882815075875830437266384812432173125562998356188814095549568891034101213240746238635865097330164467601553265122690000416764374815579977651195059867387936978183245614144
-41281116341936000622890412261356348191995220235606205016365012503589121676552265262665083523586358841337088752534078970269933612854984304513109482589953866778696754845573852896542408067460792760551128867180808632685232679808866291274161655660179180331912340390142458866320304353663779041534400139256132997844029649010994381566724965285561295840049857622718987810364021017806197760
-16497601267957176955544166273376484466410470799847325654199157586075064365272423287167144273181547221059104912225460435326707201619877347620340892067366462083747154591355082134337321865641874993051022325034163838862740333383167037441035647052335659384441924032298755667083751341471374586439248869501020412022574562089455694943250647758553800264630512279837375728444923594247041240
-6591122131612434095293069290850767848542873951958010017137574130421756780056343388973865904720374085735869176107634145689423036647814959286916132039207471726533100313304088054751134170859041286334088608338818682567837567918726537602443067144180810684931259729909116296365209717854391830706742540309364919351257578986849379426142215690681049912030880095907759812622704221979093792
-2632494185643981435818952135137627794629300499338088073057368567413083424943267101976602896973343231958261304769861023059452158558464074482761406274532495130445475181610025447716956086685472469532651176129517327176481223216627409057266672461384235240301544788490495625171691907953986398814382376391353689017339771561833319824692381527946254756061028146123791922452622512455755208
-1051103069841159165529068596650773165602869849017891369081277729330858002966722242880929613999813480654909614207184151430838552550590717998150758641177446413557979594672350653644434138824654225153402264007796185770673719362513870981391139296836901186827039650709527022841223425562123364499476770235672404937403260962312325044534687138444886054313132793960019125581409322613042656
-419559274189035027967642002036285377592212702422016916012423308081724076576235713270998364720529661038328212852108821233105753069979684977754781940961872174596921859520062736740640058525396563445363515461807619074266820047989618010469986086467945742009539951676597277068507639576087079561526339717820415183079055762113006249181669458181511243712906434371626345048471641854042584
-167421718828530420740909462340142504887078537656490704707603426676712136709482371157931572756967392333146131126973040841446028497780389722477376711190457277668092617462003914417794339005310583579500482536247577981551475887745263791853754762628160352121275180438163431880573992416181795530203652606632103267060943289886423405510484139130073550119312609158272101139303915585933280
-66788398194358191642067411547695007457777090528783258375743121513686063424445569561682727964695111762930156146489053307199391507350202717457236605052676190061864830765545838070950409527917719954359378116971850539686421123743594599411190176114856043261186686242526006694646304088511235953210541453961442062361583464466741689241172169414481713304454967481374085327511373634940984
-26635529127124629003656633676271952613464645527746596239896212563463108200969319722905097919258343153007473194644904902391930924185147925451788523555083746144780650170872642255359023298706067797790070837946926894752834296346627877960840138764975834110887236829883840621814904507460278328260357402637241126190132442919345966421266415587477346131447039643933009706453485854712864
-10619229473861609225097004679571544212598419348967457138580349509819771232642069068613689525771301916087033108595100438505857979439905265683529562494686079145951005126180645774564710001644964697991792442371302668337306743890306548037170829074876051960681587777263340287076437978313319784048271678293328733024605055099817096125787955594741526034092519842204297408662150512185360
-4232494121610874326705677742413799456117936169005150739212268921079420053538617711863324779000487625499315440570992322127072689963803604920732453038166657350415376477960077947525373323227968074229300949873862561603261443833230551406860059455149099548390462083466098059694056501061389609340009477038344321572386848057040970045012270883144536726174506022179806771820922819761680
-1686443147939221022578841247232628155983371541778554606736048790265539877126345990898905380306617330352516080869575517573751385391581027348061191968361891090823824959227534486793702310683805282230469133033502707004457652248222035610475965842024816670224567122385366775090339713994954240489535630261904638094321246500026866747499242563405871959466653957423211913818352302921776
-671768029467441746978088175138101182997399391430349377595851713344170365991234432465318953345041504424057899749040666018899302746852125006658980550622886463702663809725067072952204162619890430895091505097539461104943582188508799545095226915650187282626844943392274016509922755882172294512634458529636977580521539883561901540333272091751248765059487658158710073016590964529680
-267509703862164699147969508443632456383302477486373028380880712716674787365340932323396680314815810323186334246483316778688755858356955761304274774395457878604081165204758395856567618504106848458088352179908729216224970013719515737298171122859818038938667222270631369956161112031885373757187353321085993373740817223623251054758283738939959172012405950536512792051155288217736
-106495836753466376529075913604892384655645266769238295102987232984388441070437546517290631961128017407176422706946411936249017146807131865984023926041343199083980627744974875039168451710497855119678464191388442271917581647931903893619388263242131857564990874839277878745912014597886406711829585994973255176652646034359264049674493586225922578265579512948219869143346069712352
-42383702745528630909063527090121292922466211553690236294430467013470569827643480941107476132709058608446527413734466963009653871056924091851798516750344727280482090703997239503379859347223031937893527377352587776674283866647722541711226099237209432161136073106926148387788722702902382455992009681235295036639798010339089991041257718894760934237868193957577197011363471788024
-16863147092515303196079702061120915126544413796679243048352576182207895624601381384649596275981435032746086028184360103208188033560961168900130763434546048447820527548018017578802600867582005463181132415820057973707942127439732023482515651137461150584211179561884170854858962590264053238406938971398783184961887980546457795775104694970492750226362704305851600252825498417656
-6707367789251286318295565830491695514898368188870398163883095463917276414282396338630801295429413109990050279837327791554186491682744440105177745250413560684736601758604304496265570412722627355195806095452837734568564111932591864372833835597303435248061928802927615638279578280088538345290827360752305657479007919163275697424709618516422602211107896237648206897204395047096
-2667102229186820331279400949507005723099874586003860415335605043415910676348279394318089266840614804990029219268872348869585494392514500457419427244643355989598550014709138254163267018785077507875653727683928219881557149087520559203904684360373728114657868626129165177255686867780058087031353323825717584532393063165947151134487868612329767707806937146006608868568827659896
-1060233542905807663195061028583008837091252365205438650472625175830726467562868896496308950263759891795314296417784926024810350689568718516720834199252018154919745068228777591180696379248196352754559958601361108456721298385029648159768273476401720579216412796772531597973653027949935518526221300570935021412736137882939763090516558502787071342310067722571707508946116655312
-421345188915642605314337883477348791973268253166420271450430269929218348996957443885277880285009755323553262746013701360500822632720576844167335180034460479579628028800102718115933809668288760246751772554318285513060397735724879454592150981853768398705904120022556756387629113243324483237286595691192141581099824776594786058043735905056992916962463164021836906939832795848
-167397683604027234717898228727163226417064179043435765982752682306287633828864005595925373812723151492918912519451286045405518446512096606187732362348243029822358703903730251235471434812511704178249993183286325300177697449752275259287157443411250564701829419832423233771801457119402226634046166887997656367767630759926571206193567398010673561721515929923937016408763140760
-66486892635748353657115230591420158890551770362246140405142567158880706086727942954371607800891909645391800342988611142915609666973481774830322233328393357259076251478661650458380419730770577142238785046990264287290694261442263243862537759028733285521497209738163785399530182135870646422046562625587150694972664713031949368589301563638350004894024057908899843544782509272
-26399645505754586844472003395298280842952594233470544174003037922918611312199953607114765321653404022452056595507483263571477419594652603289124846055010303920871785388520034804504693585580204984120249082732633932053068308847932133337114235626110823618999140260667227439544130856307247534493300456314684987896337618659078305014526629435023363821858315960486934907124830880
-10479387501915795908587114446953799714534511272765584663892334241169383157090587909140717720468562487175240986780601909308697218437057949447717116946929331881583069961043419298595693186539879574500712900290591899411831488262721452602618016967190480890442256379520153385007199413097452944569852931975863781545634347153912774469751085863574555105620581808400318949129949640
-4158624675493624353602448984185790033792520779433729249028908629951765052078587983643756662844487497319801733726352183316959561547474587900758491658447109676950257964296621729067111814426995700151114752429972874564975619878302309936572269157550364622683141329282953798234292162258761585342934977625705260469028876299939239674702460678985923187421160295953841082671473840
-1649832478551337882356072526486402395839720428763797495149254544912473992730937486531362711614797320712394353913407608558556756122297257945525445967301649107329704150820637228370856332924217318921260031923976220947218298926873208484182160273428876374734879226607727148251760490224205939661717038255924673927020434513830453786361821594619919773684324831778704812154497512
-654344627047964938389694045276097974786271606678620767090891635491677430948114702075285904680234569910318154088378087444057755744014300775575243230366782826147860713475329870372792207725038284553757577627209959617028458584664702001759699652232462997861249643137942411321210240942086562956872865772165975479887874811558073024069796483551691528443981403401029274379524168
-259447847917643754727121116896697126743686735274382053135626249037811691550825045341656915316734717227034003334467859378608787096384277420396117338762949132083692669283610908129044813230700338593923149113279120357634318177485951780881039543866814726839212824043450474499242555711294846710891484835148607640798559089305928045691117476004086732737117265442523814253290264
-102842047368132063493117204853387407630806197485695824201097791340992174078809021770609211509363514871320047303343578888335460748266608942309033038920652130801807825924066788581600085830994775246240411751972107051622205847864574476066305600303858817384393260294769564928472378321930852411534057121480151802005354395858267413159331284890682706715651792754246638362203200
-40753858393484536304308292094753067380674513099693123679230004043696046086627900755023382344452355989602366024944094741970946690182814362626578691373794729727978256187344170460440527352105486926888791399521339879559980962316932002561449566797111418009687009802853246691298973285895567678101745503815637157350067056524705376620294991144276325456263309903073090766544928
-16145235820721940306981155685100671527005175367976506541445144499981245702521934866055626506137768403994224687777336422339148035758524899313177438480684589649566333559125857720846359512754037145482843032532954844244348644058424383591186594938969518513766039844466031241028514318485784430315137217872453972634088949762277185667168986524391196090687295032116652983251792
-6394372910128736652701130845390525486644993876080434676830762063924098495855815637101202613543473285649173831417447494685892056750457470635600805900246856248341313284244922870708009209800322682070394606533889561940466865880832956600961995952928655818605901099342692787896098436733716687271587013857291763393652607734715067148724680897163560738977778934333562655227776
-2531801752685876177622960424755942535509721974162393800997561352898586941864960825671303998874785351842229837097499615391370598018793954264060575498882988904399002649797186631024176181603200306822447971739389240088911464194960365486950778010377505877331547354084005486154040122224261062335378430856760149134606139492778068602356304042941089675328279245077127664174432
-1002166454863407634082926209334037039492646181400837383817495743088635147669175908386171366002987551676150028562543688534835606162144345072594602550834294160689220627987552230684675891156049756073213732763882578519884036455935545803750848346761223883907561098020831230562133976797403108457546034734007461212510528453865125781821740647292932479053784405135798042127720
-396578088745108276536740912427212628222872698847074446935939832183862527557044173921542763633101279000692079125233819999820704004118150417947093978879215877987831129968938324984041415157315956813904471130181148927264867271080835693992132332285943539885549937752302080486902068189805263052710454198619459421280034606299624260736364493723383848512855625027286939953592
-156890452126798667317246778151437886988599418819560418929227526528685321422457019317029223060530393366776904417932911323551230180927076870676583863666701013325705236461158362414885119908435643404974211716067484537011988205419808061006721451892202412186113047313319858277943666335168081958388901331157579801605070057537237589347352127264300799426271160282227131920400
-62050246994168430145933169254130001024908711500542727551599965922001815205748313438615242620627355445508977912567933257217787250418714582328205898770201663444442533283434124218102011551445568107144429977903813017909157013758989722413095840509076727964591791893477569177404681640032245843230729185218506972332578324501839240194658090037838937693111129853428238217784
-24534090856466201473860366312752311194577355966201532245830883569609079084562753819465261739817102324633528905718616660698718018834432306580200022803285744262137238984749124856645878300604667438216123568932003850100778926435887543895559699264432980527902084392796466574741136408364048864086282067820211344753586345690079645675739806481482130827058950108949677853712
-9697864923029904332345765945576098833935291453668805793504324016651352160944320062320417615907622187581090019445137892944137796892574755870578904255155197943437357603622822664512603040308836138896419762886409313137039209749633322189302255951169534791886297400012317106334443884973290638130794119284713177997651340975298322891613639944415911782672699400380104210944
-3832324269644001381341786883860747459056533284810236447750221314631939914765450333825915083141768276529369169850934401304624474034569383389531099077160174484390166830191698846592094285041284692598103395576252548893459967931778522682801053280927584244324553986269398963352024769417324639399597056816383944608054011273227263295795188243310901380147890371639797048920
-1514009409848813183741617415697773551093428225451292874526073176375446637576219409770939428205706824228974593240815965925718723905354875869015003157988315131131255093436248289842846985853172089000694488814844901957891779602136647428589588117791411400283935513550490074355135606782282475063237989050405592253031557208109441138441205269237653929104473922431733716112
-597964432620688147133044551889755058860530852525799015248635042293339863090696026869987164472934887308268521434480628939793636845625520753889267059892799829973982636401116647126953264617062698619086613309204205418704586300646296126259073866874674848568238816737659448982843908307603385181921249973041343776261851413370671878760133886400728208730528445886108688424
-236103719939041735608553654861030811543251167882195225676144005679465801747829265425038530550257880783180586816509368669352805656764223474615703895470546850528508187390082753330227330302746232629515957820560969812420624159680128661536064931904157607256426104475805345920583907423095005475603188693232582661925604606516659476030404329251704151870763472331045189872
-93198999372299220568176248589227891752373105681280812709466662442922110976027069938115905247685826603032339031956162476108105538361561018422576811278582086202596459758354611199384040832513646405071406767767901781670686119894416637182811744001034653310826583987332543938280227943165847256850862165506143665605121901805787261311795119277733358244153147987318027216
-36779079423874897394951198495798214135694877980084978195788051426252433752113945468632302061465071424532844619256794089085128366379380167932728384860574107587621757175296810986295804017530507159894445409701966385307069658957888318775125550425595076591980398568606775102438396430595228746412694309681532033172323321765460112187737334919311970466687453134990591352
-14510149455956774950684042512182031356271014487751574325107112685866478757716196595248149196743097369907552897937078784741300564477210939644254350491125092481071397047359463058214985466315884816059384987064152399547113117196819120183564029756907511343129223433173344354946813432715852861048310386579600284726245617319991705115275326274486914732828854545323967640
-5723011016043048568638478931232212567755449840794889652921957353138058881718540485267352449404837733610769822350058574769565119215671190630998451101830719197196226453898757143753364696064396955002050829996573547234912792740964496330796917401786660330128626974908133117139760087450678735438722082791559449498244478168378553037180431320354978189180085096734116416
-2256623885516133932560904246828503878022072825030337565978537358358115123277389076243284041317140107321183061281212124785066202807785199127887707710082199512081782697335352942395584723916078912381846995387762595449581597419272995310225958020127304192596354762759115820994971300942757142872679884585860323708356065965202904913389348598144097116422739034954845344
-889561376433130929900217937182446100457060466742520776461385872834145954173629108128571179613733581475119072086757428337591979366141085834068320682386486593984453797145605754220808139290171114428885561747719080683970908292800514970179458158850931974184729478863797579791678112784115593012159179977651327947475049731509487668143475581920301525702923734550920816
-350570226136477963308292316020632406384264993080921924759900291074774235088470390604676584487254088572784621466955951526265962210874060964761762888790414233107683997937987431512993810187514943003250116963367800157484285251284258994458673790299793611997634583647085450947063776372456436264132902916852721031524235796303915903928898321066126814095749384987438448
-138120055888707180804036403700393858615873745259714595434403496939102999202287151643049485591800550692751680481539267110165196813553660879770960488326091326827994615133459343946135216971236256133356925263240719540844092226362692043429422532064281521358086730667020339307186996513459744805034601254296148656349683586394606756560522540505274281108687137121066200
-54402805874763003805381841217847602482890522492664329813778443330864943776637644137398114141072276911992750809453460118437983466327935454245512651579759792608318260339434314989425333652723190779503687718073542562508333600429712900387334535796675730331117514271882499187239531394286416325159411855942888429907259628348403498850944107860849694200186760974157816
-21422439283094112748717496871578658322885314616175791663600068135500455300796232269482268467090660743898461357451120139029579792611489085312905888826303535763646073186200986833289687938228622811869499524120320224309756602598520137757794494127147812871662002982750029333419667303095000793553665382602408665532873839143213702850410213827580098096985013371303360
-8433344417277457394808085680670405865427056628231113418890121577917821747145666535252339806291151836388487117490895933460051951280492227861519946034182087893464166485492334985869092029299232747880261259230112472993358935250519929759769712072858246178700973787892148749442888184076404591943215487316702665256511654685349468073462709130440412414021270580348504
-3319053677712773866231697689119618177618885090127551365109216264148538051180265546406383609107888255227166050585545500517712894808156355064910732326691228098161623771471685345662497439624785399066489507969492643090813685145447749377200460572458244173147380335590392729006804759936200868021467924330149314954100348268380040607143683217559113418037426455837736
-1305907639563056254149276597173180672116722980095012882840830688703593365306854060714890882089925522228378137744132838435879468659202600832093010403402779651525559309660422004948447945728777943751569020652874237275719095190109561982148584451178566845180259343180817829284135381589749600442652042158853791963326388697202486667670851488510837218461443847877536
-513682322082731362441224232729877279932312188301894947349603134202180173614884175489428854989300740362696084453173451785774405036735014814328254551758247744317676997149286450732349614832634685690449768411006628353529174629896344240323530742557834999913772935153476844424072204145404331717893688891308163734567411428882435943299139061977135413898087505650016
-202004466059776529911731980658616987249093695422092636168968763555259427862963791404018047110518351157990326211958438236530269007206058095615524333661792218053379611500003269452777561323774630277289307538133601845715337014150517823243440730176795881782159217490767935867269815500507187344682231894475324923133448130455914444853764394398851539670797628933200
-79416681671838985419181456845405501238969384973561166428903741062432365334494952050367758714800925369202083451862100157211005151755570413531704923996549449433760665406083111690208405010816471188905662808035889796984541751065875870845058578275145781643993936760705460326958764051206701223560193060158138773092722342508534836348650083070909894775514030361224
-31213835381753199368164800890802255201639886237761090242084568401838797384776063420125043451522473940643864622341732774945010187576288126984295594619406410937255105180013447412821266593135791733390094275637639498261445399806059836809959129725122874278643068672984217599903847615111928682270930622297412889801796776755204993557200750181808230529213327959120
-12264995296832175170373011308731286253083305195527691718956107202055909347837570138315094132932896830447729377323612651001081472119861519689383472687207218201036307109282044671126381834048666071393534223979431084951383177705449930930363072266660220396067034433185654420040765308924321313840742777483783527304914541612155424399021466278267285181272465514272
-4818065548479389625334240251396008103597441579128522169234114774873680975131158119911855420708401823585351200066867761929033459128185657062971049673405004717892767138652933633479074147648038934401213066937387196393600564356913571405474446994552197743461008514180059852743523888570173055664962674478640461934553148923919899275532456560966249098008120920248
-1892183734941273066402065119517839244797192806981205754604693898682662274870664981709971945481499014514232068691251491875748177827538753190184417883239953182518516459107109790958606552720818904758782945690191173465239075716303333443844844703424480880219558705424874054073393578167177855834335549446283287790906667115357442913846809996284446436902839147984
-742915470142983032814747125109579727091858691305749246210083758939639313828206605606535729532623977009963041443334331272902135997663999283035690867505928454699302634700718549060077126051785488488745153833367464105580661732960369677041829691132210778169081922669882528283630150631195756248607273164071325572732554297838874967803508020013273697591131675184
-291609190418519351842338910307974130826604609184683959230299333251856363583230815665174274362198754866566414605623043150719190677686424256078892243562830345564073073097411427448714319343994922094943259895497992881233941992495427072639134263309031706279087404535316040569595551549222306624740638076720076550644551250932450025674854040669734719726772927664
-114432380138183485901078386120862355062234766786798715557659749263208174880300871010790012597758564156904125465127709953638260165468592221690241999009028740597583638377304098088599966421591840476212336121338657680410604235248728744919421824703150644716191168937214595863492811422404114151368585618239497081605440791810615585553271385000124785770268857336
-44893429477065408458920069086562188526189452779517829171478389680465122060428376056281506124799585350428737275377528159233647040504363478880262264575622408162160737912025387601161229852291382074116165535539899567190390323712217883202418530881843650639535340843253757285301406381026691545727738352927595273315803523557959080888489616842357290102384625064
-17607713810853244851193014153241530456318110606174703754848002170789264146566014956159797199568539258994896684705211216645830454763503661004346245317004933669070940161193725322836711121985241533835637562581960196346111993357350866583417014265368769135776718866840565533627248883941261076112333237512540161631300123577071918125971881923049091393151671144
-6904141767879472145927451348504585768790674454594225064476373417763686150451588399774084631884672117934269806327585049131654528774199352430128312506813515733851859149661456959771266906697020065820573933913865601536437760379939891637847578874248422596326937974054687907594952712501595643234398461290370157476651431415481453536165886395005800279968271432
-2706469749375429244415771410169369613296132416529277664005225439670237486195821761507991013677808204304938982721813993178482148547197797213185077928432312930318174494524362825736962807739798080915771485272947850456854079341903295454480562819972819126237317100286118819387077346450594670811229914174837751288116844911356453477243408187737355514253219912
-1060678106545156527852070635805989480817833474308939253433491664621540106801927728370335342152078641416652127029220814179333417058121680144250124320690056763732477087594719882636779729796983471230509242735473927882930415346002921139136071040692818822206983163195235361009008701345214720497890805181299289216531333733514629242237649889271569651887875792
-415576694954405534899239846966925925892051831416720245451136644967047208516961918493635597819378781179803099994640330905282310991742587307973801505064439492954122843661173853613636654895681608266642462706002929036638527250515990688239194576844310438623983754031977644651793000451970246155812744438222791540910601440595104709062237649947130927087929256
-162781901997733407533097651103012280734690470497138613883318634066864136523863582767973567289870297801324755480830313414800436613542456468639254679013401977921923364051372441802565894413433232309631908555833770218506760425326130902766769403369768563465798310571278168102698624691459217868498051718438962267885984544913738545123666675083482955184437160
-63745364002139037490263126417737737971810955494684611791251199284485115250225281481028833171344930318710973411268853448076419988742159901564678138223559220230612727611829145810687288181509525162716139117553186318773122664412784780065630759345993004847272546782124177489586873721694072865016399959194498018928246993849648208951667305540099879913876504
-24956222171463707347082804675727384937257026534200839788328035177592854177479460713782010925108365300762360492295544722877230567239805272019086142669530337231305050955348091211291564473980512026826409176191786538335337185481168617589718539475185150797911156158183420566672540286780567699436673005590271136762147199899146369565282239151925119188473960
-9767806078431275101126984830567742515452662390854358093367621960696459148276441450947093689337386603707486525297764236464134271398098618752779015289849314796781046575869406835371269694813784563231381200149756638784083587693573719667200565960102505419350454585551590423322715789830049252574138416651280344020309490682676981214718344166492755524771424
-3822111547768073088869884014230383322332610858247795668614919995251509448789429870382703345052186379034768654744091698330940513954038182565031813386189676199112622610349398472081964248447007533229106413932166612951129379712573545780302316749607220414308260726088633086127810125077102589806368288249312730826411700445385394592137780853102018976001392
-1495195645985071038864399997201408789454673303966717585314630934071842999451815744822312149546961869343778572945196057363150354355666604971086148243996851815740751096587526557032073374649060214273399730677187503589153594884082251407238655962015168091706841525341538590797172965310870296555647363667968157423473263573328513321023704011255534636651320
-584764796257205474584530725935720642497799545595607832352747375467314384932565536745433917149464144026898459905525963989423296542984404738718206691162803931744433352771230886589911358971229331701816710357129647032302951420501116408739500690595452752723666714499220827615893713017238200325707297685724636970850492120089891407224297187954921355724584
-228640487047961184034748544427315149669095741137127226850223709164365716928571313420479894880195556441605001759973985190112823878993920931852353220844581184687252985006452293763203608703509660672572296823100186691022125514073439000383619166705247363975105412036921135609701711242603754743606254982628094983236228427926335696754292647873490054370688
-89374569901668054123335164403966626384740159498054817602418515178536176582239662446550916746032940720996513440753740392688778712290976720482145580127964416599148393035645257654682804622557371062457761737820326180896965777461126592988004830646739875126617385263710905287592455835909224514513136360673508480646360198647361680030172647102747675702848
-34927209813400448548308877019624518948464238139772487837479662274462792601942446487280564049482188256217721572660128448953571399171524219247867660499058810072439112518436902222348782171040723569878955018255188408932160303101789212246573519558726364280395963297252577772780484305051216439949203801608316172213545549543144840872474145784136293399872
-13645929042562900856895221198190538720861448085704155152678490640624788999523503534371224393762019941059190431563480070375444252781207280633026960241104520423608918833744218167063269201787734379749747117520369409727572551245748490461537613875323790029347616770767710314384309855057533094928645655677783643427624267273464886649212845231085873697968
-5330056316138598558376334236179128672816760948537462574434567665276338170713603062245514395012070067254875630008089732313363585374892437638076309424476948734069043119008203118966354346760343483540824873877963032723241893664397259694823837329269409536158292230326554032217120385667518566215663476703401147099967789799252737823941266233096689420456
-2081374095145965912208012069723532083820011784376399754382230312192149351664652626218978156848612810648023018994256080363878047371312330371486959031175838731301845262720894053709214437188238695063231202278637496765484038101367552445971895216699272472094323533228640526832847873313140375753201907546141811076107912624285148698301133208821894025296
-812565415903457786589138402336401705963414460386086878315052455197085532314239461608098182580846069253650819775183170608871697031296510438483214122324843799733366878117879371398557775672660838315509368212732710351807324630912978858177158811674067951309075344025084427203712101492557888960473527197979052852291687363161024405226525465400741451184
-317144034878867666390148816397389282730453389113964015676683148510797310128302115472746384010700096231699540647162154631585624520161682482128621768629439885847128312558375589543185390960435144935561374039986321160230075162802994473351454062367488708869535403688247302397857884079305731870798484058133845819188100057238204068104936197085142209560
-123749930959035825843975094031200609564822693605425382104642236401738066759824722058533022945867680028969417439706563915508518513057150416458538426318294814563371053041183164024278596101934292546767638423338672607880808620463212840048305533952811363224144677972706572882407717100481088909718309105759165364804084448731894861846518797116417614120
-48275165136515388115103164451087901351649519450069068923581141134662240952913257729069251420585537049047800457909085246045022760702639914725274930399489010312134187550989952686981745940013001673488117855676014798804575681027305138805380229613062036811023339358226532596053887586315088448754194793544860585588683404024730808775159602376096326864
-18827520705803287993326243468570849396974420166263069914820735235317333214852542572057433812330444735502734626249235509955154562134506873797049502362326326017364187127469655580596477268290533919082450849799412112118299530324816603777487583881733486871488626250086954575158757666205558770694235111075327453413047108319980009610541812081285244496
-7340966462371510552536368437235750034867436905740310562537157453878255284995157967542598189088024233984035619435427265813421498853867172455221152283902022779621093976148615315759784177190184413451167003284306775432041368754485729655151004098788218546267760117385963912657293473536438426097668750840738512220275823777158221613956611444805048928
-2861569262624030737798205432988304745607253343978948390652277462732994857590402770344921746391958138137410221078367232804526609424390600064733654722455542454070673733960063697871282462867941965433864285002556555110378973570819586805239117406475316874329331842540117585384348425303504882689748911914715048424218347685890586840089837718800173848
-1115183603232968822650534693933656946352597575184120907673491949966928003500236907783480981162978736863734657894241151819896983461869852992076196675146957670078831552212568880713241888661881288715954927920436725913901060500486546740894411071479993740896820944775285513055928756087532850811152043571093117432072868456989758856071690505073372680
-434489967181216691554758184456740134739526001095028396964487619042130568112413850410946733966060054622227998805524412903790409814856078926370011266390546802563487244793805897336380261243545210524175167869278560322926414761822735563284870281438627999230888447286202418769447529184195844205084627232127800192763225538441168286731904106979898128
-169240603898234841883362502160424585427366525050267188419402416191660704684851395308523669170920606010406322036957244616313068768176511345593620607389829848513671655644438061448747650517165782593763295100102414862769351181988819735730724740528673867934264014597401834027646494275883731758275948242285252649579886770517169121828208650780668432
-65905398066390219623131999545916953249030371442484627279417634101698493210322487667855685489833853638659111171027970054464147570654100759583319027164577456187402045944077468496362267705058199863568252920396313905107345566667435039465656538077353971949057368624551069253591086452175446293036841828075752943445990896092334995448517331671014888
-25658377226264830547017975707992455900279627528427607951372040488445855143396032835410511464239574800259608261716792525914271207803369488948824294301955022849990086916670700815839329026756703263898756447712587641638027118685706591860470843227002760939233186747789341693532828071254541959096940523229168517549623455196083031873702366984214248
-9986868461086199769366681054411439041388264861215691378270072296761496448648756444596701975774042165121310339667189800481612250788627378547429447749365244918515602760481776064617397259819570669820146214227158893747320553430942203760494942490491692103212810404106133427776834092502631986927827291565989105977628404836331895409795531285704072
-3886168137217010133827136634080984166138541964737373415193956493913811870474426152067372266314576324920164718698618884247610755204835821042107353233482834366662481440442593904075269283213982598294877819545536393436098007704469379628385139389901671665377677901652379477785890792388955237276715810595975976238132109299183575696501461025267920
-1511841013057224168949269372666615966942841165999532336834998239975515910486865877236542188821482625028630312368349321844942625567371161113069715576098041947646257563067109589657426345308719940378070002000343742057635570319645414325306846154809056545973941938773999682894046789007541006989265466633868644873946406978274028758157268095771496
-588007821050553004301732783980919089486056137733765294280223954922289437890553978663499137425717500242420038745157687529226787828678556723220106816570661626957789760292595268929410236510995638108404887926501620873460607656186881370950611527078681326631808799687396070735203800033803268613637843853796659727476336170305365838574869310057624
-228640252099050154508928307209751222799798659321335292662693899291486368799685731355817287081029492914019168006275409444440821078603981933850368518991739018498148484693708374506395134169225292412604778318187779527533675728280375312039815489909041490733745132472539383431883300648327258583931669414552814864991921598995695823235824521884464
-88882251679206262983454979227123778024908134460164820812882068199548000340033011300454681670783463441700521188625765204149471021970220819721738346337386154290624482390692625077022671554764589828608318067224395058352711181943786618273430997953885365706480842701427826676146861020924670758394431797701220035392732031656972403827707538503624
-34543818060354647783318849067106378146285478208327891982961798494911868932667353765643372151234881550735866314037932024600719242704561370404190910793795098003386187999940294585388280193475454420962205608548801106742964521468684655401838505640312193134831160852917479761533261490063973834751669730379425141927742914428129190477476144072344
-13422045871240699468385832493606969845739940392355067457294165982808894218586692001459418061866923015594441093512814444004683975538414414844451187293587683207434580357021971838054847398655517616666547906327301478612673716316353927847357880674453540588642585386038619364497577057177676685846041838414613297218231485489175509099177641795952
-5213871825558813806930028839936868600208423549161590504148396947259543646524379348779700895751942692036703885648047465533590785952390534776439002055470294562840367810843739016424756256868157076656809432494536074338951542232597820524066711512248715685461046460386470620628326000610376704466423597450588723754417532171687350926097526328856
-2024861816775768799131612282383151432072387570745152599645901420937526492204740957660221817086546785336956226955181233192235066509408984544120931337527588660708055744799753766465844484722363731278529334612787112019871284332732050377458058118274004395571425830250339674290832369878775735867036397690920551686864277870701394720704479963392
-786183629495677644641832364642887883899088673534795703802405315259415665497869492725395797575509478885385246480928495323037430203715428089388613862865651812140480668766334346550254735668646445957010787600043125422142136481954833054719957408135459252879984953396165252698444256447065951121519680807574314343107664286409788215021096909624
-305173151424433629416659186525185994652859088502324039738854308428895994953778427016855205594355296028912039828002852650122310666459334742253546655146598682842525948654522686860794120385189058755618236959762906981765068649226331663213957245904259592429209012322692952279534727309188000687476089469756923379833410720392130576107431783448
-118430216633012270256966281115660169814175452395992016406080853940434264215475738721699895401234609797889600579282523582018136340374909631397203051944840240763960758145938674623193458548912991655210711418079228189327331636482966842901736225891598794406503794330366143536863096550280257794254704819910398479439344727163113522629034982544
-45948649682348256380924734710107929569168223580964624579238933172188248248533250693651990511335879976704574380991187326322229434470845404673742645366653296220293706702380041347212989797030763829825211179077169199920395447636283404027849442921549183576016942556438585481958972253138903534028266674206625003402881455477329767025472360336
-17822850438256018530123864136897931775939184218993209875814708970945765118502762494239141678149984235663383286626161975711108815833984333484568928557349439615491195728043912467859233775514505119783710782411787760629511590149744203542600031014566268000714507782183638120407078898859048883912765843482638924535348356915744594012568233528
-6911557151048704450106568458362594593019552858137217486097226408284861940073555615916366653500642781484278756081923459546731499349518091113629181241796708096002230949754047824928516554385616934535618982346641575344694077813432421268326479447391560922481121295859814664093299130209759782275916709895045605496036324960398635789956534920
-2679594793622566482912490638560075334092912022015072638196070838274607856502202904103784317978090583542857906498138698197991000072474419378689080860907861281488619859955067865962936038633867898722931626003266793775514332305604387922544258185049855430738134745907594243192943232646736750478809488693854963661878044076281430332412004368
-1038620706589584434729958374654857535739566541019897053523306303991230426791082750812895842121608386210692010646817086307013976085721337372952520580028077166614528801596345292713338419065260531562803431481319191699935566000846662749099200510020311754657953005682246657566400458089467534700404396749780470923216918945968567784611643960
-402475645224820421439463715238104545208126549950078548681919674768173688478126722135660855225746597539299872974648221844288656266156742435306728009624146071157282155959739322833156050401909631402915978674150373437327589493744190862475908911838404461546593944340684049782362175851977593718514161503342695978632065031318186717108177552
-155925504341384903357266348314076581311839176489687347419135873387985715200556488600340827261942316263979974112276613435618632358689162016329067116496307677716617082003238779371242439355415128501567884948540478270644610994393485348982964672108355712204841958443000383071106111477323739288631342899866813885394435407312745149505141176
-60393441509283231852384327451128566362428190931309139914241194812238625039774068405222159329828131302989555841051401442924880149767759038836658245549441678688925224779862026195238156371184246249916460633420298027536489625495791165542294767427243177476780738680570925612229163405609652684290959466869673762458242693694708876213003656
-23386089781494584548355122772012003045029674987593381009875506833963545003735089960528230573027649796157759273705769056470852572479599807934199744662698919112286197184125263187033917236611771518642433569213188076517782288880301348153665997651400631863646265468606786433745255288004356057753009137020311652142228519038456784426714664
-9053589578609623647451792409067915377076631859610481872415847872312897143106919884501896268649541062242058968410173640588636455107725372981494182727339438787085511566951125562221201021354101588957716875770782456845648819743590041764875644284755763890903227313427574205289524870802393589633105764720554997147325509946348452387271288
-3504124204803163344139494668565934500975426687665592538046034484806846460417131680471899386791337125256422864764754809686233908469573668220515455169806887345762696351118736854901750359546393935607903844497278532380933797439740473883976728662273605595184448108793243683996574157831370983506204831982396479865475648541402945464829168
-1355919226884320737659272890420494163991596998324629068814707193786150481213391918281027741316380243082880298905752142945673146537737765749918516077723520000020000902615086936428004925969619048808378900566692584733294059900592550829719528051941481401708407921211286232859972286308933875840537937211300136129786354735884595962391528
-524546417809960944099574607450201531502691825194774604472020197689906200153344784326869394290375929224560645059458491954793781766306476702797990288805119853816108723819223718116079004012820622703176786868915102472894289393649628539606986056082892962099729945643990194305465297212583465618836573330370362103720766397284655615002600
-202875661828994080589011202552211731155040502916010900756468172424983907103933350269378660778461314473671386144339857849174735324104978560938069769185912576792926001749083983606003516518367269066157969136778037044981052588083831348670252873046637153478476278259218445911055524105770061462888714745446719390065631202629303514367240
-78446221333586625040234973697793713048700394442348480657208619515189715581914619625009281485958765539637760314907843980265590109182474425456486414234395948899528094132802958419419314052338738392939017960893917408994560469907883590742514138090418028353085802318306325347814330227555325307859030107081380582408568708268756901796120
-30325662695061409810910638023162830692026530430282202366408270496048283648455100886087909731985490889323599796554833159599030857274428106425281206191233531849793629269728098425412681455441588714932939724797213115966114147973843860243556241324221394848477938304778074028586164135387916410736267185877755329124901324925232414691832
-11720466519045432650257076343342344508771604370450532050159414135470575584239005193497012274840908051275238819762374255748406782741904452001063897402651344217886162908349112854959195406319191172193789206237873519823872334210593123231866994787847699598279670146476770744959182151115099550174886342272536249183306840790979165118944
-4528725096088914400833102944664402864574997279307911792338851677443511066346631043817974303439192840767742176636736155610531973486273131083719535303790811910276090366596170406495410240249219029322976430441388988648455692442517789103627164060060599263985169343988209544666063972628741467121580696907634897264630400331581712168072
-1749458376664954634561306111333527376098256073532716007881577605468685153774849442678197312101383831351415464218924707264427931343172039845566108779562505612326729108274429190103676708405815701667410878328190842103253490631783129251799023474070239032631931158203863721944564268476777490317412079264438474051826238219661942145064
-675659670235592257736580008829424126454057544575159769016370343041917243685271425081950869700614776976935578470612318052135522860569918631512298764759206152862738764813701013454797418923940678401374398651019944943531717152345115044935522471543663945464636567744954734805984065744103477091912547969336556597439690490147027060560
-260885077447320709383686911639955900680886659780708946255220214068668796217135494145650914197774347149396366954817439500726867821433052197709629668881356660280653520348349402560258867220686692381863807480531929978075004532864574202196251858839806396403411088871495817359364555532043462252245862890210374492350427321343985053064
-100708810989569538604369312181010519386903895276832926879780018526817938354421585042179000656941430444939680329983706607131920603528737612990707357740105442815817268751102045894875619963926528305037264996627176579224518888054462034290025310486781317334102616167113563327305045334554540851252910099369722906656637138654774945272
-38867160771936144906118108474533588425262373225815102009802801190996637360265785423765097059040327197280345291792648200151947847237884837232717232682897198999979746847072700821811014608501497199536577899072775841589710414035477131981114260650767436732357760591461836954573193186391026708632156807482039447457699519413728523608
-14996689895071235788090762338553306238271423012331450314291775931009653788618218558455462487154790964797534209998406011820973552266968988129353606874143397108515009376762955078199312056687050202884735712095074134479792867279763012650365255134802624767248067241040458216287418756835694925851430136109261695671577369882646710984
-5785026845466052503612696438910221142172917361112734326504754856777701705844240687657351643085098354554825159076147006151679741079055598895884147251015626060532056438660553717866835507923782889548017665966173235100636337330443103895280892318391275793450607134500580968371685989256278383395751666545948002588695090015454223504
-2231068195948966337009237848112044559204470813141939600720593336507924327776695415435323211184803274596089757095054546593865224285930968862260529747731530167042001304909246388545867168149488469239168237768890744181054451523318361475318193838587682182332570905565037931231091032025969526290596602255015454585641072930796731856
-860236639537361597005121483659216617337659530812103116860316414302261479077497121058210182214369219967003762928537994759892592821967270794426013045272975693150609709847429749013869875730440917648873859255910824067358212738978851417826664823431111564234954614431555841379372811545777272017430275407583316334107278239441198856
-331604774770714301081565461604205096683609745994193124584953675659062110934842212547737308174685488288836370254861089807244950972806951750222803160869626682799876571189236320392021923882645948006098817100143177086334929260132086482012297092459128065512759341606681838549693381214242026776477513662148321935884283202157880296
-127797243209516097986634403599915759743898425165256372781940006007404133260381097063105401973657282100031792884680686977341512610315119785490543164967181072039403848207690115991130422609052416307147226654132557358878419676483763713790025793218730112079926868501291144250678927116430039097773519531132495901753405004851886568
-49240243137017584160097742577370846077112665478808881881420279184912103281541410091939061678051505902030036166500272655196185490196434807612644752346508262726515659900240423399842699989539984838089761325011676599488410584437995451461148273577541870216330642317720600084137506005946406706926498859320866694703299732262545120
-18967801928492527485387333376951008696003184379628376882362740406435800537429647637881431644526011401481051079406640177177540284236893567248558754374437241612433526245440150133890666153609521644436199210850926677325635971744787463792920977970902059117208843011622519626264134583244284650301385208946483535361669008670455424
-7304862689704245076155646756130917866362676274168061901511559667830669711244523599795434281081135363426281714484533121476550560240783727036103393501705316694318057454034304635968523394149354713744720862574798438530343905205104676187130423995727263347251801313329598582154929980156451794758868596402417405138369566513357800
-2812583732785269554917000782007661026565619577852718703744195823300422609779536886927251314682186267467425277148107627321943027938621554423714501950003113126423530547144522320588283907965777715596592870143201778772458617537275656638410768591122483760812576282801435293358995037996152200233012563341178121476937186452222336
-1082673071229619932171686908785110668498862477298848947869765401355985962072739606474255332013997357499623464505530287776110248960668151733962236305780437797175643838310271205648654008774268197374447015441593656960866153711955693952431045843357372703409112397303837016693236786170833173414592139779262661079401925036882432
-416665744164758499694258012130331559992101595608467015087683267418889557461273181561499894225029861128579703900006226343063666437313768302523860748432624191693550915594439855912277704827908972670132736916337237353243187637737791036001739275894656159557186746547879551539291584916951039374218225255945456718511255352243360
-160316034549705669292941709386140471501035702975919318098291606808013862402283940252886029815592119751045815307481711292814120331848663773637976202934968036917174848266637670652617753805777439651603508166740398865581568398338893614578779080232906156450383746223928574577255087822976507197628247530307224604663413750050888
-61668721581571884306377123853207134212374894211511196485352629366910720385464633711855513689010931800020356021985473133588640557786402735147996340942068256131989797772589107982284255514851537622852541474300591535146992953563132518318843217929079819662255866975238596733297626157789125492005439785296128010872898535002664
-23716568987846305631603381474489713776507710238698719191624768238942070558105681303113122538801765122853573009130399579385462962460822132253065396971731662555190885590154466437119562971777661227972742093823656626746370284065091870493150124306185072789704823583491338349948079949598852167318531341741378602564617755175904
-9118802753448309505267826855384426325830161909591190419844175209807463201377426674246123146339849890567528289346349408359706453655140059083423100637037657005302151899962873107786101567077824251270063363727065020899563115863995856402878406642525211333553777975417195704971483989189512131409513395406336998228861187987184
-3505281811464130906283810241437277269669498096128995921461947274136001330865627718440810367245108729273246696058642681334903240494570313349997374794267356466823369900963085483744347447052016423321671004865546133218156147452647263613735146894741483316022052119752375202917617945275681076332320708468722793993713835503232
-1347123229021062247402285562877416959308001126301101435245668241329288579394171498349491694270566084548091092639140950980494932824083596128440664171833888701178736261845681068794521047991294542088161976333842561296823674864112166528834050947970769531850261681420594497146727395581027881261133108892297394816596825733056
-517596210902130209606081462872515431557561057632239658352258088677358868961075632394759516638783574645226329545436562525579014819147649204879720493650217190511616244654217721483593070588394283298036196945769677154840014332403063332232714127336223478906152476843696755714527057664749104988948050601056632778713455837384
-198826532578126010177540949919642795330511703715175447627585752232170619426560200074820207241480167330949208478026872969847640206769465040928577537956138532576594302186069898661211072745863028133968104461656587618168774477908333602233309306146529986252959630218115560199500933301113708800431404225673361856799663761400
-76358464047075269822174547900979850523396724490298535152071313130756057288032584090376864625203305487111966861601540409748129618445527403883271961148021225056285326611998858392817365958892152106991177081733450817999407704515492360047724647172216863136766274314756354621645650507519078303791665724123135732503658439400
-29318363908469447288414736301408218838169199868051174637598613446285190906898309278798823263806015258899098783906665443747955744640742777122724534697703169400060427654753008076723584606708864223323738299853719504359840197353347443928927557805874250662655331369906421507226608242113576819058401835448513288649937969152
-11254393254364359020435205398659613205609442842473352311999563141197597392189584763186757171140429245896735356489977815137128811657727936291357985703422702558197387625806239006529363645888425548942715759623271405651029023843982743269837520135220632814798643763898334477783623022829801148242413617805746200785485251384
-4319210345215187166377854931409678330010872621824751055383608592470436421432309599220836257729866791212416277203405419311316591763985510416856011635420105552075734396518477260194166386033333652364113244161532872970614898623347935043836858999924114432280257943646332411960432621625878061525142785120208204556256525624
-1657244705853934103922157393952377839361437909825421063869087879666566632268090959610309033927845228122229839162759958930775947979366090706501636818464536371081505036200251680195156740425192553767511417888581877113258663975304526466176316637246048213058475586256907811583815765197830658263083953542546313313357950056
-635724642833459064675427316612031476397567194044447188023617176090025531615086080813390146980823928702904871384711685213216232088350401064290844280600735389881537933539144094247261680748318686934917098524547916040600159267170613358585438211314686873796278131118643274156329816144649816465652759389809494078701603304
-243810090344818895412912211517389447085753812497819304956795950771006058644482619062978893379254954718210304165810342077985531596582973995328930367062167483455045018303532814942849647346012335313179665983535581480760665790547648039162778087242904793940516006351239561475414920018598252310304870303130053733104782376
-93483427780026062370969786481012584023981982132535344031990878684890086197568238332185889696036240674663579331507387682448759152554121613166737754128356734976212090559524880816851261290652133884443736847913125013842640087027688081802316861159955769043290887580040470218037224916803014257237700707156827611789973896
-35835874403029742626847634228273329649841194419466771197602468306472510373019455236790480143980900446864264017870762244052853328736510510760966299804772025598946408276587166523069922869586070432928152846071748140607663245746632285026991130419321438425014354138889012544645553961619732710244857669590018279725003568
-13734153818843697645733150943075222334559801875032221792224823682028865894767084204526678678737679215552486446782848165923922116650636074527030581782258479856960244759766895715265343980796735787114570009542006733068376836003486617072843927330145812661850285431711440020794188605188886830914059348211938772074551456
-5262431195491824860847087782232581615488817981138678376754866291889276479885963211692085550952977038676818555811142607215870780429512603723244854991363551870734000646474582859250918168071629677887161429837359254543856857594136298244399606054261049544102976705755504125949890260876632695971746966050491853291637448
-2015912482583444134672667466904793413457363743022045450012862256258690657288192596123425996981099345926436986944232855555482872218758198833757437971903946655240666644133900906125604957439267133218810342204806291741770585061903027332497605824304788317096308111272341598886003440982302412347199482440494250398038016
-772071877799819257235013366639719329128098493504870094351223068820540920586063464864409042926537392591020014024853132081518460337888195214251385183778251965512112843077157230748758334817227335483670385382815941480890021105179216872811157967349444771523016802035596103661358086092915583955044174626345474465484992
-295627414938296691683872796697416347175793100301535294564612536021338554361733636588603358591072602290280824373727933661544221083188082144561267198435610617233469258352017414123778874443102503180743065187738495574592111210368009785696479512704810455471198909597540620419053100452936915555626066469301629170878832
-113170356650045476923551941229312953761383501102119708378721835330464287657715961923323194537747062300669314418462158608933780880622861865316031003542288792624307468204824079736077662936640732668628923768558811322915317469609250975351358158954454721424423290430831373896867135355020071497393913480882763537318632
-43313348914326904566161429599235135537621673011024228748816818458934466541633430493383142252910091143655633944638379360797422407143952958451480160870617916741607002232620365466996651077497512147743579347491369536275271662722731948270768795612112194171641925603997539356404416510672467858091737316746417329341696
-16573416204870034355834043214291627704459773940814162068098278846843122899785477998932469239222045517192232802681524319201430112897533177374449083035378208571113182692736006120961787283404341990060607530286515201961701104059775759934052670986768853873947494956390376006647303409516950126384940773061887546936088
-6340209305559890657037856648577974849390434123747149091450918906150188260451623269020819126327153049627669256667497489150767799656011422742096942720078223342725370580770635590185249637591368517976598419583359475346356662166883524013439557963218062960899781413372764010207026740469605014745100442899824023577832
-2424915056588564624525890224744153207805633009971702373542896149051607192431142891059491778223871237410466314965433040530225356723725101827989483710441946961462799501547269463262451442131898134835251651956696293066262129783944209507748540558168499293437682237053793723420605630565499514875979838203219988951456
-927237381024850335484230278876066615889257892786178169860429351234210508002554244639648528067947626332965114871652324899199229579516473543054102918990055193238655092864195201878024278519996583257678056816170352015958399630725510944917903957134766323190906892015205287764989764376571552481294644791277578322392
-354476042957314647106978071081702053480689494920271341257443988020720534196491433758345178017620335523521345914495735753852777851685719783005630406423933337092298070367203267060570260699408527113429135807157185165630301855585073112730031376620971373438780112500355777860043762451727341341703899287497656911504
-135482901985799805553919657846157196419134051386986447260723285940637996333040870390165727995233758788667205903876365324728985577175470832413421999905576601766858732060101686932491901439985286469766194344488715073554425636327537771181214401430649060295170839734490732871204887768845157285723141205492227082928
-51770674523868349801203245249922122009338285678742992779015736523470703150769558142008193722116614444840899572444773803354838470668498564819507306498303385408419340092292546843430448751588171024235207236914376934667260294880361561818849276864679035478249903555382820039285988022401210719811302574710343664176
-19778118492511159891616825076354995926976387646382146090668343636241113900911385121358047459872258863750646691730063405103883236282445587859778480713313657179569779863256234602651293292164977898387818146452903969875937520975958086811930340428044201369593212099904292711941435167486542178420694972922162911216
-7554192177358745135531705985723497864498976027492670275302060606804796536530090667539154967549299612500534328337014049786797878106535598445117362527215708803620633158211527284125964560299549944081418036625363034816256784072257567259713949549858913880145430231457653189036795612114317687865702610648640842544
-2884649633772111408566233813231329736437662436236440956887532872099550657728126629678194844402718052796579426069090991612279184696193941479843936319333220466984276852081445753022755975056269553119186170532836853661288215460473134165069796275607336642868365050725486608914627612413739985570054729629459779976
-1101286173020104429021767746464588150842440232793108163028330936488717196844488731756048460597116502903472648973965043158717502192166414252267115176883396239094652711129407707810869380820952860728042182182539916155504479807488304420038267614969340533232972687084638548969250803183049244485565481147505464792
-420348455679127664597854030196732372544560123612575287255917256125776560247245343566786214593725133500014925146591334682342861063490143647977091692442555173059936982632907147589938633352042372762927199870293812058043826645464534628558372793871487323581102139881523121648764950379813245192081911581578483880
-160406130602973426870346749098016905904783141560672668193370532824940333126192149664411525146494779690332128807168994872352889702302175438577584939598047227503920842572285299430802577555672664469800044831317873405061270428435663147348555151639372594640877752771848146555423207039331074139450296079113225744
-61197655860562484042283112468868703595999186305849375927172191629715533692618484625693643326224505579682213342767326226190321761089273916556642055493365225210587604747801083260526926205478134551040799512370389878015615110756869752606927931708231780314598095970185631939121450043454654537523023576240039584
-23342695756802378417272652278214144657051684173939922589903647666463351347371838907458831338621682834892225363780348992638573140737469878479620896898914592643522390236358526283509319834524183987825768986465840901852085335758934337823191422645799042600911526311696678842613004793377377910923102224588030680
-8901633500891339188393579910027561244539615474127741280082114680063092628293744556683333351900728103755150695646157163719225445024946207451454439136680438558772687195121756455359875252188259286967526561670291862283180921252545866758714505630098703319081683528644691642286610104545060983450657136565962664
-3393836883824867386459070211198401970184024616858315553148014069947650934670298115072035904946187793756974566662538412851331478560387192093243693894433087441559831724429708467492978363901743618267875357851716225283313295618095535861699558950481844901773729696353985813331084645610644386337710155517432488
-1293644225554180799464824507062217908911741186484164595232676771306538019343801454276718225215576856099122629677623342832702588728722905467364365384288621909986624274951288550548351987124734913969912930651297720357119995374456386889709906467074231274345783121962275636185555599747425501200130439190770312
-492993795254617640818764714560624191189767797408956346238371020352569073454165777704744663618548798992502611589624264834005084308254826687998880708549414014199810677224992115855400340800222292636053440212983709397913542606444206114438935049221089304246332225117577607635026153097719972155595691381479456
-187832542932197886379677598946762369172991618857017310288253485081817139501323668593145576192593975167107515895877670326393149156057751398934987355447783676916635980077164240807027307341650032922931048576320335336632874830190373507698457242386548291124429576528798342491841508824979110985834594911706800
-71548920152594391787830968413603276225568746251580795559888953054672080540636236611605484151594948040364716703572225576205425480574533838993021934956898507504012367192943836516707693543075751871596640408191709632445188487615161971013004736747807245547579245934813935194119844970538534540529528830979960
-27248227940460719055995698732594991339874577916757698574942450259705160405437845296402651668119828857903156411613456617005940519011131763894926590751311675733164435842183094004228708690466453294959061934875549558219813851895061822621021192923147825384640724681442525672444612385775971824827510443286144
-10374721599905923161329096739502327282387494161698878816459684435936457595101519373087744351821060276348399285682411078690172026348163986486922055465205723979699246721923871689236753117067963683817944516044605531874851428473925077000384885209685244198793506968659716465471771033556152360705571533875488
-3949278121787598686235137476080088360435583774711283441638980952450217183396258115383417252585627130369809471583411331673070195969139874137565094808495930754400835135723051087342231911231774832600849094423757069678786860770018366408205919893147710640428274256824639247140801605220027983127717024222336
-1503010929173288895336288976856087756469101167072556038703921329829149925857337038954260180796321035766572803873786208393094645543783542400830831083244454946528639138941257592368372265653055561095071145056655310789760562772395792746820111097954798991985320027767356603412283819142376303321981043621832
-571886414497762521535011583090732462020352516796751904716785039418238408761919504829176542002196892099931074021819873115650211562286094165673538916830764323943554844019557147239731783075072241349668377297990067802386678864489912524069743949777051815156070619868891554710089491718023420894771557720992
-217550813930351144191582501788155417288331063664286995638964849449773597301064471728592527970821448264875381561281847048315182657661831337005512098181615449364176344221264604780539448358475778302353724729678356956681352748018577760127255562555109055179235102596753844684909439323367064566667022586432
-82739902642826611254122124967996459205850494018911754961780061078415528597696962175093867807596416695888833106605847603035799383485937801857234720045385701820145253516111583056392058324165105564019830688416193338142201261502422782362714843762074087583565027652539032090786065304986081464844755105264
-31461014788176931015704286129276742444829341055129988483653160469418199869126103236134459292218420014038284597293206620281236079475812165269249499126992555061591180764656278690868038281416410289338282093119139065502618878038758576647036107926935615232273120716446988263157006360456495342906230257584
-11960076113387744315033197560624617699100151004324005871056249849591360799111699877399022040785460259006429055857085769765746591846675219820414349364442448719735235179588520812990353710481732010813859863929705713227683338467203607167408697548122313029544891127034386221329877083023452904461192562616
-4545678555227101584041659123711406631738539166129392362939882025689486901076714009969426279881501019252047666505145460507632425675537394352297624216041586358417732764206494850023863268418427116571620353003684800409620775453606531260559403380981735328426178924462511769547603939236402425274826220672
-1727297428884022781147254134866709792111738978100822602704130855317458810842352669942000420134871616210676367944334058773222936377954744724860740668363401158732989957895278607440671817251464620912384267479837773710703623649408518022458909065339872063227343513704943715491179304074973581200276573360
-656204527995417813361164143826754451358088586975240176781927112735206425834376411535891073677193862582408359958656880302404869091363853840656914804592491413810383508260710270228129949479564582228532044099887915320205611637779451663966091568030907278711622437725869344313468747980133532368533502752
-249238468500339774060398541880685149283693647619518584228281832884504556661462727712684151102462310065145107928461113285778627852324909298309015975720169903383795941794260413484251013301502269896862623074244077815927872721165544276523814393444658879560239892692155272971449501659026912845899390624
-94644360871502108608585676694245506496516895963560425945775819573759025143088608232127813433801821046564984326590766075561839557026248408061329692273416123983664328480596946082636501734939860302068490417084143038297364087796705477487041212515814241745054498251131674962439477401972070539168349896
-35931743535194607256145526151723783528446034855360302493970656819386148478499561064186768390347420807353240860398206179492128302676016011095360321287901169740910243945256507277120787446260930897591985393066447417825709592073728553345614720317056634586276903289414181438498680812896861287344529112
-13638474004788371984010709015441075365433711288762740561193943076032565947353928687379989588010803823874167355687685185645362811533138701855627843027854952741929640813409908731915735500608194192042166559543731468391332117462118523892203586301870286798254968831239153577354059006543225556360382120
-5175559075704059345814989583340340729902443489737534669321328492184365815641386154929813804901417663337095495514636648040065332968449610157897554831860189603265772148639439855237022616006135831743017010804811895498259053607966660097244825224041613886333984167009792837082580334216326792502467896
-1963599081200290614839988636673290030125636235813916021626805504762355683241246864214754577396040502963306982882240624488801619113236001518176874406873786519635718452092105352125673261442671147397814039116570694957663352379555397649429082482040686816201530960861510033515916576949521531947658688
-744821987907907088541226884859313320269070702820324162394737583421606496842600217128410445608267061709140991785223491854555356240826901272650313006093478681146192446862743640868067085606993198980619936095002724425766166683451411621948245305224799736382961236607516962925452871782266172671772312
-282459596319639175430948942588151201340943755378115967869061872579766730834194123207762637766225261100366826684473614971274047642494789061312065778206692190170780464047280970787889761909598049980319061482865067936158272438886116836278679820993284539600139615105304773475145688841680977989653392
-107093820594564600095821434386985642554968880022797132936294933148539477692894459014938501058396077491201380618441349145763652546062982482126814720592561630275893837015570287779021111494885464519059031721142587046300718531205743420190018743050953794292122455482612908068992820896803824942528968
-40595395775562261735747827408990050840014230720903128520466291927409380983898494682339764849014448015549699842826922806320815745452535096468212260288765779276780268675324908417456189330615266014579108262104676237032449253998860576674868956251465844317888749432219905700513558116222486700253968
-15384857978096839369210656116507242027387407103308507883927305890601047703572532993605271085054567025089423398733378772696063558290099956038691913932456609960245660970845200339137157338318919724071628536841602193498600774309632482911747112058164200449593828733540860664289243102797851331585512
-5829275775958900222529576263217370293932326875595852244766908335090533149785162096541652375391581832205556213051954403621764744358247274346437038625839650543919767093234504235102625670425332423977414335749081358403523668589925109236643402404047132594527130744850783723241673645669212922785624
-2208208940933963949081451506925491371861783743555990354081303622024823351026333158051776469374667217342489532046122682617692643524689961194198722885867936563449195777448516537461970906407998084040021817212927344569341274579806823767635432901603664947981107330552928769571342399847244389059120
-836315663466944511375236740953370617515231687668138851183318450922149648311344764494441835116984320497974003819880483845989935865233240870782267292739932250514008565161607587326985052438406991586484544525148370206445955343052064526420459637724074801302240414120237926064954617748876519140392
-316668492068294046391805290644815375317154407355290082677391578826776576590004471907310950302781321490572749416725912208675137026616015620307062749251387902309794140067251300092848853601864408541676354780360022744338710855163759559524706437144239456606299585374481537318655884462144289837960
-119879268579518172160993606474717692895955225039223420283277600790456108742295063812439029092814554243495924129925796637672850633599062254490996072031761323568280787894141806446650680471625206984993608936059009660104650351369464566572922731337041427389177109294069236751197453126812590022104
-45372005118368856061742835372951232924402214176795192142750213422478852433564943053269678224418632165071426589441641391848322444676183760178948298738559916801212274471392614469116191773014608654544645460117906503750787081991750570549599138199822020256574815221675858915141886546925342442768
-17168666593387584654340431368347194331848459551105890019910279287701247623991522366911928835472031333941732351993833467212988314788863613225727764907042609615140332066985269076324766281513306314503265423681202267247654885661787689619128268047331400895362086427077402834890173679616423495576
-6495160937859100743152903877961311596224957349345926845983756532899260103550229331525450457776626466254415843096325062672225246918691264096095234562946837912749922694389643150158055433661903673414630601313767897153563689331884983330614014208098490963730352095727269247790481528309532390584
-2456677050505569519573381354081623220916220333689851300271877424401600866608745934543573442300377361162617815887091093766874625968978679026768456141698949943750088611426739985744166263585288020954245793435636657153859103169979448681836006986211860078763186251724777199582357407733546971792
-928990067156590214381890004953611279754658291434608594934122664526536700493028766689135588839195430630603531911561219285894354447028235270115740985858964579445788316634440084090886685132149770796230184790921337970036604752871375146410201006013733598655906544576692404135381513565405851136
-351219780826153915250764538495683601733519183735532952432716176747724773247851187138507907906255214680873712697402941239520826046924801978028949464607041023934855541940420774891652538801333034916578896151357301798807597625181695634638278015293184715782908911706291359948204640784774153408
-132755280609397117258000694901102593406950700506062503901825930758199297198326886959201044652489655643001026431454883309637082868805687761082604479686039685462799794771494358963808806082328748097792427013345812547493213336362898028751831472271623390337734851279038039810914993785637553312
-50168328006273119846568335321163208848882892631756408487988886361906638852547496436632565556874224138981681886492689923369248935402867284688112696423933477404144329174625270352266722107432820759380833355904458797231802729723273260550143321449906275031075894190094235032672036808676774816
-18954506325292346056006264716838534538945269121386372902668145971850267566287306561246437635201034886782112440009773138724676890202949950429055119042378909724828542279319462691678442792208730367180289897243488822605799794870066534757440901234241930234402392344889017624145046978450662296
-7159791884319755948756925269803492569089097888111934671261192442137193830795256188835177177016044876537480882671030635639086163090022974955942102565567320692817404496394193466166592098037559928255087553055063991747367643704923478632933980282263434641639934836979266272774248757318065824
-2703917473972529990741202945855032120268213268364868722809753462407840568367738225315525788745919908541405782981639388313442985330918999223164169020045377417534308771170727803795144922215226037775886442658461425783293309338653435524341389018158082025767315653459865195488193774152677616
-1020919783232902425844775783826652099422392667243673109645050999034220902305724858916003422676432173207005457829023309954802057495491034672261497231186857763149454265214401579411113202076300182128622755903443245522528620130781344902737605380862599440472909021665480264956599824093686648
-385385171641795500939171489330963693496971586381671476892144081426352560602228099753057766477309328843810430977338306280208546919480372507944326473858662568796289344058096316110895133799897181215605573727904429926370439494684853533207181712323694982891673354601296254239368590293103048
-145446613618766802855558838765334968590132607298629812816230901465129931362128676505469324819353424186550784315133381411358621857175506634221540067037237340605343294963362696713587932371098832941704934169987875328210669111063968742708885990573005554838175091864393098811897997608624248
-54880429225014322216188843939914997225055389033543253034101944394931191517697357684273636672818928936253661553787981373882783514008131489860722065557209888448739876522185420992893687875302155459724038446005858822900929564801644026793030721824226937145118236871129895944650621050084208
-20703162629211842639909000858560170617459359947976223130079677038955898300954581544369418813688542230572442938211472938495324575373316002395672230088120492751491537369219136456988371420332014086108703152519983938019687153452579380071917761640343468411686123819696221025235184807356384
-7808385275822731110480968712437901630398140174490274063930000746042750840376177028942704143853159063009722519005777317262085379806278114056284115659138343725959418477910623502003233812022430122902096177452278846026073017075110859643025950235170631163247862497062613430870015825942720
-2944361673756501515281900137013433230235760184449138584894402990033369784135516110790319301862474520446516498567073377500956479142454068749327125573520607814612331775704098103962449641178360395359406684225651172476189863110139851254849966303592177723594438958761306673209973810544624
-1110008987532810554747813826284748599532311923058980685493887589997060504205160947202668681258298035399761235058008259864448720377549017390153946685254721038060630884828122090145766241914328665440625694470899249735054034623903220540344231728676331471895224707365333266678967194553512
-418376503359889644179686008911156640076716215530331434048182116210287696578370151668316242965723642334167937550252430338866469196035009915996997278822925893424631244389198385181947961976263078916544907162717092364987649663447192005005577027940150075638880549758939460285244441920152
-157657110145723880400059207782580978062333087831450047885168888039027336409350871639568862960831815629681378459309570436660749592976114404510158219329712546526045253009920094197486344206273639750199861459348103637467049461434903104762473136461264490373678576859850321740171226825552
-59397115545089534542294845584794196018307675914741768216808712869550777863355663296853311753523766047210852108923773182676323229101089285917265007642605917272867928115398995274566811276429414412431218746792166870672008731197285362572964725882191366362938760938422897819526973465168
-22372921476377697446055362199470933866227262528190734404711943643172983903515732443883709249301896670045884025279830342222013218291658848152090979561403041289745016631496941338743259588720579320897157118828249595242758382294266818457655519398812477579831167845981816301334059672120
-8425304821306641816638180601013317973824007676607117970667504134168340384553053262466019478134260492973415990123865647596164507465962312396814292827960598316909361365227909602969784953460095942363826103057626921849179189449581265013941681168086664338045420056828836675635594549952
-3172153226879896030379603151497467846078781223313067358234242081420926154176134322363424706707945746154513816982588344296759315494914542175102048018065588315335147176640181033221410611951774166967036447792614227594332502263480351561445592433680989109071268976035370889506869496744
-1194066000592942027316084438978624383205160433699407713282296583698124002924113513913445516117910700530597664719454432857283815563357017895059117274216148944996995583268185709604079416943474473394290478641850545769314535523582502437603526375213145277211216010961755780206943797824
-449374243919484599937256663741822100831717576428090658689186395775380233371178142430174002682928513010393489523066110634432667697027642511625214035386425290949417009462660212368520883743906089376658660584330806152627462329418175899577391140686626980971373702695196524004658806008
-169080575879972858863004813308670445858372412661073639807525112745653866331077587039109939107087855462617779857096894236160291420869527096242641115559041992661399031222965371115865144525789317092922907700168303730656071098650184244159941028954710188507101179753819860832885551920
-63604081227415078073840896662524023167858643769522117172884437019279772369261597872737179748045233704335174916074696236649652052551325064750533058842085599863833043292267046361183278879618917204074406583569756612291118488853702233700396023323183197363095805365555343966641763176
-23921146937771107498234723224510800700701199123933718812292662236453130488672538327976677287367559018534804560660256654965102215928745353908083448442265270541404723077017056978016112519462671938905544999635248689092148188695414014573213088290331822183801810959963137046172744568
-8994660782810878578475779694258099469329807973143771652624195642926827745243647004197253692410143999354512156214243676765353620557825322886763488753325211458656135250100521000092452138549951529583479989826581079700617152518560416310732628277100698764540194051529013677276590920
-3381375330770578396171721219207541462653426116887634169958441796923008666928402548668864163020026777779215601846186118739943293888152972889048308283740434535663877816402728311515907655576766317070044881014790398891254655635585727355703179145800869937940314838727279045274350632
-1270889507092457447329434176624839823020442043565310044857082070776870339531655672887825325079366526913063277507253552857052186268760450493485852957699385186034328305985086787885425870392778563594231551335321814759601060664072555866899072826458812827215865700635823364748340736
-477560122231160656674635321576245134941598019938489736718882065000362332813954472200674905741406202127826713830885189909618371386967894204987248241747693544071410013809746451001211630812461145598705391439471618336826256108761267909749163137916331240121254208066800805232172672
-179413113914809398812193916289348703157516212641247764228614277510552345184826851452999236052758266614866271122895032621812306670602075527159624702926437129593702368827247972911324256728418156959523425147719884563588968357062888600436799134935836377341171922591166833487938016
-67388564161627197174379943149565555942659617503155094820279065723402798767636252561077687992485600998527546574456364111903745856537518279922291753964578478808127052431804746253336132817811325300697783375900287117862959373951937468217434455229295018042547240476207468212895528
-25306036633341317347983867658472572822521993547136794350829191176160248557457198656536244509063649034152783339591677742922606469746798616088158597460663284225056222443125327408052945405805423870100924070595843063617051387135766435019935868330890316741397268418135920575439712
-9500970982078164745914656391527629952608518452913549414631344028949783258580310430810617562667743228736854260996044867142592847675916539682078136174051545699089086105869922029663845182388612382297490864574477542933232822685497181417844761851844008854658064151410935920923368
-3566299392902280259179111726050866821718154689494686610186290789069304815996809774075485000747372648470850529421046473886401911658412692447254435953752508312789342656421119992215206136942143109817085408154500467295699372992385856576401885975258675642309669653473027998323632
-1338361929294252689153081125008765401049940278398935673587427200882858163411640659217653549755423078370659522410695838173821069215296490883197395680054375758584759368905621199081160181291633155716497072194086547844826674708666188856964090773705793989089922675341834218862520
-502152157285739956113357915148773685220062619995455213294312176431306096616365669925706442261538839034970633099919439341293257186955384175961774237921611323512924518755750255348286178844130220870920624440185803126732173546578624227191379010585848686243902213696750100229560
-188366249808859559694468864472185523551457487681043482071985688166173063987090086270991699338983268663258931158794563775121805838449405869861613597077413303168357725606400714199983729160821640058174207381192116168713213934872700760602317604380473969273004326994223113147200
-70644257661030166333910637255684812250666421464300948163413313629109093488357074159277481313794812793704382506146830823477302020444088991415334894111881515132123990338051049751398679680887683544000787553027805043140160608951757605636373014625441126178026577321964342203240
-26488457613593375112560259402517299389142284175965689493122635183292134835069944681878998236293410005281679410491699670968713704801847344146994010982488527099847127274762082070292622747434267830740018753443870637561135587373399081840866443171810997910430014376950418442904
-9929846150717441524673324901711812398409548175864552685051970526686507676193081141540040359331659697992528855684510605315054359639315299228068111847893632145792421585238477813479511933069838942146129124958197810574166214534374064667292404911478878796243871906746391834728
-3721640559981620622278401849154063557897292051996519644415568888992952872510022384345230586272191767944082646622809448400096170320337375656642104015227526666543847472347320905502530814820198801017409019331284713529151984198368366570962721975354176250128634939649830673024
-1394544580422992833504788882161993903101239965804346192585074371940081082765179451640016754509937293772612285002546068489226484358275681315703977263670596176907813361901276820120195349713550316810243886466025051859750621984849637261345125359197922303346446780650167806008
-522440046314194153593807191737166937800983654120717380119941465641211948253352135718470168165825971915836904773100054728241385815704332156304791497205110648428214877706394762678713218720135518261165157220327878611462927091536228716473572111659753743652148257174533360648
-195680075809796283114578398409541063297572527607995387648072555817501449795115420933072620399369596782975650614053561588651722258188206650753382069041443161925113966882987047910064411935767644159672140710423845469741101766129746575901068137335904348959452627708280264816
-73276186273983429800428642609519782379604864808487262358737464333369783598660932464439061921607039986012676821326901991772197423720702117248504785969340823200801449821540729757466861775895065636172731261449410300805492909591409364818815474570936418715758389673055203864
-27433752636182279852450124762603405917118044828526622577759010101268469663298316004013212134903335760834227587268275563791975750518575079395757798826030495725838300554010966608314427051718378035923874061607345044060624037680428478864091250847152101203992244087574659280
-10268658175532063189500350720089224100771435222045425505335659954756162018687834540830453253621123492827661396095598186824478178198938055768418236357278673509741522969016859564699181572086740981644387978500169431771729438946305305297913969968336182514589631515024279536
-3842804599842815769975651683170027376058034368788401480973361153505807045374762670813610002689460919322754999969452303850141169183930789322209426213192598920520917911636596972126575016312497952603943176052092447941265145984986293183782459269099249352819431550625227032
-1437768746078525383083103901319594785790990771160615869481170626658096652798572978820832973007216949869728350775750331610487234347134182658828862466803871663090559120618964140715126780000689903733891359420478794425577704074353719767098994815204827165733377104625803784
-537818718545738993573937902759815878029559064561643021195898408600561173986724731926075631018532997636832352289592627832274335019956985038435967560463110092090321017339670762280713924119699974605358533441737783185525055708070758879049762918880289802803310627043440896
-201135593409054628224125617590746163392301409899457802611942203363621441212663156653019598993940130600142834713818820334675891292172059682235009237749142169363973919966048935916773466511845909512501638327267084293974899039692000616091617923124663261279786647770309832
-75205238940604923787371430038350474423209607549484682830501188132213325307549145171768517194896188004780610403848119436527927184214586161171321924153298936580707753670173549142577167818200385831304137253327942960920415807060078595524522798959156423273806822349489248
-28113402448738863976697860260952102185383075937269296564105941075509215582749007556495613883606878679844435233160549653234172215353501853022330322604117064741352335815642191798408565054378045197299923670597758029180066299368882907421297399867783187046833228553767944
-10507148641829238085841102728192176469244273798197951810404277476484622259986886774881097024285530838334976397579774123492620754551219741590024666784491458573420821744065387616924560855193475287549913671857472580830478399449135322661372894760143595126361725808328944
-3926110299564989857421573941315335296638320061417126380018542771059325925061022355807872925765293246310135799011767084009252315693238348066821785563508067220662719168221991931385252771696546409109293308758486782886353711382661664433519129449948050251529837423002616
-1466716815971426478982005190990085947644728924824644285793821342824059680241461921135011943237229752973355889756330831259978128465685251069169015200520156731500914191531259300660685729607234964452669384737107807772475258802212315780224718794829567640972589079624216
-547817876760827159500817034228948280456023406610463068010938291965442882284666712850519416828175845232935468114712052869959705509801197101439336257297502208661663625910216874606965419317545395708069472751766266069422027296266095273395993992900894106611940059515080
-204565448708013777277765719022374007897970244626002818755290406710559865301633828864276822196177792181467932092009100901022992074472803322744119108516462032275780135360846059356035644950988498631265816202329741322290952494627894994587220095496790415475430392968024
-76372062078632252120280995599992801776475022540962273530302803785639005076122378879627289436887571890441069516175722048135287641253699056429602007715178418198117590590588066113218183073862984340333885751252079460176829170906067283142364859109559442647277858096120
-28506434464151541346660385698617150830579812203357937398022227797136714123989770925885293613885038967823167840474597398503435976794983343485707628624887500699356846475754424465784840012687712738571465454980714856776192998779555385397576893361431790830429667828424
-10637937351442184341194770845942312585786761002744044996832195153970928107790118031443784488470665912979408237886043252915299288075656787927923589060715829175754600709185272529802931198043509212687080120468967170751252233551013928161044744975726270724284347408632
-3968972574730694859647311840443991822265847125955399439035121405575773729683993482431844565025037050995403901925370607960982439414843628674273109078570897285658283469601233179934436925048977602075346240312063040093223736260042365995813475411384572804203143774472
-1480488040965214882098578226029139393175328501922230629069468079064580015852248896568915610182527121943260855402281563562895736424626752208016920120217585362823222811267597275995167923190860629743130137884658964134269108490587450547080823502613248515338951364912
-552125542863267507204802094317450849643578028660326882499925649662860066453262585507015036862456191724357959806273705356427119244393525465580617180012225470806114228724796079049103099523204999236196736387491657333908101832111600478016546353832350185242697478696
-205862336748247478605830025827668342060815186290032527677446716269691662253331822860645768406390069866466262763259628496889417874209849562907915527814910813876219516878551997556468555885186577107400071447419912696534422266876895912972181604671625076274271803200
-76740049074481647187992540081831688158204871160084755319288888923443647670587106683998426215151680248569889176964621652887929744719233256458498111228156770926154436071420509739689262955004044654243343638471541079782218722447957325452862968312365496097755966440
-28600482117442290678809955907014746483405059940046098238661848533613030780088580866483618395712557151680727535069608988800661189292262295220547918928507576650237262807909653654946731742748726050006041610252225534973097772566973413280974787442050438460293165976
-10656896140801616322194332279397769936611837250459048841478853916370225191288604453105441508846980260788206955035430712090340845044917708117580355201354380879148515593225929724398627329607283207716236068696355562865497682782805706882048565086344936115725610000
-3970033761117355788589507113845575662044797320819858594030802787952080726130039946824583446906250627604442430005528277498575581216294899746060087622817490152330043696151285560440561556281248989050766966163018121933414637800325768852090199565735723196265811112
-1478644401378111236226410968258955606255129845489668991767262530561340432264111558039749917458549013481690010049212659194426216272855818482044313781116023304741955691240575184548924438495443304384610449715386116677490278436594016397706616930808719252692998824
-550603986027364016533190487804162742598314598474313566213248748161916927122757740938757203492243236638604458349320350820421336612443476356149022499330206338221752977382571078803758789642401561796475846190508637645079123760434163651747221592984477182706873152
-204984494296214586853322895790028893309546352161981021062824378917141290306809636842583972963177922351627013000976876637190829512708619239889419096968392745403165800965453134520642626235806511140613661814315432739098061124516173779765644109477708593251848512
-76297219086359723298263234123348772104577090399719206197890334052211391168613749423054828326057462990372838880116399021844858854514643693675271693058475980069726634941359307506648262393792019931097606882870698762229165196660702422637883671432035548111187272
-28392421313045872769556044040357549607165603931254559180649975324189347906625532947309467075119654166604811264732396009090521801318319822098037329215221500926978994861889306692031437416476880457226009163715881514652583720798339852274235872429361376160125952
-10563361960502298528497260298362807756164656460814859469332695595860498714607407630542174170619365208746617793314340393031813731401155024349620072930161209659609481498000076100065563015307986036149692798526776193159150729697068349897085066493529086207180864
-3929233919636070467263045491987008418594890837558203154916436477024509697277127178530715041623825391890709245112560516079966568613337981728411420805560111843943677492902506488842978186824669913495462775836959842425340800763164554937543965815863983603332232
-1461233374997149948989542820799877246638966102295133253408742333534205172306071708890012629913920999125395291780966535992370375937428633897215255792268261610979566267348025765076951438194012845060934488103054730275664755093573366133071810049892558331748744
-543296915385130760123691128179349402702520246776133038450464649440530568310352651426464527914887223966449383477552188482078548551468920933020957009926131382292028975037021279826605509797196164754261974100754726225152139467467719470386966179723693556161336
-201957894570002960810403752371576184759794392440290599061972995790709225023727764101017119834907316860212616556323021119025444234750567817698561759828783155690654144138357833813232205060186504193917980928480411900868044949862437084905948145616901388450216
-75056852621219755090793662443439649265260571665620243984281346025104274387616173772589168873173161023888006188931349857303510343207232766630668957483631070209313090831442545321110960905099520214118300333375298459028443720787739605486264609715149400003840
-27888538949092133730141318568125556136503336150636625175982707999200137220763097187211230824199750154041738552394780716801877472506752802298502029765813228782026372923649980687099032457365964651260442153394110563928913027832264358438276741614724705214664
-10360174104999410787427168764821792024270695182201403274482887302244690303634164431632783072488383279943564221386091433681628746144929615088395835310447605994265622294004484746330620684581342905824712445698097021663457024204070222076422623254872009778136
-3847815153684368057652542869405762255700818995843790340799719167522848529632741816693161822973288770261597078090854441875673880417479641703515783325149473212797305756473534258259568047531726057185652283570423983729070211064450766459471543759308462213760
-1428785979751883897658637817527141500250188401246764492151392815814657800578620300033882731406924466320234782000977928752901794852192939091524360191358341896977441492316625036070327145555228319635147187454688426931771676332280602281892954706693750871288
-530427421732771429707527332230842364386865037387997314409803507138130929565364148573974330924401177821638156501589783383006005231038467287646079981098847230709236766129004135044300047560567748930555334445853419419133456513885759194254387808130502243744
-196874985735618149826460920548909877439865292880818806194785562843284354870750081276054753178710005140967415927877936058492250558982894967045446946646621307887093413098532771194484361395452251845940146286209165994299374489743856695643166671968599034936
-73056837706623216169016164240323063843580484604301496531013702772478400075497160742635822386258020908148597560748680235418128780529925384729812141816035085425931501635226998805089812580968129207253099170886798933835697295026880956426957705298676210016
-27104221101839395055791345073787309851751997826438872487654427650957462936021119280358832612051034139877726020835605674072216662211586798446127687812978555108772363070331685938999686847640820210554702398872409976995508561600878917935624948064021769256
-10053532760800899829978547946132264211297327262944097373540677481924746996194483916437280458837301689237618458315621575463784003349202922762122065293480277380085813385494769696698613566439189099486071617180601879787767454793937897415714185895851207040
-3728259555256345401359007063964450106141578606605329536492895011936686997153524606953586419431130396370728734303288375793975494793438705992065090153285337288249827401771847403352220908110415949078749010413360965317489425002554844328834114005425987816
-1382290198789919924690093197921552702749149291796013030293303402342053631160691357878723065858121888199226333549560014784248702977824913687466676771586079851387275747785223584909302027243118961989369709699113748438730956897050164668862945013984576536
-512386801834153381799812290286273618758595531762229350781953233667994865861595655774170203181073480003982730939025511446129545382200683516244187455132046236292088051903828451594025927117846479522383991720970617818036279982753279085082305305327587720
-189890057702547158390057451740989892974855987600227116456612880245300465936264951105735290847093449535675519682261719962827066295097352439519633837313209119434465269960206128701383850906533596252311741575323901940587097341161144180540035797195313992
-70357771060351805896547260220474198479627870013984402109174071299379792942759317767702621908453676054571501263735323854852213875385458214028912988424911062422571620959989001150769255093680915043113678002243386725106374880097828410795724607675314856
-26063182198723392074596307901292617232635998173994955314783362586579854245155355927348182946649557998146776898359588188942745006389930209929060889772125473623372298500884417654030771435900322472009929309083807322086706406448518329820814129179548784
-9652688589988973703832724404359226478551697914546284382997119841611678449620221458819582273602438309073764962827465270057437022459996001777340224563566707219001150246464165028523279468839951312574009782258141896323635550961538839766211164518657128
-3574165053823830914394628037238702616458629698204420676283002286225645036482675513128763651961992318971318867644423803778649705409611579311475675753474345938792216935529011428797810784293282538364572859047208361335584443004699558301272073672956944
-1323141621301498387640599587121583838205710496488861116575168359938424514464999214397065610811355867716299049747078297900939229891957072349919861838552173831986604814916603190578644902293037838650405525229833049741614276081558520368938309475434952
-489715037014858866362165903266050803972420783988562205571558648815217793601492630456327866666182197642378800386239594490459932792211656882920750832552293014863104984598844189159932272013600288012797375042160781368772742651676894615600271546524040
-181211557270179327881443554449747124193520894065748493001211919125768077404596175747477690022378067064192054289937047322949969558526603580902425005287038205307092376270370264501680396792598931734365893208162257237248244593565467749582702522687376
-67039945420976735542341176725117345674043189997169992068445192339783183925908248388991764650429078938192475076201352646410399313985601286264133806770504562964150985484667539274176067069331080653115784548422491059777222962638532488023110414922328
-24796288405617201395123265471025466941393017528650234594664022807329737082668769251709797224301662973029010724228293728439742017735385433652105321384644181543279326357109068102388816682964344875168050392045722910692003338409818149328629664254144
-9169484768981376825196138100176462026567993100795629071572271998302895085981694857635205638507881912281798384327361088079812916325029113665143230566436237265443292558143745102031807597243557737474191585310279691767989908763254208379215851006376
-3390067726903904955613831529394354807094689869437493694029297050436928932959020951197189132859225850929359625547772026338438516773138116742163985629973764323241050732700043733219824477199200361302871022928140916841703543003361000474274319578160
-1253074697906651333397714147171758008503320108819893510220772244503524083673415433172128394830455015056374478629786567295453016512257045804983924965735904621281626841110095877259110619311319903447717323713272542850400116010280604319578168441304
-463074268395297391548469452356263477938525585352007625258471927222904285219232785599381379292013209219343658676468272812913042574391317731729280799316407791181832723821898713659456852344318860534190759860970078005276330477544927600777684198128
-171091879210856378941651332120697394667350894748346885055399050375398548867653701280097935853534775219949865426411148320397323738110094801379396733729130483166695220769584951818845772325737409298668500635307276359410269673486905835784403998728
-63199429493931875361732746867245701214710830858468950133477051047375093379542680037188347868027888451442129708601209099254155822152141866956458990605914290287952080844656283831336870509825594861474960293023789883428503410714945628562516702856
-23340055698805588612493552597223557233751199915099310975605395214161355818184389435533838678281828788569072021099312268519223636582926780506028503793871231192198185557982843775591016969270628429856596882273744970305134877448748449534797834168
-8617782734576973250815326492747257772730473516418498992295624585850135760626479719944592384740136046842477065028621613300724743378476998086476880419734375733237807037604251449289662874596363002239263093179080090868752841858321671503595628272
-3181222669241780618225704807102705341054803182288829823265315166217536563461797358039270697683218527611939856679815883337243502091632966915878557049499521149089323411959472493183101864352685096521009700856244521122956386390811665698908166736
-1174079278635266477627492683183505119179041151603511022022648255269087093696056464157671369837955046039899792063716535725071916444628015966220615196332572412903974952419548608479206146240309543857622625324290171289098790134658127313023271808
-433217064925218985089495687794605984610043371081049071967490043725645337988289911206202624652237374679082416558757163616224713033053432925243031913744941054185972047317191969112432384233006738723594459749195714155495974700732072212177181312
-159815322560106525771706989217592975240684596561497435234744146483106198742230677318419780365601940207483559668698839520684352354209884654444138757940943026350565750539611686468978378110181818581524708152085072144686371116974418377306515648
-58943504349240203237909992949680990954834627326770010396515921549633642031080765166759813417764590565758517443471132571419934876662962184622904119762085657124350725761824942124878590231259203551377670772135761514375732373512613299082042744
-21734923370161633727721381794010476749927655414126080980600574155989173501626713050599680301319903185603797190891571644575319214935401556604406124587138951918063054921967056256428161009148839128025153844623874491027553088255077885421024216
-8012810021619388315731238375964304506840720916070000469569331723792933915759493083167055228268844500966156323824546863958052641616897232639677709428269479647401130029156500891547473883579972345533106076899023140328474687816575700915660720
-2953358012974536072427902938687691144023755596619272216917828585480933387737976463739668610653346772871874340634437208937190562987706469028763558792658672998071756414755051444834147937865141227201338293527281221701820805814342755832694032
-1088307969459413008870233119369961669687701999273392799778007596234601417524662590083085851273143581073745881330522305389385354731895772460243383108543507235159607569978530911442380591960593978263755596471972724065782219695411244228660304
-400951580212886356022181887029585977116650212157737338236919525682123851413075741504718591435220497979703080129606013068455805886829467399019429960093932466651277792670898974416085771535510619600149083353783740926768517784255082064299776
-147685004153049806365972208384736895150007082826569394066336955465852414341545477230748920539330706806347472653623531350515018340340116689179035902620642153957965794187595153148753370696479743619526756560740944917451668849832095564913080
-54385755007825869663625591591674431337257782892399994749454635068730406808289306638449663519124255390219022249388448347519087412093260242919819002973276762261421214505090549421173451207709410370120570231556427585713723977177726247912864
-20023415436236591457256305595742635063347482672205911432777633908579928589379610426545025028859606482445430812763191124484755744774500357297959104204594906887565768440005174668015341028481670128020331344437331789179430526774917779011528
-7370472460838579779829436140295600853704400162986643970407441293426160625211319805425428276184113121427414226647732256184665655444661252265765850594754432422327789628123422416281167540812778903386139668238834928381257861765600793601192
-2712417956445895552857412830205387052902956420952649225818398403185392421278031504282865921332082451865040033932866453682837983140517015090920375109078000365185040318352564902096028000170227960296605007921687527579356604714209396226344
-997980246455535142873041502968416372300162238875623341602172047302205382150773104236091590859447239725977470064250575326827584873840326167361296544676135961610996833284790876142714663972299740453760064170092189886403072421203426908376
-367105818734920846609999272389339445636014628973233422436359401765758208657642380473150226295945271349957315654670014760187019453073980125098417174886463157656288842750096223111169471347280228579809305202289817408195685554640232553904
-135009558291713336436252148918630334355306328275703825018161081365930810971287033478375500526540045674292673408192119629385993398812808173606483294673498918951161852998359343060301277933544494386249013102945245369656663233656854985472
-49641126107498177013766410136569118547431299205313497870786265603612880894048421436734794536987413905371872022568057211201825114246197715559091509542080968588465320038344415736944019921760448885058712009687039923939014026042568914808
-18248304873987211394605743353783840840166013177778977342578221971297674420381490029481964257426632854678705748427650130404426540957866925133115038702070158578719332718641526401108508564795572188579088556566418525447733930260772812328
-6706673424131642508441952208084672166917288464950382750241910704654404983824984237348763013952426212219546569492306539971181564779922148895889631971046469578371051801061076422036288329057551088099021550539003905039456197294016972224
-2464310631748536981035317077746859284826531455302985077283754436528406150337663856019700850014264108582067741319614094033217664014073206858918573174519848120557902554038607244955435962453267874162966798305004020993850608644711316408
-905289188418515987008091758892852547880568331051575417676680914060522572057452325035759167501535776003291730164897782691110006055293628548722829419152855785354653593335466403205880654066203565625781274713069233003223903329083857096
-332493177740037219163280213051028027815423841045341439101955393020159534116193406252638900548988349275806703183941735413778892805146617291200021044823982510730386424991053002370893794156572126299766206025227888711539218217373749384
-122090421945683108476970212047537437525834104948813392647791835993483330484481472887721317961747993358096579452804982032356708340582689455987038682884125704220013293241101528258863699050605092171925232960880383504869759505734551216
-44821236147247684044969258966606811970022751721787262744510678112920826418001808671690431727600230099364574983926510472738482566857713970194813070680723649673669105636928277251341872211436133526156776721532668220734726535706014072
-16450888992151638311305750326607207027157276410122215054855322660754209620331292411208432481174923351181850575258048469372244621820885149415320633498875195700768275448830946369966992991023240774765825152256625859126843874829430696
-6036679881898725527678038974084237405053953178774429412349789520447274015817258243625238076627544541959916762351642713129291259038489800067732606372728292266266191504213875017876800814554737894769326477211056561234679365064908128
-2214675384523952554022083704862527684583237865803038118369606728625019960694184622670889867839438853808205875679472049882631965594928151888464842614898364563359235947015384958012251382888990042261671322652995052590897181340849944
-812316159441891235095643321098614552243304448579674229084900203983485751589205446306328896280729100823709939691343454696044426848669550213087618851095892011430126221480608374818930719177120560192784513857945561152532855687567208
-297881211700224602388863718105727854797745642342684415012037088345783863035888471889100364674325388619798703159961421168681848536330969583415995653015809414509654130541629331170123079802565754602777410285848164432139398286959408
-109210415045207266676023366915865727902486605116841448089755636557596186904103758745912551168824711315442925877735601350181846156974202245910436659918483031867355237428049313221160825181423365836181949613136068285328817259283808
-40030208410120231681440641967236206315698909613107361061678435786621771527954707105791460338902145712411443652078416558578748129925200726466058989823773282835777111241675369139604649944051792575032250574527716834171171972870136
-14669469629883945344205919636448233796469591551301667698119553128793266660883388865650987697947718548875321327470680778784631673500459657055443461097747248524042639143296676633084897154366513732935907703255608696414052400589448
-5374569210605060544007009627845624903902395142229962580037126494944178706023216420178843172485944044074809223248791176864782922118153629349630597862754406032573567883163009325201999679963409745190504613427231320855945752297736
-1968681732200964329903072214541331405346628994599686873317747436874661309378278251213711435364758873107626373545390424488896062495425605111168945484167546826522841645136907774655453167002755987182006065886374591065016492528240
-720957864445181281554879126423161443382346570331023426166062884909999749777511782079805120352785771743396279794583417617848216928036680963545980981271985168205745790637807148619935774376470457423034815462663392265776138532528
-263965210235169938786298790458803582275531335348410015911496158573482744943947788932549764404267947080227365529913042923803941592162411113561676038817241374281514366619050228422355379635213339378426657668468972155914494917496
-96624186622065990044088926014938368978835729274366554221628860614305150530541002914557997962234192432436807911470998265838109301715547740554812621778419009670477288177680817500910899633522147660302786219741574472595086124192
-35361222757911751132732718539695689528823409449424577680709635481085219887596057362623362366964907145772750456325172966931223261861374269561551312969112396871250196989280134481232865381188276027601074627115836756435165594904
-12938111017387428305829209854900071778248798409791536974540651166540084849319188331196274640748242799582333739278835827800109270613713960021393899224534059619718232847164105137016441408019082537076665807513220033313531577096
-4732782647121521721621329563316784976117643695941814858944311282513142000258456299879340633916284912424152548690165426835260716867233666381489848149319859303487431647823869511288834692811049359424656023591768837835518231160
-1730869176279039385561077719707359991549183092550952931632191280435175609379628408774071177495424512057116530255236222872456631624713558604388363256514075953407427354680394531057218607053106742690773944339258639712566047200
-632869016412442783249279523617022749421311520865056985422584780249270179491695842195098479735611482424011119475624907783892958932432464927281001283164361812053401412861425417979708060543120278641021149858767277058020716272
-231347727954470535360816416164182869392412901252449978118353587933764742093028353858691259668427558156742802661647478054717741467460913727001504452732686810532840511822916347497435502997619854942435445479087174549790877240
-84550925121746521922524366550625405220537964309691560381505081780018323239177295149511045998836477648334768422378117579019957927856880590478776781649447103822768058646596383288532601096591461076714505043491002899578101488
-30893926945577796158773053459606740347062490915198918799880359808923521769807683146266099186564371807091510295375681875073492357844093364477879399972132222271984965007610773824029846116554762726615453930108410893087565104
-11285723277546061179105030845299722823253497396424268222565043766939671407143094562157271519322078808199865064444328840405330990691808773867390290060489326341268248749465138840046713727319480975796737863150084143531060392
-4121801882296593056046086490986707255276118717526762408755523056728945125379610924479072547695851592619870902498177462164367255864948467461101222620700809362337719310807573322929587644799692943813770893673101122036405208
-1505033494062926205924724427940264054089627332082506057360261665212333351677273603691419469854468096116919091357244072758515995396724126408926233289964910711070093950467974070416993958889131494080892470519944471436734392
-549422516687272384785058757827722181636238747416374712471869816608196461788233544335017279086170577153595131795061633959778247734468225837830608559257210519955418319325915078862202516152927090077118002320725951972445480
-200524701867574907940895743927761889887029969128168938085122655845319002752469320149703841661531249987411162333892644304957702914540282471081948207043580417846230827712049954591766137162195538658849912966788785211147336
-73169542564524858137213105683404619626169790014980208363188889564243710319757899640072688629827383234808529825844073823390299650738953598965604482431310824728966062964707862572731568879343437176649445677441572250880120
-26692775461836890208975158746265428357866340698051963323325702871073568284050083770091532225816332569961396488145647374141457259039581807707011636958793893086406863575660694876800879993870248760533956429909113606483904
-9735493145094593319752029384713687954554716315335535256570861473808413855900436878163398846734803591768140487661954915510354680353288413000321872273305003396719838596806972773997079493536348716257207772867703593347032
-3549955436644011136402084813800771864034301298218528567523601136165190281196652847402490482843751516852570593899867287454432675633236116400328658188979250507801059673006101513142351615850890425968028793205495906613712
-1294161467589546483475461163255734224176938881426529331603261152320923737224460647964523423484857365049929894801982284720630874886233214927056314931407925139392652990824579413763415329513392120456368739632373013043928
-471687686433669139487881019716255974338102533821706413425925498284543211771137766642674628094925792107545850885835969211258723717609589499170189285272368804006630957986847508631074972919040242204078518219124501630104
-171878286224715195257915115640718558139478025859193299652831616123237768998345721080127977033389332953781409444794011213710121911879288068338095924257062845902468383165439865893053036564602270830854895423719658665824
-62616354913666935298741737356829960341830440053623906640406472357667416456316285457393713192881564292372179497429478026801714188535611098699890957415601664969398831176082656590304508495569685446878696890492014178136
-22806294652677177312595671450049359845635348786807017062557394998634828295658519720057659246714558642312442422522271978311350433700895433309205428830884782649064711216309001123959017685227104205238607408693594888744
-8304657925038551008044529849134052825345044954452847246566620362894269583693266083642375081809888880393597082973657203807858584270620210482771529002212113478254368199292843134068087055099735556762437417023251787424
-3023352047707470509155663535525309071554288882799047833401772248559744293164955389056381506086408376499583923550985964442654769721153036509446548486142787746022171147350914331322315501410597967354684774809800554296
-1100412546325898692377505727351128387559608378224913186767777279763602213013292512183981055164059618413006906249693079728619025110706901010103169978519505676832921371621151647795204437860392928046469688497161240528
-400425817087656842307345064737969188059729155347293749154858125324267833391512462783260502981413792223094754296679862997395954123854137278393197030609971637479240912146403510891800074587564260972736640911602218440
-145676069314269456693668654528283130931647849153921400519907489046596758083158221120432332561814393783908743648147842514355433146054951316222461979892695115407954168057772844139910127074508027400637010379748917496
-52985110867837384439341292371433061947980645010872817236031466129373479798514218039502400464446718610105863323778817048392098304201783198725260858952381651582448978830739977502948764633411725317829159517794364384
-19267210796723312200539460900011413620641612233701212413992754024536786393084288874370255861009092011826640719594258680582380120080619605928795587854522714317854981194603900388249269607129364004355380131735929976
-7004596100141926861439545165416249592304276604588307928885626141148923799472108057178142130024385643239703890072893392343430061206115054432860335095215351023877792361037195947197654698700203912497826748827356184
-2545930080455582554575364504586727462243914521366613319718536479245930973860679494727469419767677739669108287955069005823957011441152183940784964040522721084661907786821514689102258711098484326203732009751545408
-925142959661131730195644622256697971742817469555143857666793518764521804655144894450606606698004646007021403135355403682518400030270234977304607553699517313102290570866457358384703873354543745071939288324976408
-336101229017777989251355610855762426523458116340951570899259913263632831996870894261285856226840467086094301441257864632600847836547775965851245249867639740871137603960178568722901404682117441198812394045786392
-122075947306493947939594178189695621576934384545898790206207353629192245767397194308475957265068769631912922271903096253789889149344713045494672841912676603420273857671930760885408027270780004933948913168201000
-44329081023465946715497647370753568236627210682863798245151091675242935400306085675529215169491172155482891965300784165341700733263595145937229028363472554241529410631343781345982234720420433813942360088758168
-16093327403697968275062196316565526647174490249549395437036600987898760783154507232185449267436020522858351622163850448188748267545674269816675709226885016259929609500446567241570863387842538997414867780684968
-5841189938002278357658337118760935422419256434478704882395609074707139401395777685690631359283594099477862980262242631138893359122596208373765300035664816200987009520810305263996071961460841557394190367695064
-2119605518956199147404347192775207559174739203629200287165370678794754298304800182909557648340179282310582803399283857427734856180756819486706735430781702508094374158216627048253379472195551005910441423124984
-768965496248183597209214555002447888195838010855586868592639149451521104220196056156251958194037087893664120474734977271739916190172129899728956313367899163559393873452380847568478871399187980181975940373560
-278905211220957555396701142644917406556050714673393914687869177284201421312319560432926539664614974413400754172057132561066861538941689071020243167075209599483107795272456720490209546253576000686791670922952
-101135641329059143001179826780759798937262905897110036410502969377318793733362478252887628802206281368566441806955049196646343634056448646534809706251594068348326470457921609544295238365412634120641178362360
-36664817500968538132312912505536901766306488411633680389891058352756487846487891852444836037469255877875583495704511447032176191163014680661458917793535765340100581662224879471660855373648233314458715840200
-13289002248127700033381724236728748332811212783508026064846842184826457591553879115979010378407504930558723694477684624187872188976453270525704450988982670499552755213385833178048008740808270127191044561480
-4815402950831275345981905203971131200809927970706728242448218438776315369772275349351049095604397384494150526697949216189223247523761686769762818186096461173693546203870322623843737483324573615941752953784
-1744496752050623784168682807221390763134847177155152813062268189332539628618467062978321720510325778158211413495651986376079198688611038807002867856837583749642758974009718520943391515646125654091696296368
-631836664877145579209089778784341101475365540015102899042399145295543970548986561600700042540089729803786777283210142478600311185263281888864863641383749255202753134350200345158338770340510336900502777512
-228789698842749865970697628336718165316905710366734594724860720408061741747597184487097969680982340173425841818018447020949092808010052126107863590942674933285577944380131926131604105761703557296467345416
-82825668038410481091832740615765551747570808954946212231961442246455463424859152101017764106829181822574820035007227995491134535589002480108174473401720198591365021833508992566631625954165559518498142648
-29977134681417924296085921967363496754719884107882614367882389777324147296366401629852756093443563779567511521802316278796987737116098184229304461298569592568435641070563148659093330103212686333745595160
-10847054771742700599794568773700800090308502677697376733286071595475397286864437740313744653881800693770955875552946368155076206334433758845233643124798856049526038080099247030546077234919980694925965112
-3924008498166387576204512776503946328498305588394802574178280245555936133151978279203023938760367547147757639808220067069162320741444627897853334129158610646261089820730210231319252184610452483522488072
-1419202233341907687191014466028122836248002515233127429044048878939021226735225146738453418173054904366371649009513040618295021756134243855272473143834584281449753806635231644151394941805064962553959624
-513162272835013262035941640318607035786242663806766628795417502796577664047576875741977548723802718306507934171598189945669015510392615636627539916729824769063328082343307090156431397274117417314987568
-185507335190816270493821346492071374660332896128776916591982238694834273186578363645187234841017377891895295507161773792942406665976324957460646256821694011474567446113306405680466738967801548237694160
-67044511427981515125153239668167552888065683787646262905882433887216670313732393715359695550691915695854161295089647248438857045693994407897991484451942588685142138412649192097726738299270101308791776
-24224844205360133600793388067401625163026347253996252129791034961479941985648466008984342168481433864443184237454457838951916616645770549967626638428209349877700375665929863988905850511981832628412080
-8750930099558289111804934537132356734039520117041222848416446597755557072328936073834439180909285515230419787250008244544431214290478405341496517065668855369839893376262991958224175813314942321854808
-3160404968219384551191634649213202388987349339830583970768154517414028204113707227574676894781429889480275471329735204928928578449225631880739075987160440947584759910975291292489524991564065349216232
-1141107062915049011944740763377909235824671225839064866120070529147752919530472647779820762828957697507643388064785166693001684062224309396313761297541156337414394686262472518210343045618843847156872
-411912549652723369922802648044032234054760483137802092841527959658716970536353785284257011510217298520219502897954202262456675054176506803845201672576527852516780152637568815700599875471818098261040
-148654637123944668562186173990022698767354018629237316746438930602726547983283565289319800334893270603897824908615815674967996969068620700274462136982419666485453077117997174228480193498723983736752
-53634784315927056847997401746647945357206975710928921397301394127104202509706087245658404713068582159949268312762736673552821473164498342279549698564589295478042692790601682434363362232379714666416
-19346797553900419614467104136634527172265542840516021778193564347690336583733470458455075922600579814720965838410462812048305581577248159281344800004729782984723530210359433092596047635343454494912
-6976955239746363829160836417206627295204827234838262168385872816047436393535300276162208198279285234964666437361331117279977318640027663035401425301432641831652857366800207890696375328190899553048
-2515457101675780772801130993845792613900153757277392713340167627253008264474680969941151307015622631324413881301738657408112722358424791722670269243856586273603030901902368387295263923939120890696
-906696311717823012571943388614374149429607221243704841937716824382152157528251286703729195356765933810803275576825266457587210394780687222482628034773449600666026016491870322711097959799371921072
-326738689505910906939855751931516587586462489201890136975128058252649450265206355088800282552913355898979123980647644314543803081556549113436514986069220445861641033573143485934293352478629065888
-117715290716639158866999337867992324768526400015866999567174029732273670289691514243494471056970643608055952324077693169227362087596405684762403529016050084335372180940220103019796418235829631480
-42399293546008095679923316754704036811397427992882684759920115119994874062753722248548055105225569888346574170758814830936600905925902401268670537920489574650369221668383592697311980346128087808
-15267840182919893967315228654411949528247849984182767408723371278529030309468372255724028114184878300342349065956874196700812645195306150046188099425351086917210635524171149311350770186231606904
-5496543278934260910079757225507756620359144099994558109445984991737721436177553798825261865575973354809848784267439435069492602004626501264843074447758294935759638548712382836334599976752867904
-1978311048241835965192140341437356542753630351636408349280929916390399169630686732728626726932246027480907463073791664609802143431337756183244266564654354994286379537348729155618907650209732448
-711856071021048878642514743711476109563006571103907319451495977296234350243698604411177668461846158149423614582387627862819162678641867299730232341593246001215893130403636097464744072484886024
-256083923495571964849051745782385389661379690731526873663047091967971946097105233208340833819716313806985563557096711451275324654582309712166467102345188674935270539486078665097676994940781728
-92101086337194967502598875304629548735160121288675996892771784442342924771542400212020143288272114001091813715467760843374972392340471699691774424958947608539408822288389315594982047647714136
-33116109914796680416744214291330973327726510315307796636209826636425560057285380618890092291629995981169444627255759125477865141954700654063813862094340115153959986178731704187218701262577856
-11904353375254806303951832842138564426453099068152580943520632803190450720687913217310507630402852837418170715229825977407124502296799338424167800075520737769724610245693593598086497040585416
-4278229152617490368674752687875838271810056550150400881299598806092593111102299704255331352207716198777261813122265844776645875167611951632788437334917180877582862721698779099740301702056168
-1537141389256442473475348922367480333986427749692523142146850519674095229387504349567601481280984476855770109247914075672932730110844374631514000695839465507002949380987007012209452916026624
-552147275459186881876475535672095776991856465021225790328265552181049026342872414033624335619117162841396168974150505044231323087003208993901509867800087577802502388702952287630033169811592
-198283781775117495892080579043350967032183801093490810267772488954458681861961471810789287101779468749605231943291192848256867030586752483502844851262578232631781913787293025047773185631440
-71188590521488917790540728600986845296225317775491872080207868012955106947900974448561312511040037480610279870368413322813485418440235564011172768068766152434388267182088798703881047111720
-25551966675367069188168277263520633358025698788825421260860749024963747602710564037373156470055361812505879246307950997563531859117405838389694403097841871974135595644296173198789338162208
-9169144179367757976243804409861129014328900240164562800138197072270685676705742765750495897931840495342242781105415251489748102853528816055779517031092036892506779934235267523305585844232
-3289452313143873077560471525433282822424703801593406004967549625151654704173520783967085861839481917068865703960016718131574348684203841893754444077077584174718510923812776612614844679968
-1179800298924911187655520059906854739255400737790486505739725539851667828692722831005831947297873087885829284041619796706145725486873688074658392439410275460055050801020721798711660968232
-423041829088964205559041140398775370006385135187051173698015753627817651093470104556215895143226528266037872887067347519893901418870214811238368052484996740974427361755822661269331165288
-151651883745675778792254501843243242012614902646080756346400178166619547916388425000677823798363973251080965675691437541670214764711507579934483033055731471055041476674437151938162305632
-54350279326294759528365623323883267297345952306282869263415478868201475779118738561166111124151775863900160680154628261462489218204635589021638411507559439275826282625452100847220395240
-19473544486929024285715745942248593707735617158422767078835144480180052152776597464272741813612418356822128125207794360557733710916652249230147915698123880970817215881406975424105376472
-6975530941114522006643298660847737998274172675213914682295787896444459402202353156220332508331323912054650402258726519574576794091110869576955415501808692563905792659717546105376191096
-2498034004373854942641558677251178986952140397066105817432880252589331600267646063752445522003427193584719616565373185227336860466131172949193122789602494376943034311948285474808714656
-894351032274132509325458564373005733064197327356669603061763362098243392203181985818962403598519891329131365596594591729084360380127079313007109417631619182498803864534258624138583576
-320115013851708969319146417576181662464853604481241494798245195672783751219178700307488558514849084167789152721173118705492372605769613605300742829922263474133786450134293045976428160
-114549239719229483974687338089471111023229299852358957601875823963509799666433705284734429662809415896860577614946629128369370927799727045903969606540331545478764130256871618414285104
-40979465038933538640694812100429722070717077758849524159705101381024876878539253371510069679466016181849269351538965390546375057916575108147689122707232109223586223589819463592253200
-14656424399500084510619795750701877969821762364322785282438494754801337979666304328132491451303361146198497540454455780780614225122448746716316297704493144405972156524041823526045384
-5240554225770669983635308022970304221987451011526248854276849032993974942187361714363062432577874071868505401321332033365302120543764545292514966462996405708642844522235476524811216
-1873327070240525039035308202238315267981656966164598918293666123165985508266717730249715352747897470173550903183091788104763935548660989605020778587612885672890480448076081991839928
-669479005820448020212366717012632578174063674887364283329365632820555320340149522310855661030514740473853576959466882085128865575808408658824639911186383600704183012038187302700400
-239192214142729493689866375818210940728872385565597175583951970763438759118621948119735115505468191436563734385838397315449489997532661669895677371651749033117706521505703415329264
-85436528758912409605847848741954090460822261933511242416423347999804514165635699271706723948829038335818971254430767655334481405237167665381113728591024813430982631512494305217080
-30508888421019704494102943661595960701469628899755552403543259887402026672374020754537356407066980827864108581987045750090141251762932838110590372798624229636921373595513083978064
-10891687196679008870590463415181430219433149037292514439471690243636115135417367685528831055452242899236004474366392296394559595010013006826724920310251457894767575877464073133360
-3887314437410928647910485806937896846483494173346000419282848942892360953232530918192184402668735581817599841603970775439950140322985185299588529703112921280752170695979439081976
-1387042171234174911167716447500722160465681795231944420597830824241200605934151717822907219406016317375054302566768189610777827210755144473908391115023293918490695155470892101112
-494783134524738859360166492189149036764659969781996889574268296183777162843478412734860289290060657852697817974639059366934553384198201536052255381587353347808096564340476968992
-176451388576827613756253296713106886389078415307345624418467173110915460452603219522188563951339506099448974965067922234409774289119738088388920335340399137635935853602698836520
-62910043286287210402648939127881387603387712822087510023576084857292371175628828511639017219079306541981111351910306614414966233462093408746154594717350753038968612923888707872
-22423290133589326060025781274967427613993818740496959911142784348550618716001834510634099316713490989650451443337570875254500663558387890709465828342873447354571568766237317080
-7990296081771236431944616836996095477072542630715938976135772520026162636279315678755789363220187848017907845144320778742396158672661344064134282562047007718609996577414270352
-2846494345404457402569296265469656714909958318204060137013250099858389286070754511321667567307537731638207242720330040191303897454969788388715018124187372371800186462979065528
-1013774645740580774857614941858249885790692468802905300832447306824633465081849312640530837578868356783560218037328754409036328952058272036252429023455843200599617747596248392
-360957358875477265281652679718286532792314408631086227503731442766478397408267861424677102517881095925341046816081380021605188779582865817375643393182472657885948452375662952
-128485309524561317194995947580396717508285614889077308589572651562864264234519903777616317160335948369421457417329100606782611428936229850976317010207739123008606742048663096
-45722911009006460665531078410326584152420541051681408817763316775005465658250917938095524214827654131154755831879565150145147618641928000307048994632684196269568305141207056
-16266600943285841759428530031166407246402130728152142918530045375590538587027211923651018003323029766069866853136678571410895608717076439424937526029829141014932420001142008
-5785514848332154016751965941152243609366954413024636823614309709859016609528488619483337100707424814684583295895122167999018794241320267887135898136389882903222567484080856
-2057165285631805178609050746653206217038943768627703172975181111736464205895575446928941749384326042849169872228516903539395721556942181180255733153262862172707514161875360
-731270490043992253437534999368340289272683492818352918972010313905296277531317999920419471280641008560810951703907925314502488270289364915776429732391590175697103074645504
-259877275387587630991641019684663203418971677207842705383265205931278033829719755622012556614051758097520021702106623645750845632141481623052947381730703080113375595405736
-92329325699278895966091331943400856761360730006466168202945749530984834420599528703159655535623727413495140314903782327528325807070347397016575442390453108233999796069856
-32793806411384543799689220192491217955426407682928484584743286533433391094579920961403069705103745858803534411537432083005236489482382447366482325258729619219796246869248
-11644597995428505810208019707855680880301766577904694989022685669720977205389103080907261733640752624812798069530197671121837787294482002377720461039080336221438855808104
-4133684973358759564244953513431348368315816506256050743746568532260033259952468591908951381387642237240250191456500682677103246709432383849345147217759100554272250831496
-1467000128624830232030516216185863931532005489108838757524772062099501925443085348670205649915141013490686952191571201349876539749515790902629915166321779947732356765096
-520478170770439017272681919044598713909759577547832450666475913918651806525343234385914605250530105932733654521379779859996388616908375385600845961570347732986621047016
-184609552006451184812152539526453035839885434715291501263139800111305570340750666459249751941365551240776744647853828046285919438011596704321249385613978106918740098104
-65461323932781448215430920085969157428579625455913336773825205715330917992362905708658525214968643690792770784261621601337772365548245845044862000707296414625660521536
-23205666751056382259394445476356309973712274732559518384045224873993311863528911812846536090884842593132795061607511397678300472575542456785144465615830343833928510032
-8223972484020017685746286869945172408314614178163998864751371506449967151410166808852856378793405646111908924785938342169067208736953982145190899749554835423048584216
-2913716234515423362679620724847666424599056947548776604515540494120498240437168123586450823440667372422457677636656408878326361967515171321129420789791144108376751784
-1032025767081656583105217314992676369938055960553919375298801054305885560824242816042307335782646331328147340307287278343569677562408970376165920325343065120021419160
-365435875099298565677512050278832137961133549820733742960481531636903049919790216127989919197711197200876051006102204619188719886260840590374773855579793215512145688
-129362630979538261312990338673125567661533032525132445839073682794253552116606250182860274056179753589397234851542581376262401392022295291159042446718932102253969880
-45780779573271965772526898507915386953316665838755592740070671526212453720914968641327876316457891379892269062779739076581490017488506792965403035491358603905144488
-16196973565305249553171516547636321871758164794517995042621623723896368052537144517682644925654632812162059608587654431252214216088747027052349771451261784973924776
-5728759182979254903017133070634407417213786117823114319143143768062576364545363715992114001015435204633643102730815566342432631936586181307559059811049487696955480
-2025643045126668380075659798396392340151265836983379645146258037800113495291266760082944668160173919073248482635992593362022702718036207121537809891890839573578936
-716045429378623849034745781163781978557101467160966475790218177294662216383034252679717813908758642226072514951245558113901827856820596337528573804703186931668960
-253042338849124415742055936642014747032421070337876017092526782706084345496489308290941809546739334283280213924060117597617611598957821642008837362898623380420816
-89396478172850007547886537031619065201597597088039787257556660610579041806467143640871352156654073092888807831390522746732742824305925682355264747137708643651456
-31573437528113629179003898109474387064982488423407680107414437103824133528411703044817019466844097791714828260648196429717387213959170423945676543664068272866584
-11148006267785374712888494224120548788945845245131722423713629842179576407802113502425187005399437838578913638585739725577670895227237393440414295790177489501312
-3935011920915743887138202453208742369990802692904743593151385083066092799074306845920790972283220533236460942050847122538059237423090499453172652217514629899976
-1388570844254304544640026631424645670523629624162804632761279074840614848531461457064665460475751215879930883435565188225934837917043645736879752188065647336672
-489849647344321921657171090346589367383352573854157199830411215610647978054209659701763580130658916010525306901014778277058827208335362359998640417841371352968
-172754730136237935452073469596654406420285846445088318130990408970128591533139856997507832433156940768634809886418616905983299460081136718926978769607456805496
-60907265811665368577598826632679375865713621926274562116951138578335611584175517290540116026867739735198696643631481488946436910819235692054088312674926508112
-21467421533560590866267931939805063118216167811024746571489614310134327913434111512407174858074116107082480596559942391484344561632659061496276536481923680448
-7564180764321288524887245593335872180766198353756392668131585774599720010187168716717009177441926742727950858937207274217973071485372231416374599314077684144
-2664494051003948252909847638669340701200546830877369126260147794654337128355507759781435960522985147042539904013458700914347140754710448022277731411030733888
-938292090825065369335956745605655388284570434847719921174250869456966708294558341248125475770287751963726198235089281332947231324450693824308779347837345592
-330317360533721904724905442050467767233056233339449445026434150955830135492840927818570760767405197448162336402956802276084609163746789652515853241962031312
-116250380194395135951117927836426818432022436174317187294270203112167377519767896546108231711726781475999806076368597604652412137618353646861604181296960888
-40900309397745228750917290098427924118700980985870981761010995108558600929831350743277020688256292718464197088368905553725896630753612483251112872423741104
-14385588075193056403080200738346317708768748620943208086554138025360246133314068684721078590978336722675466106112983929717507924791095290887671498820285608
-5058212205486096689586081080498533376691518733933743271002498026063424974995942561197477519155670494817971177231908848323815301988057381291468625800703696
-1778011010113999031610841909394446781467244638322383175458702074827053369971223597935608957878088631590044135463545716856422345692705022600158023028157600
-624797662668428621839808570036812024854304021972894461511140848607661071229022432192022001908590805130952994240264614623336202897166009154203338224093536
-219488345661336054377213695745312509277190328309841829177347561191863741448144074487503427543045171750318950044700549027636468248438625048623400916840488
-77081510656212613818893952811069105591596324938287926092128129206855736315545911027578116247693665657611998314317328385672044850474133359147827283099560
-27061708602946205631275855184094932833187433124026790352193134069718876842462621480996408711816064914273636993783089142232395835715174546825113228614840
-9497865348014188285707271831149089779615983329875286258993427934801372219164513796531061587990505364461281604963092993520279045559043011490912851550848
-3332438576094266850171889471913453743951439888714515344210722996566483442089690429916428687059846373808426375378474043980001905787638337504630674551800
-1168861877236531843314664594710768019947567836427678979825443925136142730043076161283259460089622983182801796914245001009718059526301630510319422315760
-409853523154721834926033549752629020174846005204573960667514885187263073921336669589608102844828667911627022524612447923503274340154168032825649016360
-143667364533152977269631548194373648282015442591635355370959168985719848111020278172090144061238682877551019277249582083363594273358689567239358642864
-50344389964900310957737815888819933494197025092198883556996060462561934938753967018159668373404706630923988624317695129484854360085356728154819634264
-17636283539494256953952045625595081169363831324852886629296793182516780303764258785611628856807972396193762957124193692636675731555261829101625877096
-6176260642967099514205936509463528086491378919170699566294542713829261104847796783791612909929803513300121409491622177406494539591362484547886494576
-2162251602673673351783493968378998375170706782043537205943493485914423536227433244940433837396451210188121000092741547173503598829670283004990119272
-756743014373245471204550719319564095992486299424152901755878284790712326298346340456476092879399814058907924814403313552314402306360587603992597016
-264759589897002977200059492255347496133444592164048953959844096071232486706272265269344191400273109305833089215548485263551517079406362574701844992
-92600976255568207642002936784577539286384272237315408301421945787911068212248461080043027806781575625767232713454403634613047200361686429830505408
-32377216713847454352464345959501447522798865266517312111189100392080496659490602589782798549053127463100194907462578460130799406838779381023204952
-11316784075124535834199311344549372553413406260553133737835898066120720800269573148783535883255976124344197474449018384518883336498804423905509120
-3954263456095350771456303651632350580842599954023436239385818045261330815797935969667343368622150566813684562291863920785420690268238943057299600
-1381232233318408489396879265212710777415570214200254650583038521222698430907596067066322596840791577319294816045661831111718494902377621275099368
-482309495773311889609130465581343861822877211123422685716719120909376729303536572826468013219026933470653536370274126131385046150651760344884344
-168361346477201469028297511797991271355158570619753444956650965745041857061078719513342313497850659809140296274379472613776913802338468709133144
-58751085979803663955491880978626887563694775335162555100702195305732904053053576054820322977899188234217911005850068952506111772190767774071616
-20494899426921269868136989945345970061365289231974214679483521901767467498189260263394595486696762947006211645249235864680001273471697817083096
-7147127284182522346661556451981712551431187139603815545296704202737634505179671706483891382832002995542880535003671139337347653762041906801056
-2491566687004573108955870340341121796382180315095688639559080217684818653242447912442750121178062538881565894893067587675593117460783216194440
-868296846424266985864074495909552334701918534074357077998022064285704559650531070799060774358072938445910547241949980477386899145063375754104
-302494908836370485919520437076780126648816880639456454687028183455723343233055965044544929907561529304716489507834854265938869371386039570096
-105346830896322241882123950181074943872254873088191960572759698956151727380450393810183101025948279750356412371469981723186137579059589782344
-36675653125909487010248977066430827747827703019281490307780876302720935574155757680188312862515218289257229312411629565712279588437433550136
-12763994887782148882924405131495137194749559279788970168669886803808883396937166546769223093700476377009369137436148850782255237010637349272
-4440656416326431998784000869675569112680044557447958433366442171736842449205072896216917482252040872533264134441255070134431177211550187776
-1544396834560061880813128224097412114401506857079194482072235297237343909621530587559340894824814373681918759041631182370080833354263270136
-536934365511316934072827483246030422109137833280445719038918812184408741932900495996560433713519121744566647726216127562465603414580955888
-186609370180116050199781853064466867891438462162854897109092185465135604189286653670088550680615032164384107417907663209806917645933198048
-64832835124682911723674757495481930063574940202990428729563970236322405821021411741627474445076284844512860758389643463801811655569795368
-22516727181615847685699060175895548921595938842703690144667052710555023815474035181427768163474934598379400292434344028149214996855539992
-7817422083253664032080743987943763754342594781652282769245279358963706999654158598781760581160947382242702807639840076249668126341509184
-2713121542611179589340249768331329187921813303131977557169156332271301330151320088253976225181481460828051623166259993804490790665642960
-941286159622046783910917488465225976212016329915578265838452354178542405569531199981901865054483217056982832083989255375614897164922592
-326452624749826196827509184374429568837121501243552563086136081641063792179800748608831738586442227679693831044877283478473890863003808
-113178530441012888849415710736521662541218859215977470352415943090318919337696035448239306707762159770675683679743974788191314155955880
-39224069297489635626434623259577326768359003328540800906324582131969751763611936551493524043751789272843999968148784670919473063758856
-13588930085142349237759472155007239296052141963993359946598975915029587890616321755034660405703957106226378074408512567292317252084296
-4706100534421991020257712975494360969220189044106354982481794296706828668632197154194765108753149482493387886540116931809163275791024
-1629220056166314032260578190786131832478086295146710118329772382785540425817070584019265607190772778594462755290300436330295515767712
-563819624161013923651375007291496582851842940156187719166186744109734564596078239890414403962758289392026050049257713778452112112896
-195048131163772532525745883095812280478058891464728765579690971952154632156592676735741128328183823808945809382677099959485551787704
-67450291146372271087398717041340103873447327469935966833368314011346784578143993073884050586196954462489709353591580589776413440840
-23316617435189489166191635159439357801309622971604674005455011594622496151090676499589621620713128000082348492398760023422866727704
-8057238019429729109290491602005332770798978124434571993231531559395002544791341685207146391809630852834822191456185393361658692000
-2783203755642831425319669590570268955161669385987681733111842295330992656207022312459213422891429812528989671842679863900234614008
-961039408462552406518403872965667369523071296003844391249426887307372957691953695439696936855558641986158329898829023724673906416
-331721784013651024273314452074201886855937501435050014473816980428707367710438787238336516033474958793312809427071928021391745624
-114457061588493396956690100179388758482710935634900794285132659190284812569860551971778239962761331512637095778088997831289221672
-39477186128672036970794042099595685648656022941261923183882271691470256721310059336772616200964235486029667445552671743107237120
-13610809811381383118598039696831063387406370822857860880717586320345328848663501090819099117162266904755789115329578496943218624
-4690888301326992696302371603531228144181267327504606069249970827799784308470202800468084591976679685628025281070438257395834832
-1616064638691454001129768857121900578317794422663559198289478254545908615527584202817971513627275706807182715441644854658797176
-556536972017836320904633425323562161442330754082360507154541075175491619660601294501407144474300876123716895055266438995427736
-191584384316941162333702210904566057597941169165512699727402705621961990484284112695526748317568151464996506681859776847567368
-65925906792594549549137857246143492551575915013167812854140146107645522245628048860257039789482693432045374620086484099626472
-22676767420011739743546922549927950839184765706118929906554613046111173617244639953239581569306011621639799236414450007107304
-7797121610377553946814862420828795235903757020865889916749232530511249899048552403643162130964835860552427985144699827374216
-2679875908508026362968305824279506274805483150009503283735593223092778720054350030911370689359525725541644799900681621607256
-920706795877242066452734663598732573287615098088447606147168973080209990357029290457090708486151943304012212764211084986264
-316193807503643677541419901871284519021732501999273854724437109322861627026827034621019962531722393638990311672161976074320
-108544985473086081712457778977412302843869561149845917371755740610066685998662139981471785343669609142020259201888029352456
-37246853815523559900998110663087923529177596429188908931637232267820846940227152298339596136999926108415986515324228913656
-12775910669450661528968531035799325613465980674001160266604752330343964284057198596475996293152645470914235907084676200928
-4380418291999798359835913744613483468443549922266741330109206792051962314357505842788540645034609913972108599728279640024
-1501273208279608094251299645938761033656933916167509193085001165975430033930907858454939222888961725617173615165545775792
-514308012279169373453087759640868017568873989464454602349888164161151504816873775258069953169928319485752175724032372608
-176118593392152996781468756960008386921065622432187564296636838764127760333446580506906608951569304609561074320987405120
-60284328688422337928640605710393213733556027910700252412158738692665847567470043042652145670115597451475062769879659600
-20626230980514071573665709201471379064463567676598660072584599000678896200400080475689410370674518601248261357672488864
-7054243696175499401595705449083248057113993247559716438126304421598147900225420653071496565257306710260412354021491240
-2411543302964168642263365802795756967160000177761211129727673488021330892120912309149147667886967643435156245522023576
-824048108991792092323607850757664328718719889628292013225513462193109728190582240409223147191432102035007174659451296
-281463328966038505311018969891627347754730105667753393911210642695277538316402287635141452180417137017890522407029272
-96095191961067956711663433089863694566548686275435792161350871158977846480140705340831117904245618666231952334269232
-32793736275985814454336313611265775637684097083731475675178270152069117036264900804544618515052773293151316790242776
-11186348369303730559859249957851673722924554678902577341789986634847780280174305740391745401494736779063946303248328
-3814105982154937348233079408037006723597857855269724597213822214761297865652132814736559764354410286973609662171256
-1299878933023060156016280634714412062875932448440924466691560161771839340099705778301570693717373185667026902899448
-442810103275387815316506177344129045235287877091630939709422543201635370580750051855502851009478317731445708978088
-150777076442864263777806130044755966960664170624006104122461119357996907275502407838607371747887063037078025675552
-51316258814685332765798273310600833940367740183747549791707962202049011132640974886836818288987880821545084209272
-17457224449994369154399737582045562767799727677629099618667351637681962293222743941680462616313031166732993759696
-5936009530512915432283599435479901937330845304812957351556402791560100285030277776732593158484991938832677750664
-2017491849516267443834997798531795499855846082785313196431531268175025561854335024226652623474980056852292043680
-685370471749339032684413814639024869633151116023108988008169558892776298372432921746215562966699721734751830304
-232720135791886690666423481086224410867740464049228631808565769662347744922429796941676486030135705704746329760
-78983440804301410107807800695270272191928305936514322291540553536511181793591940920332559173557810232379151472
-26793544456805798557440354011819448759618463099589239208163447179911971386484140566744916166620825434195960632
-9084788282303695239385464921693231119450157040793328527097664996221471904945075649313480698204750795938162896
-3078849313955826438316586466095136938578963869749842813975338558057411505702942970834125206880983181604542704
-1042916336036523915931171373510421918806311723906901076560674348782248437816070765103532002237105385580481528
-353098863485161150995114011166281903203380134184314994484005543329602141400989868974715534148171451145688144
-119488841832611404350411571344441162156129657849118175791789540918309662319103945823247699155411174472291704
-40414843642284050943477401977610622334371523175966643383161361211442780376752297715663360286946173348031032
-13662660505424164216293561277332188509572705653491795270709792612319114395954710626444446238535297455982848
-4616456449092411399479575152696934407187868737361967849803708041860006377570392092954582478331098331875008
-1559048171133483950611868180431890535829925195486067301602893415701014911675583072897460100911386903285376
-526242413180604162079585709952811104550594770868800639045658359259571847201436922686975929387323298737112
-177535759524251496294244391100988007928681136800592801276773717014826965560100617468021757500585810805808
-59862884326209072948210205138389226690563385287250080163003530361953634768898151240025376382308574764208
-20174339009157254528040939724644033825638194066751378749861781547159019987467179400975615779684189039976
-6795304279788792978243033001666363566875263700763046067903007560946826633393967941743444954838219847664
-2287622787520502197750423785607916578421703048430562062360536840811440392082203773340519699890827808152
-769704065789310760602673784124196977156660289279794932791548412276258781086457026320018965540303476296
-258836137773242682656431827664785717892629218326029277652684135767290050973942129846702918240281542344
-86993270660576240364094319148451259588387431187615867433035689525392320043914911284337175208664885824
-29221589133687272758319528338608728543300767506181486438928575679030505543901049986641184103111901120
-9810184525156364463326976002835980202180532753267684682579507886158405320219616568770028165188134296
-3291572283805923926279313680120132144676437112917293622804393347739797615640836022317497817126353720
-1103773935470381689192117674438623173745540206403813703171251630657872718773970309930786637556909536
-369917582625725717767280550251918577777686983557189664331874406658797929633229768349454610058582952
-123901179641341796385575909177256530469629272497885419715514568221445816068123468069410398268373680
-41475248525602003235699176767724056617667924539023920761095334622302571848413896986583233786130480
-13875320978715914585891142129624793830378424232569413290368421340590246013945971843762561906767080
-4639112390278227130278074242165190548959063380300099486214239180749808764090481008611801896143656
-1550107515692329006215438704658291051597651345496872996537513612153078325565409764091875059653216
-517631867992243515275664974515894890606610963908230577118743096257395417040798073391892383441392
-172746617635166696635562004533427960938131030219965614353160175811333262773819829686914487096128
-57613530480664824511542412682392008664043584047255531982519095922088463130847516011537590311568
-19202720350700366827387196159153255750224106936675009046174541926358026165651286592726536016208
-6396187881135368124326673930599121097995616096923700360496365440781894375669090472150312922432
-2129102727803882697307897099965691678365891067881338126271816092616064478557945873585548361320
-708248455960285046940468955950546928682915378046570444350206122122386381516152754288798467864
-235442487790903207724803568573318169645284144436375812391169759639245996423500362765316935704
-78215113798350345421449050919824412869485405407862139947654003700334041354740120018049249664
-25965668966512017782402466684151628741512601655273564694925563816029481896234834018159602904
-8614053692998348248526495582724988760560139615266976347642471195027797284004580469667958600
-2855689386347112119791616353118810138666537187578740518993353554610886079477463384039584056
-946031672877892485543419074272425347797933629259803017379567799807553678174076556993313344
-313175333609274683633193322055834515431931844417572565912754819823705267488938946618232512
-103598218467403425729872783955637214485839856130706212508775362750935477737272912911670528
-34244863928005841378664742641110518758031709258880772778589093607373904436007291533882440
-11311297269488964750449537998106923277126917209732637108608305852626501773925596013586496
-3733347594270051498830387108927130022041891249481795533466871829485795482780221000959640
-1231256469760386159333535520335623682581976432136512202177547923216773575122211279205776
-405749106544187789336147429973777841458557964345461644275134674717092755648621166544080
-133604235831353758588608842385393619428870546940230116285576107893932992218905713982280
-43957293024902537555103549816060426163237255000576650076280643948735766242609784432272
-14450535241190795020416884761979022594545368186014898455639277323887168432189635152216
-4746496800032649983274665766672284397483935880439337207409908856725205798664022615976
-1557730940048803407337841188225794989817909871347125214564300062299101032246296614816
-510781491185872552803266359257588421765327396487161137352391887981120827573753114792
-167337962243295297728006798671663747271999892351237138586779074653160797121373769440
-54772589718423309598393736293696163129843312935695885291280520956945869924480922200
-17911587261420925492594055337541189336539567755134625578986456748224116700422556456
-5851928834983927429797611090770319401963939793351381190177794726930461388706473064
-1910072919706870855800786744756243176669110243293145031890358625129938130445907424
-622842412393307956047619203484813442755623991163764431866491202668573813480876824
-202896546528100930149996638004879042727337567575157504062243602781260959975416992
-66028255781914170329316858984294957881833068512998007652976771827323633079408120
-21465134607357524636154942996864739189774798163506763097708234857150643944871984
-6970683995103185453824908889540889673323258948217676519583618683467382094379288
-2261225726261896898196443863700697567450780624688801231392397289365041901016952
-732701831667704834343430134753566057527934713774759731402220912391716840827000
-237144383324127165378979910441277722642665717489463732310162271648339905864288
-76663244467239532066235740586609621044560606870433950346143668489954856685656
-24753467763956414971628224785894886378338269413082689408757007019708373603016
-7982596370903941494194428013512123274354251254342425649655379561581136355480
-2570959778827124367613834791274633199435822866659199317158287285540346543208
-826936109014178431581929296946778987638449754640670941463385808392930828832
-265616769105294452306456687562473063854759057952029036679618794026706775736
-85197287578189644679251471777062769995781493354550124247848804397884736488
-27287333971581942199391455149672252095167842973745066288223345476148467544
-8726459226086725336658523085159001549058773265041008901257407151955895792
-2786321571641554721832002594007591693847028974890713248560221414025327480
-888204595047986287297953481184732104399589637446335013146321124501458560
-282652803769595149037696374033535585301752837349374502317538351383999640
-89788178701111513652002851977174256583233936830036999987625142043233752
-28469148603731283951065761520711364659316325357262289500536910985232200
-9009059470416120896892448133912685540213707080387739834778816649562040
-2845051165852872408196954978642041909911373571235206807279415472709824
-896514874649869102914793845856586341488022870217152644399148842624720
-281855951126518950641441718418147766737680959024705997429701209523616
-88397122204013511153559211847163678035042178747786865689055348132088
-27651674396176188343422599204487328469614369055944569231222329166312
-8625795531392231510641878893300164778051749096737994074944386197312
-2682763643961794797394190408724267087987014496209714525946305791208
-831704742488099913761568170944809371803172868877002517207741815720
-256945793790688324616713779074420562246150547585194406094267324352
-79079142274202832090201287765793458222188275024462852549467864400
-24236439912761841618697561352773383867916500054538928872531102056
-7393841131557155199096352689106390140677897007553776021006886248
-2244063546894148699459310857959725484838975866576318288513325008
-677147584885558466728727152736463400209075319432197776660881512
-202987059543136696487526536715073718892137820758067375238967544
-60388694505315884139940346041221080760082971552061680373915632
-17806937595581016294494605672348633446592515831384390460189320
-5195668535316897909947488951662144540571884890023174173347832
-1496694937227396820867055781873201289496299839868768719259536
-424329227942536793231904098668775889795488861489156039390928
-117862208857589411403853623577975949886048445212943059039960
-31850874724748386053626648342529860125212186629437340207400
-8278539341812861637676537080349357970924120388317324670208
-2026454365902525159459064521154112596859036223081400194240
-446434276928662412616771094262310686131486965910194320304
-77493609657068018248409573815546050427029874442142471288
-3709367783387952742066074415522347156840038658264504408
5597353644738021867906554321675054535019905626310908304
3967436808386264561224702313084885670639209019087493728
1965643316406084699086741459857210757217004041402228768
850969914351097101006192328933474849405188488464772664
342874628163849306875770625161445335538858126709161496
132082180629339848870950030878593177878873368909276168
49329984913641149723592631572102961505273179008635448
18009288971472847482772553515573522806461907050765520
6460534141691488262805594265525226560888309048559712
2285382046964668294190723417554705026916301300289984
799191688671470888264285035887439515601966391404416
276782261931923505919448393278688095878088445790048
95064539620049385294342427244393955862198354322256
32415517352093207883786269747965472302148523819624
10982572000294180788627798373177857557278798430352
3699658274364750563737135019553383356259938309128
1239824907385869029997153137991476144602330149624
413516348093014081610886109608047420959141242696
137314948582328764307849845067268729435801184920
45411791884638366690628908578964447805333273176
14960868151057468824997244754654674710551845976
4911075847708235190054763984054478593998997776
1606601841821344293737651675097662573866895976
523865576512873446084573554411095458657665592
170282357332132533892849592617857217598117664
55183262846560036594869060052617157020348768
17830991525678290948746042427324718084496552
5745267092784083005475784186250717663402752
1846045105165257242411479730863206020037480
591558545420167948172185830602503765920624
189059377288501166196905600405308426687104
60264530871102600502187727876240973543032
19160329620434441380581473859323286028656
6076218538509297803933570803720621268064
1922036902853871419443123742817190993032
606448920719810968846408190075461944624
190868675281750308005047084467237803928
59921778703194926884646644151113774632
18764792294703147599063940817462210104
5861510009130913754900690578694886144
1826322410318629996597228293109690440
567598930642681206019017582195831672
175951791975647370166100908376561568
54403191877242121489842659541809280
16777292031056911833838447550185680
5160281497612058654728509517038936
1582936961895633568538402226545112
484257722074635872760592588827048
147738309173839387154920271171400
44946311337135125305180766344584
13635033128673393582639996260616
4124362779235929262268403835416
1243851131949684291015542020080
373994049336415597998369590976
112101944308397836467176820240
33495321782483376778833763752
9975603657442229319619832472
2961042853795172360625782376
875900540093202000981968544
258185361773571677226233064
75826477119592508496722640
22186115286850033987120344
6466184873381585437041888
1877052769215717322682064
542610092827095327835992
156182101803490873110552
44751873727754175926016
12763593381259625583888
3622415758753046486400
1022895542878099960896
287292563153715094056
80244115003689962256
22280344246747262448
6148718170334439264
1685680511350755312
459014435810218440
124054445002957200
33266588546942352
8843943065241600
2330346993604776
608122389904488
157168250720784
40167707049144
10139665828248
2521312246728
615992420376
147679191144
34769416968
8044525584
1827393480
404694144
85236624
16708680
2904336
427680
48600
3888
G
0
N0
348773722947807021474619760750904053206049503976368700590880027906483709347591237298434202216798645281649802662081912518937899741670664242177750654707079065890464812034187062743830868106751743991082085316491574176693162331768820064033930664284606079961040
8775643725211632884691872640776960552657515347720453537212588554639033254455897215431752049488642970864450628417890073934524571622751130978724353576808170732663683172529311942406982111310674921459914363003178787175601222391314803306501548844259562431831368
112001945695421311907407566215856362443616350296481187590334610701374818774394257555307762775358344883604316282297288176502426562658793023166685541499775643915951567289577154372805609042180901396679745519703566190904479981552346112940379631448359293346543310
966261347059225420263003538653562127853725470725057807303400078459179763993695907823518880693256182765971901315469182384891715064625855583308474112912659823569880591588926417661186770989238036661951827598033979744276926561266951410935816733716142705263639042
6336225162438421356127466378470931506712773494095341047489676559141216955408074687091716201993571252326314574871126897830023775609781835092258575299692005822454354665324028106849560919005460967695843934120117984507499666759356761083946539481701911548436786586
33672191267450289427434957512343805123240241635948804311871198359950024586276758729843985293720183781081629662945859157630030109521303034150659639155799116373009736132218071508503692652435924931070869971111092836161046270702125152283466895624680919510315524930
150997542693999470125079860934001132245309235135863387252248004736963027623728744717150359696980691434421043962540360398128436019604204726807720539256076153092002553646421500879261798822808001579279657861168942504115618752745612683651322638292440460977199306436
587486750758743853670441124258380054092048467843845219588497026585606906211831783057084994683361017878044189894535722204107001317803376385836424127926766876434665566368109209039473145003870567988124021829841594131318033776672725287039102875227201008311050438828
2023765667344593755995853142523158323763051524796675650089580206932735781100990011104980280903413288488768979745868405534365080524537562306385510158540964468947449461588698064294557655699313474638270746396123004646214888498948242483002048719212748360882212150752
6268387164094088685018787865752270798845928521984013631806133273533396064254094532876083238698146218771534468193208155276257187923223321901368250482761440231063895520423203309853741436539102135650250717433964620992169438265961998666874450651243059942401789320074
17670528405681072547426947606670637355164526281622049408788875902607404141819962835847622472391734383762698099399321702340865209568699855269973066791117057819063119781494968752211123994910017407412689341119423484618501829685086052222399767178099605209631548543828
45780922843273866690918948957161023793995292492955384237459629297291575638043558646175134255263592077301818368763162578899704923267582430188566015472286017170152951288406614102199511210929672087506063054476411873065064805622817140882150131281461484375626866015488
109888231149602569980582772233355085955648110360675424813782728658118835204789584279675237849145081688725788502778626934248939060789480982024149471070642006671238312687181756781408935589068792393657649298352086424153496289957690395758143796059907557868130327850880
246019384472935515407698840580998881547791475465091046838324609765027522862260984935809789124594334075959284195544561511773074310236893087585844598128746366584159167294554520605613393265536355491630921690547656925813925299806799941229032428611892518713071533989736
516673750106919455022950840622873311027669753056686726035036369204053273083524589434732590174819959513577292388542221835987802625744887227497213058589004344698121996056524654584957819061890865235421335887255835590179970911310959453764560879536294160426241255266992
1022868704678183343822934836532605850172614012489564551238916752183595805312699332540613114950002094131049872010791072597820115013277808251791489257895042578398525987795271711142183124032202842496158974637458323442244170151247711303623624171945724954843075409377628
1917016767775110636855679779073713158741992830305202830422001675577821359337650244829505482923876290324988931592097014689284011887792715789198558674408238715456578824336257749140099324097144803345431365201752468059254184147966250976602587473268888856057702796874376
3413901490663901045989761804227612166494651441479022146659366913315079683841355613318789183719844099769892503501515300989801552196633126544151682379742420739245099018845189410013778852691976684862601966523927374041422405956192748324915390724440907498276287401263996
5795914470481377749327173481557526563422397737540868630809305128387174013924288408830571716134601304012043061451425896808488960004243275852498809197783145066302440430667433108125667407746771560717473644006138984469638515055037061069622002669177041982962911973787570
9408215707072222087721922249237408487407234452139578181080153613688825254107920233138530290515891764932903696996050502317320836445801951405390115002201392724759541150345054371444046816280869816760061394021017578677780633020263850397060816894696063415880832340806252
14640017950208675529071803167946195947871998617246923693120016380059559210713112371569726361586693441326447527642839500954429137091467169471706858457698003938618908046170797499945990499806706621804808967298282629453900023594882166612867636108137594367155418662473360
21890009678692889126514193735492372968610700002941106346134362075260768226620423396020251651344297816999603700422454243864613930772014770806976093265323841754491573857511565896450078938358146478987064614255287988428609094327469447537311727302236151222721904860289102
31516911568651824246267648782315893126084557157970993459716772722216124927549556866034005373277238382774829317310218078247073282529947534104164632782180024734908487343309588222235299437753305375219787021621413125799127050924214566239816758646628142664184687562528552
43779795695888959104185459981663085081210266987573796950657613291976643559804198552464367456563343981799141562789513104343938477579518666508502599259531211895337720758207026555986337267554495780680850187879808701802783252067332381059325822703477164282003908299348070
58776249249108154296062992267829215336536339777414636981921550611734125748018803716597720470517880793866947545087760835096449061227631129254902515185430395864672563799688732484694050274988050741539152195716093085879509297128671572402030195497387624590122360749080302
76388782646902758567141511121294451269782740012187008342386164298912503031300152705759765655067999811429526860542536762926393824421189240932075537098192930285244029575859912897195825529196169082568009455002758905107900743102031471182194946336745856232218985542761808
96250274552000275014225871928633443680365808030834357830841584683258174464220181607918098307180769469773952726601055150376424005356731888826091080436803310207597517082884815964142364413564550925184342836880060530698575224120699967249471228789736127366846520232370612
117737341396926150731646163346052070859310338072530719901445898840976628357419278200093248801938742040455895677010046998360225044360180914233758041729140163654914496457579312957123404269776208805021777690829254276555214882445789078567037615400791677762925136598975598
139996511448199802735377747218844145482252825635674224347297151607862242091137402571378846223950985452303984819320192912327235970631178354148624525508824013558751035962368635506925041606884490820720167547245793087019018323589470355792481311230853042176011565942281890
162002717804901429378264266902885921320921718853453258561893771933890839740567799164890766329570647152609617792204056841278968253385458062439522391724017394165291837520394683579617287011431091060283170355670852105756969255322106970343220920513564325524220706389846774
182644015706958418395765773037839028222717165854842125183068303451692303515307229658802768831631799020926739165809289734922040002931687345779534550396535831855712805875487452680827902699170855411313613839010077347159051577913563405316528751352031658951669685009055422
200821774633090101892318178566546891599045768191488143951594983662738529603566382824373627380575198334522276050496746084127961703103296161072429606763773269411124331795261425431177229778863080580776878633921481693395478602868730543421150766802757572162222412515035410
215552869750508089597095658997442491115024706980415765702596343698051542310237661337832655458373539487929633426086752336572755894704431101339630473469695233576225717436732399389103682213321898533500345216023129088501416647967116179477418761936754678864755340815884438
226060118627001018324452272524193066524171498505830463868261983641901610770395746526991797100912412512455182018037966152852931529409135740149140316503178915533193663881011119514955589277756649856958493971756829776119718993369723381611429436183077467521106533130571486
231839338809968597431371458405202222376159431368280036414089355460642619813158698956244236817039962799445912599307979053550659573943502350738454882733235950297384464390137484347095434141992342962673757406014437376384587694451725429526191601523957582510040322927224192
232695392832528513418161678346213411142524053106806262880091719553540162054064964823425154491659614803764749963706042350347795713084262022626296979844859141526705479319697610150940358246532466455264120453246574589877282371549643138882469878282853837656450062034138158
228744554305731559550611033923348959575631537571738179740023803878437917532342891740560229110702468755752006465759955612403467789784653238539900865544544175049288051102050096226894552926939629141159348546656076392723283166039523090928297274465987042443232485359169612
220385481007742813928122050047785194433613639459541760367568778690346074026240595462548645627258911815627475957903150123599386518763422686627282358450954607512464558747124901509769471515633372878913500700707140560153532213288531671249356584349348109800260742713467150
208245148019375794672109500379083005325486048904607173745639822758219641232924035588786545625830830768647825713587625428455028886155832182771894618543824581704819191806292079558086101326071380983591995027221242342107009918405572760053352958228953323144707165406541722
193108692085784145184979549362801261248165499861428891480158035382965754829583471939096137846567976588390126145786858985548450064262703135504176598485095663287547866884939924350162460341400368983226880519585110571958971191665409435134100912571894007758680300067639188
175843024802154773109585553383162077092654560614332388550506418553771962602691865868670587018131531727230822078627428688651085248456525228490876433011351496080051516087179294797374219324810097246114851429677075619060039782846234453505160930702516039962691978682813386
157323408255090857730399756357939532854825071017450389849317251408842191213460955996628277501479896799202895680650712409135186069910618687394500306171575332339503560949716222329728687331510426110253918380622062353547925304422775483153719847130095455151795850384125212
138370330579830766627842196910320692599302293187048652909975614985075297572531010548656332529997140715788047841674390164062856661861861162183561379351063951195840489610917733035175276970531609152030319336103027002410878559953129548279680660020411754522954504804664454
119701482613871801769822568553694062346025322155301303198811440515472102675711294579636463869615453934476769658043841763170419455718012257895309650470304399538089189858629244048974737955584597642414564968565814950926083989270689299597314360478001439082136635159184050
101900942787697337078622339949364111796130049748422569211211449561103975817641834074237420087130055988337845581873024085788690140231170116439907808100871879190537632896277481479215659954807147185393985393016701083987828214990673810997352110701707701879128378431170834
85405260639149123136528236844217018750742785588734950638307855589424069294475357736672260320403503549774551751281042416513598301769714061829462022287020015557396014921188265419220853873120167905115644741836396073188105379558312135037113252360206870011598496688779126
70504280396125954346645550269512626987499329010137638896839383079340722592586234201648210318573535709663436582819157219242530688109431674116360488895857189704144779891020316273019279856698976216385954307827916730983967285181013746617575306640441305716057368852097060
57353395604535905166778564992350648793085658115532589152106598517820433020142704341770004220025825108852800099049852753942930958884046791322313180580905444211133579395413448322792841915912935514717392819747042904171754127783968714130446022818652098108157475229991710
45993463096686458146710677184948864144151158656995301281136594737309763199222178105553639150220531017392717185625330990758983256940587494981547992035204861793003975917798275667668633026859078641397290193031374527104275708377755569559685171371863052145978742522961980
36374717032991506312710711992363409350579067160670546075813865799331909915867222897828353693247112010222598533055473248803730728138246622585809700184823786408886456040723340795310250316821442205300888536938941920234405110174572252530035924919306737891041202087549704
28381543285948771685238412499209503797750626686281839810224439381159268721141957005939046478974497573919937992409758230010470397787201161393470317998259889325102685642142041883972269135071391566218478972202615129839816292403960121407624197936353241172798993783716008
21855720545317583455035636987329886150151745973370301892280994182594233776157515396507490781997693170910290602346210440571060687667522394769096559671763393918023611519195890952825019036078985940159778477039084868119077217145089372965640059101665592887487948439671094
16616546387308048275946614941166839384617013587603270093501022978324188533369805079725197812544402989462335932839751470659186982118842210741350328328833144613592226272673494625009840404708557610585285413234309065475339973818735797095936350458639845388354115628261194
12477022026108394229581491457126605241063410568412514877381984978324444974462555770775963586252907078535938988831060250248230366793359092835222147078288675904562429700298991001028799708494029106373968208669456346950856671144143356147380365827768373882906588548818248
9255891646268148494535814537548404510728240525900979348629045710434709732361750180862604987163647052175410457738483593181376661822970432003887903903750051304406804515368115960677994540235260339099048700389255106260090568510366879057197009836312834789842740456207868
6785786482985220710050404305277900326808427011717088052441808471929518848590240502987194741186956224792312768384066189187648752991545962254224415454375975044402012803673770948145815687304560226427110416670334100502481228940758153144396196141435948394147889980369944
4918009103264796445390359118343473025867844822719088302113738021790906877184358619028200959284668696462782697361012930476289688470314637364241102737666858486069141606445230685333392216576072388673859380667196436566228126267188788035993637727864670983029282391242536
3524631055614052600258647150581570031501778109383897203210734821540825761732601666718694827388168818410027870348527125954668450289282375140439336104717934895984128747318753220087957283439846650176138097958808867995498263209918183464838241704565875759751296292595076
2498600379503904548553246909248003503855912867468505748219851536555743562879332144099006649222638448995257275314998670205273748904052894999993322027352525937695175279880728204521360582435479001128787630611909034442739155947327307110341328106919568282847917682170948
1752500624368524393931006420752615288816702439384134630223083481285406837568167378338725974669023233403356825695650224688473966582652182591079986968681686828023319618798124824145562574088666276960415950939994210574252117977768589629155591011906604590893041395713786
1216503251542889897035904699207665874888383431109466441837907804566559263043527874179121145029597248828592339145642099504819839674842500792488687114988074761830472158029229752447330309941569840582709755093534737508781593964130916327229858918412651724007299924181926
835937425108165186791444739521615995504013844062685494569572749640453322408784659186247158148481668941965618906350753601476741804098134559596849394905777558336208784269829108948672095521239704533906312361705262517812622987887323758355383991744003062891160258088288
568784491907251335312749769635059949777122017925565866909731638199456431553011292899614762908162010511660209475957061725617741702680380861291428543746887905621965468781182566043277593904897653758953679342587394461021342264922023617687485277307790297401286320002528
383300899793218715562824324798289619906736630706432298057307033249064997822883144697788245298089494708820811315745324568673254002445041731644639721195596264549711375671565704891660974243963026338549557565456361135166541522055633185774980422522083467237796828088572
255888859873804929157579401882705819017897012659786724557252716060135246247339551655542439660525571710713059477539244751603221016821967332092803209496945984779050088411673104374303132589053298659601908771899899616778455265861464894430682926581259614014791792128600
169270214594388464574767555617062190194012842387519794727650317227805451322052821057071164793247288908113696894755878331272012102807752571503981063224139919239993773207953194786113504053333043977206310533235473187313329857366833331501885216077997029093892622115046
110974318271336535231422616591050327608076916988413956621954129688594852090071868731580794928653646599769677854475334617884924698035339823819323405143651853266179704211481384306665540147196597280423383092731712261774346641057561606422618867719874171392464457848780
72122280400688844587977788874944892556510898932788393949686693771712213104809909283662598813682315382387355598383571154581745403090573836233687527003671563117879312528076961374958608550918929510702594427482273115468276568826492592904548062890072260906042391431560
46474090377207262120564257494164664069990645605304382639900556775155346621391759510615149306100514372266949675808351783320105521137847683447924814560142974208725318562451046492074321298032549354629015852855988722723139757148029085705390748723504858959758953960002
29698438325463541402340846234850748713413108255458500941979488877182166753171496782261947348252360447540487418331389580498564133683590336689251306752133295324732256051318093168746557450695166926470068057986713350621642117439218455245364951719820337709573037325238
18824428509678251808269337763257543633937329984015907603133767199835970901972284445826398883490288764766320345656118083776700880759969838354296068051262341464488483793593442126403996888365816801614330208263442605771847499651159244552036000992084306747538156156294
11837423573228504552809519777758521472886239585542965785678073752334458684695285491860367468322140039646857181501397585055456288379592216769013984190831377276266829136570469224961428281653216185959480545137564186169075992700519165693612325983223780751170859360216
7386166868538866300868576083168812028661374796173621784871191598437975660952324583265973891216748427852350211587162551359807406264757122230897030614676564190051231845252319330688004923586303015819168576481092841830569260648757002898565475471180436784306030174336
4573878441805849498807954172028805223217096462224048026006278732109568473538970818181213363761963948381947224238287511144665230618560476669642394569948292796783255578129547692224850029455037872850534479451971565238102203631488047063125820741513983930856156203560
2811438027622346243180588813602058366421868202199036189314790443825674955585303381024863852475531482454490064605772441719232508442063974524323009470587028279281917966360747952846899935246196782880199524477906640054945581620117416115479330435610073688950158808534
1715629393609238684634687053528329135447100522015128500198048694642742013590339827983951054959025628544800375735235597624602864222792896672444367200253125124545036590539184838704014641711098636347600921150742862800993290288062038259826562644587586325278807707114
1039537387087531773032705422147970669510684041101591297068833121128930003047971035833865008737762395965539841716938694392123037316074253801629102193535785385245794329580052717837792245457082773030458994589955963069240228862585334566398357590826435404334388456018
625528389909176581337689591293788493968685191313219897724792747651574277098959045010077349662584986972985319400190455734241794096577212542499254664143758127541861567981812721655004891333339009114637294736022093518606731189989644482776237711957679099938788880402
373861622020687008281229223922834549222485421034666762280093912919386065193732670679843406771292961810622966077256625810654989030153583582685116760609564592200448690510490124644901270074485360600457108401396624236304087633121914223232098528461414797439596457626
221971132885923220907903119311192781654190534666730192864804640672031810003452996758603143399141040794979610703604872670064559554989490557283542715760527595626715218101360162429806701455529669028658508699953214808116523218491512595478499794636209635333919892140
130938348146635542088315619461154988858468134688390873931949553527943151526662750032990854106365974459901303510853031031512561578025116946774246214147315027547959128247347405216268044014657519514732264332049400154032330205643776114882089054223301029598289071062
76750852379593542122368095318286015096012942385014181593582533386530985978213601701845792433282975097724943430617006248067642492193638777604620806938229273262256885178890563789169027137636316999915186768115974942606558473676347173229182957287268822300402810338
44710043898522570732145354720426782073622429986344359296978759754966286924026927992858370367707400458790882867717669155149856893097381223166819539432929325840720450540340484858206307635979039254659989576700457979073576032113310707637849444322429080217357528114
25887519066178889083470720621643469101922658952434657567359804596018192067729556390373091519766726041682072159432325015649712179097638308709006919812394983371552995125088361280992974976444323771132423748494082421756146209334817850463727489078729289958122907734
14900317770543348528008447477953067457648687385635148661038890567620196677032696641646116691514658307716421044632075679105812725624255375465078038755876554616332622192020969877550266544435024707352335231769002665692022859518848320998376913868939140976227076140
8526585820063166448617157376935964436118206283698319603227255391870796616726717036177525422010422123246608243086886850977939525930360635957232036086432127371074134043884905292449896206138763798235870775750013239069853363449646654058192250383845959437410758552
4851573599874094771845265078349767943621168324258832661150386540032688394909624084310807324482710070554925642308766351777768834249320298209645892882203386343782317229576886174862880709884839630575378172411665111413953425205553208960915794151344155581546280704
2745173086429116679779568639354964698224601049595157377635491804689919043204069529924402698111664746600989944696799577613770679583400158437327306926202600409869976153108801790660992483992815813803836511607128078750523751104897799089821213082212002120344811396
1544852143745755485859457338328954925821954695356207280048077608127406896600739109528939570337422313198861955684338036583009788060623383377403982002205209854313411116559638570052421968536409566954765934620423099536897257067936198059805597275829093900711174190
864735425935609822400345652773237319989786566150203723777887535078462391085118151472127143972567393508881576325474675220875064405068538631203934250572961641300117848076796227414552344957721492033894086297900356549316413603496950409924667212420876593836350938
481511284585888185361603172220466101941632670480556793858933387522683325396138074427055715748941125900455937642111419766054177291225476769765122380554327778913402540298338697575146732373584361708193090888305361430216933805862210350178073587671761587726233830
266749144697493667455814098973705154186391131248797727078290656586346187553184880952044383002712772077515682480518677513111758623088161635601375438870880744560677303631700017580479310928269390135247895387615754544940945288997085062368902772745752602401762710
147034133162189732383482967397191524030364828576033948099330274822456423573958891439827683386133605739017795616918329265520504288398216862107314929580269728254449402607844625160449612599931427888589143041586832626488297988264289160474645711432374796626461584
80648420902402613494821633516517082477960278956432472634553117190643863357796965824984000331572833218196736124707546699677562990943715546431349735616775564926396431864007862769305359146638555480491942458605070188145855520534155363419060522823283368517712626
44022933738090182595189593162909785187081786821035433140940678732313352667946467110109026947008122782272255040911682350442005275255377318292949654339614484735057245740385208880152938280171012638441397881090933473795101070034825501531279658572069417663385740
23917137678282137592077717860570168838780436809338934360871531725737673902502766189349088880064301592725807694717054718956136362823883608353342174423589927040356791068136800835696277015515645041393544572262099156391449609937837375137716746431441240923609052
12933829503129913122243620631436280386675639013129739422128691976346130580798945562962376700329537872283131824001511642082699910302179124484027697918035276114287618773282413096187812731895895208855117104717196203795458563128099713101627156554163971762670076
6962613532851918986742817078610819585023945799809277818332949691268699280144748577953258759290530640768663810865976964355215760369585997238952669925703865378654927712850120766802712783119058796731853537403905396571802837886202865427350214707268933012519382
3731497563975548983632692181777614050700798592072515180424173577450159704787224517936127087223859983951515272077738926233190142246020211730483209455894032518595443171425589373612925294366680569022589993650534592851231450141129536463992532342880814522882268
1991119033811032230260772009757439797725853526673732446642084539255127182443183070115488617458008502501652471427432211392957450520382960079573449031567132589907024330738523856544887154911341759321661687242939529695711452648658827603937781243356358738281518
1057915472240342175540639057236380287706993700649219453161921513286981300997942191294860708919639694780193322727857096722817831548477534140165019914133477905210798396776082669601660806401726746364019128568335395731930872853333898870804775628951829957637504
559731746783125945617916116803277513993161088998561302073240110892913182455815998901921765015112024275638166945929805699723387864721931141263440905438551762734555747110464321659755666532345395340946598275932178749968789619857480264236967052602243514150318
294929867700537833282877099309749688283303157906938881500665309580134281027308860300203653032389051955494317826824329798703815347831824136466313467021707735754108840904492332929575919477278415500145457703197868102122194555174916453363890067545134802770064
154775116409432487593633242211777360713992151918701930157742146733940729405936038167307232750093604593037359153988377172967793694453928659426459534842491617662039781249391911878734225125662055069446722776209351945914109722509594179798263727125269541385444
80902127234997451240354833753012173012958096239629360144039740279244273959735007040187859511984207208267515626691884725907751016170823843465135731036912703197615437081574406716976539030892445210509971141055980708801076707580644235383686777462870715448048
42123763621643218304639708272397381893931292827542439084719230032132166973196800984978686164870052197815916272467456152392851553834516392558090628301330810614227917750821206564845846513560269701239465640994976699396143704868626374876881589588914046085604
21849122631330105252586146547021611831883776728852885490940854097752331324522021953214777575218703725096057617485016329620238046562041480482785126924523156930202100900234664204934834672619193158488195945351842625318669700458297438449991506315820432397532
11290439152666819436776245873919952527201733927202904134649520725572351092739018017753215080940633595011653564905591227501448623400335109149783979372493335658703834047428410983863495425405282772863984855654966962313794151389945775961586510536283029579412
5812825399981618552504905102632043579091904592395177542451908417806241562927600420807136490809785482436706573036315005821509247946348084907446170063356624493345481233194366178249034507273841952107457345266218719692688333451982455112158323036236724036032
2981893965120330157542192335995766693451358368619130400993438555727486193838891297981195684687318017040746383815799826071599498088361493995901174198565664445739482827543214075960540168089399749684764750446953428391057507439138943315679531568067229037022
1524241287699810566475583891720035013577083764812878823252974248429890243743258925014408089936856243049584159569899091798504526444463440686752880346038856884309429134976546363046486147151878900281571196244326251664047985383914906814931137970973507934950
776424585771446346584459237972041515484866526108354126312445881074628538082815471053852912120110669532050740902020685647676662398260995260342432759329448759971814041369673580053053911494051459385505148160433625085188462916287106139292677747729083627900
394144623022416477402858913347806065085684875024125332346498909327761831787180083369666633164223782035103350896103045054256832327677469655138040727030419068102997590614770072880715314392625999779117764986437891034774734784078777672570887290434036675556
199410844256664221392948015919825828248707602614417524077244792162261672247134500219603338657411833052966738087877556507998177079083292612762536497952036114242031419246399452920138011228581669948718749981997636875094123991816386483256071242338980392840
100555122081031051695992720721866117754323564542142624485023208718083881388697986396827161905211480433957269846682924836192441478337210917945333738795681435199293704128714645855446051854170026446800986531828274443441535538255468335222774492823863599714
50541330830463606086286069722488982945238208965196770973330015644576656968667460311620538803447595063565293144931275935050363031624517914986673097052990839386738940523979137202930750779164715220792335530558718826883351135110997559876235203407276575836
25322138439546680083764508735718683007854172972865595461360105925820622104509627208240837250774019510710907246738373320402324596686691123992457975767827593683465127120766386590262511266703566532833659077649419120086934092026321137842317504111948240124
12647040208149187034465288604978029265533746605731955923220011819967591483793226800862322209348807675288126480748011425588964578004324927991941191488838485862986596131276791878430312528635246967992202604346871178402881816496591345570189523362328435652
6297022475769600901662403744306267739188050366911868784342699476089027820066631509058470435093835631132361506129977073748272368487267157194918995768404258188689238009026008092972035276008084947107784886904238092821576333619635805716788623982061595692
3125804841978728030287077588206136962452570734900411370830947691513955297720349871713893581766485590900654537809002253376662629366911771189306931785187498390696820812036515697682106332083049123252847673869841069384534647909701578075732073323257857602
1547001205349671217004634693210059519953790101281370785853262868173665440242889460187515000152935816977116627047904307828864180674944818289469242449870341340343657560520530038100684461217976634273134024458344367979916547227556521218025962920518771386
763383900860319066357731283180104037510258608245545611389886776512196138254490237573443882295260777782574544260956614215755816926865305372254006301289483801392233572739205721426825484771171046616232936571952885512768008467513002641002370463960129092
375612257464319337121588905654846974001668899317960662569495630515555411870263323426306914328612436379015123999018659956593043825932886018513901162975743900951379716604387055062753641089729628839465348099043268311435735993873570061857467980100019146
184289798209804379954602382632477285197161985421578486350677026355143821264571105745884646812627075574459177416367368307309716727824370829257545989026514026766643296174317916248226360719994545752875738230130357547673586592287685597689064334351754940
90166973178212041689699643759884670879517567110556520086786521938087585572138692598064699734743801827385378911011214494014240405700988676024831370423409031969342908142893700759320070797900932896605428854233941506657838062074721766542728239315165928
43994436050152973732835409677902664654403007961570062035557226805523372088348416250828449094501396057346318484873153764650203730940416774995702206191645301770371639996836185662555602969246666352704773583563715446702040918838530206904638843226616678
21407750680876373228390535625973441880219814272244447974461473288274304628549942653311647639968998019264232185239397942507583393715545117541885720866093776484983779069198461518353056745309930394933999778827630481502574750442072879314664417890516138
10389289508303276307385626898714243095709077419210916242536395287857139285017677662881831024233738225968582070744359919657126552985830745879548245619844706294621018908143891143346276016756896780908789206167954100546832262878672643586953944676620346
5028752505571453974149143645798807438523998487213451498805595300063890521510351348222825614994189085041615680212092702004215233760141185870268311761645272013631488336138596678904295688325495079296001913024025278173071879639835753149016932058992038
2427794568108427841687495538231853598112087376248835384053652617696407015355720888663003497239187700323699275513591154562277949016323787920723783449647277811492414578990566943949598315754940735474338509406880907186262523603148766719633855506850672
1169117383516057665623838815089205123860029189265207594533333380338127944854683877266649408906600373247560467044858079443166008731761837323415785702706989910295036432895715992382095731559344921160457846706810226999476310581885098261519154945536672
561585211849295635687445112618229956012175461678688504518838190126406458908492139145827745700121540807043703380535489970549272854084635146378162202769231794562885478316535691069651564859205984632826896881820481492694067415811708062025211882448792
269092156159539521358869800206112249156321143766323615926221359054058777650301957613188879831418393268217217121522992619886567061266916453647451143567245572859344334113177594312013320675014546135922102192599672490553759897852593421667008312742518
128626466298017215644316716838732335437763221111977824229134745834887002169284023120446506558944060182709979596430342483610738816349762991096977336845515837720720390749423803815858553284332400786583279171031535476619581953781297358313514882044300
61336542768230300534697004100763795009240923119033351439970068180415084326630401596145645822228840388547946535241475641890642107078000957141998839053772970370429493201629290097155758963949439752015320066088174424250442095671613883970075154018262
29179865070428744426206043014785838211766524455231257162863220726802440973516901843154894564638886611974063651182403969776284932186022687826103825796775922949523669169158330803064796397029560836411217756955334914448150663429161565674650472028484
13849603155534273458082254768434464376340892527991032289162864325270488299117928088658911126761541178344262627509492878252180522855270709325314082089572844665455318191438770396117920540699015645771005624569298913065815730764954638787774573108066
6558373433983666367168140657756793978507033076014596403039817088235265748850901551148061119432687711618779835397322709404833515214105849443738004554850176442459620299956009622365155412727939322782624195030395445130844720353317200215631517009958
3098661169416132961073613643503332299802471127757516049089367098514308445760097792669186722145060091317180590768180245465399481214263120225515496766242510317175588395609959547550827888474780644359625977102410270153094031918925229509066635757790
1460781400988588538362260162354098773095708631742849197036081667719958432880451374894032797608940038336192625757489034796260463534040227801805204055218024161220949556995683018257289419849132646672640465038232946530754321988806111684379709546638
687136967326051493645888309401108154942103857471666864698009473175100454971171605666783081493996016788999030780148519828930914948654641002825942439525424663938569929852589245769594922428479587369541406018307947454372288932611414256725522202732
322523816009412792971017334949077122674542396354280982209217305606135432246614030301080726181989666583096223421055645596240547971543502552288375813539017235332030857637497784872262625954176537507452600296154552916997854331783787589296897712554
151061508570189073652944564210720642256737134702545040840645600009879796720861310016501612867212405519997707532828801257750655887373154690666179034528548728390835013892858311753868507499367135240951313739445543967207856419597245622694474513546
70604482397535916117355720128229225989168840706207460799301661657283944439467147555619299665192913512105314588855187099594645896559556084581117782219737791371850256089509378890313972701748612243150545408689747828198814577766584971535598902428
32931366979997497507813786236609519739578282285861466957491429675035459327395520804722057403675118363880553060131199170127418943640123930438294900764675416420992360151446938323619142586152526667092788849470177382121176399937847982870226318036
15328462837451892635894349431394757782022389686548323932309045358453817331406857665022020116509338505892159752082489683435549552288409752755454381206777931824197513385352039392202363270853846319387581696870083732877057830722803722249105097966
7120506467160890276960410712701913446005030324270766085480821132269769422105912013119323011227774792594209669116499331497487549599336768817345162499215856182764015731456196634866035269294288682002391128996114187586931114792953196686972220762
3301097989658385701217773210568572880236794353295702407534779672816236074936501945557610662490856557721402106891581363559803485505782600990178578022180071536228136950712191041646142259617702501286125415626661103240230239394415865917989554930
1527399937217956465208887563396150904409056480813293863831775760098895182295126452413472250909360938175137347059954416185309696273912760375311923524984638081964478688736198619860298559215717285959332081603534410175881317057640993959114070008
705350976524783731923843037763948649522319139994452344308455875492392458730834764398663746693308910123239927195364307362084506497458373355862143672882624699258949512773301847468449724395506489380620603100058950570868487794128473996052718146
325107525165516152312569592148830184654155496026506719323674418803504043673740651578421175433379519091049446688887826275517310559499016061589628954096261927162776874942076788778920478990140590128512089106933335872303345413460377168826137652
149564624888620366672891761180225053490187964805844299228155621736391642886265030626455800272938703596659320349410172847922795189509547765146012695670788140679976523103920527781624306669583694855414795418809976932210396232798206693475967252
68678611910588526376037136755424963095617796771894000836758019612658352467809216389610906126804360107950255110500373431403002114130279543594671751990018120055687191685677115331066816327268527260149417994838307471609006809784314569256289272
31478593472365175282357652032522493117039948316131399192021634568549689032968160801552324873075625844824664629151808929701142442417532119665115636131667575455814844948408723752496087385533311692696182979181854846209711374812281946256721108
14401924634206455672149498306902065656425200137288359394014057463584878019125303433841756442368459189351929379790283280109060944099523314962862565889306119274646952956799254991775750954779928175326977105509221340334041313288882862965329034
6577292651900470358390230939305364657401253080168635909735687773775217610406532897980058058437434437028430701561363285666125728210539017646292094659970982853757564620635596404237856421541519689406257857260745218267926245423798816006416252
2998506723189662468191455780928625922455796221816391425144039845945491830209135964906194698023535367791711409499288759600750905543687856158703616732767177759746305534570795677884513256748597959480069402010095471144768918351713562445137874
1364594868916991656184321284781813567929776823136511307801430162782293641307142754051619166555989075347246154289631836637577504441096469557322545201393608099559968109227212674988924062645421391318176750175733827765975035421884854917726886
619944360554201207903612755628664160299991273354081615531765091494956370400782308124787096707438921967255279926319462997384156627900130947690196702901819372440284653502087173245297956108271048928676487907965933419983300826635875241031528
281164967600894292893016124786778308325643323890425551867664196016891645522831026319056760012387569725295983600607309051176414227278540367956986553063070004321057571022118749621706879241473237386502698293812484593322904041040172908546550
127302894121451176343894888520633705593345779366108162114684609360868973687304768620332039673080633242542251610541621318901695399052708736643635264807349083745508656022333897043855113265059280233597353439229741568277681698315992641251146
57543040582411130421103248504228707139000915448745508214850270197246309303883465792735103455607338028830843286318107385853095934841857426015461841779718207195366251011144575503649332708902375689859418129127021758642817716568980614939814
25967701403568912194552911873124291683865603760990219924757106948856564906836533075508606689198504089636263739928750170536161814640336310434464539376408444278686044536872930321188919692792864015451835827109207106578609070106614432760144
11699543854014950008183224174012747080231464014341125903022011554209159246151285351333745882730160055445418094388622312363472516439526403236853569487672617080488855448862925203588160328699871898318281439508181261878683408398280541218842
5262685916850613324845304982879633425320963344743449952004926134375815169365142487476565387718266814078938809039155041601164345078187905906069868526937105803899406354717679801891192278999797068461052711426006016233015390357857194131800
2363509201923212558655241139495603475686866062630979031103389154617225699381366206043097496061961335280620527727646777085951510329145002932625846101377187611417651243414045077571248320692342910577717810324273369514789587742947869888352
1059806392917464203443575418344052533018271325181924014913390619495903299726359046309240377952112342178097953009310326318610416308156308262321398401305834223267776829772211508111508710500353296014015166701000208288294118035235519167146
474485647093458974359335442291531057890375315554321159677217228493973017327842142197684980800537161841626736173140112366275334355969573283265435754236499212871748607120477330370174519862859986409419790638050929636097161327551942817274
212106852864622605918005436293745372141270738210626777027765261068693570752526007907965230478776379088663869542656334940092552978738112595161429400157446074764926821932144778800229374630199458376205551916539225658029478993505017886410
94673627886373897506372198455362704748831335266218157561407216457589397815876099002213160458372150034347167484292603574805698047561783360639548324682393711479405513900540621708224203034481170197658750851036083009051764667442306520248
42194274185560467048732342723462960996441106009624847892445333530845973112059079982207782233934216426374817570693753599207858783884164481780297255020567455854769916074922716634541830612739627132549947901994670426172701271516925899340
18777403923567676130070746644889425305448066459310679879758709655311721585665464740758553564384351574299789614894011946917570633243348124115576708177754699680646596958895009263785487086380691191701847996468096104157675270124547645628
8344154059937560890464565691257949975877999115605987630737431423135906783771606551366385888646305975545585351895679903728093261634686468607531110135422942287372673248916972182258527391149083398121178032735684781283599769993626906768
3702549697433947102644489363390301793777487261382836154497603979145836648709301262998161189977208844387784831864121036481261854468573147841656987302421423597729730651415020625923457291507147354387494675881214471495414485259204771942
1640583154254219146537120560714624506650464597340509067001863138056258583095604978047044431661599150321794162802167306594232374633637050380124751803271794277584068038106888520770394411907620624628958689621033729381405226362150512554
725907350930865120632428734160379705916645442526854099032272570231005708756594402274153865384101536255972237070862304922234449776201208344184735004756785359732841988803243040119723467613298213382127124046531120693069798836259007236
320742448572564310250477039083371701220590379975488804463493730831196896233102736969716401230357231810312339237554040615320981447542194632565715293238236680179499175818931236509692161658933154820038800310694975546233002977499271756
141524155084471924172972180187625119916174744008325927625947298317579773821125755909008978830345973439827472385746138061398623311821695949366797184846142766413691522883960030325555567176385464861108256547019841589767755257237996016
62360566827512799664150934329252442011991264460106917955255035786966460859368242484659099194081059562294774058030936909906635949008881298553343259677252739007814306003763278313063183617721843569951579427241080668850085931241278146
27441082823037780263234330206964203449568681468075430753973083320971146950012826280541622016739062944121880582885473600166544677545237655830078991090804192770564329232720979456623146230441508665803119557187996449103285986368858354
12058974740706911999011540538161568187170674726609538842221640195428996698960122963869301753351772249985428883612142991257276490472778401629547698867660667492930362610108125467629785863019808611497447193560740768008998245425029236
5292289717853432113176178506300819875734796301131694766321144098044371331272770861417743144847184044691700286027408773089885726851200165449590795128454063823261645715484071150714577143120757867970170661414019181050121419857549920
2319567145907942447729888332360052117967350745593981268350340811653373298637159112540338326290801215537549971812573322512438879098868909292562725339780856509660342479905763725327337201312947864165262661937964375344156069932889198
1015327906583378727964315399567540451182452393967171334286151489224463350227861077352970847131057175497276679238862747594602498120529646214113255947619704747105739023028398959963465482544066322256439201725355049593570452861281492
443861581082897862521517509709672842437341263143709181069254321386645586895576541264271610880693296949833609893515669904611354949351469108238281060121154715064779373434081572966691374762143377027624908582400484297789797164108736
193792234300964093811780215744324460646634192010895014744564425902604078486538379963646178062759389703381775368105458468370293333411898243943630822576015093501653381087728960246762721515923889344296474792277142739893510947626814
84504218703654553195703250666616972351789608444141273809823649316997550277241386803067207195106655435685309913288032503876186935132867399900888541252368265059988026558943920339737608319945543294030163681443439913474731866403258
36802654866055854763120458255299196689376815447252795205314661121405371262909744634567118561403290691987634595331017040300190961766318831576642466118618990465720652455554299481514760341494427087468813823280798555700342542506902
16008258241792140491073203302890447050594400326859279639630676783548555138429171788153890759453442605904230336174735510376300232589839871293954543827773225483064925398100486411838796787441084164724095401868960240687526870418512
6954702153246321059752459372497983577124497876310673667842064390036697174580545607693738058810116439814474092576769804964365560350691423588300641665934682969949767195412685903618881652522099399286270125352699099488469385415652
3017781329571153806261865166593313757704928125775013218138228420739294977628294975001012556976255638213665493719526566368318091114270979313062875555025757269418627668934673835733887824589285739973724516064033311737771460335848
1307907251611322908899613169674688936863086720977133956322157478352324619374136528788100992506986049947117954840699452440962827136778703236509247098569523914496639682551135323996875801555711969686161264680384082943732972245990
566175616101126589718812129114537084763626314668311290015313921391869624956809694255686249528081590040143259835593160073496636993593471024920816985029644699538627587813902235194273918832492226669080253686121209216345622344736
244802252538272150714416198494935656416843802137742065693705265328737966246198233515402265870811991827535623719939462926869264861404828494844636216973981187459619810374843287484433586696351150118108967122327233682139401178336
105724249808097821025970820717473161448859259592135106092463331461690722025244685712287360334029377681480758903124160084001174423069522260811397026731762928930648390078193981622618102905306582680804851478545586230433256671022
45607220853893691906367025358717785056047640679698554783258031836267727637357226804812225901756205309286583850799680932895630914819220571619104387228460603390489368163306834286719269656592453033728511648548738429806097428636
19651565819631541692011263303920919755809745921865470209917773465206232116862453201197063733095052169508449791586910828918942346206605005816008094935824408705192867764913546536196643444645173277053125691757865583003837151016
8458044226550624279224092061134794307400677510169590115119136691208683036094160126932865346988324748842360991642162084072868142775159314739351078118195088036662018198602394343466828647991148241855374423783160150056219184672
3636273930178405438423548204980534735164599852025582452091360881965335474159481246905465656268904767477975913305005562817556983519905999954022196707347192152162394772146038869620672086903254975895305400421324094726438435580
1561570579042594967188900848096532376491258289361946972483960464979504239401690234215539261277309253669536271036476424016855938898814981462098934260941493974568263960318540206444087947493089895916973101581684630518643661274
669868402180409852172149390989352812738350530383673092302341529555860473136907988119390825255515049090141956484310504565924294910107669085612789916979435248154098909564693879344837616075631550783339908788727681931613511124
287041445865665311950803880867253365057559516252997086442856269556039570737569887266514115102441276877850385280709887259903976760528241810611213712308305078728541978909977209916169186848429126793639027637075025461736933180
122865878799507434901365950686472727819922009140811871165610566392095403229464919948317238112219133898887611836160054562015545412696024517567459792313698266509489753793567668575092426418607250989480873936243896530903853788
52535611975689254332059543703869400110964975148903634538972142116619267921476770890679439848370232410211712135343154952740721467703883802820997980577881987505724847229153196301403727525005727788903346570366735524534145304
22439662030590586616147697657588069783900510863043328146297198128465885843334114120210324968604716464050208489617717126144973773484819380823386576721996887248775909768725538020193954450792746812623075604987672194303993132
9574651244290163882191471725374581351936383258359562202600303085443436636186578300616053699870603004654284835764873703381002800389832504024184083608463402674740487740815174265907838226622600166317821518798516139371403248
4081105415867125542121357023126973323329630541242145041344646087695593788156841514200634498695438537345300502267379525305288994548591452986221412054493049864852471733196508881588991212444019889104872350815059532237674120
1737740235412701027302269601746738349011046097137757831963033353396747267179051390892995449927698980117651154661682411353601409631570451445925039691123833147990991554026960776794949581650806867199580171782665665313357476
739176297780983453330239859439234922476205274970558443926689474646886196035158318423394082409451661222509975712835706311536019881551058676813925089048893256347803612908371831752820250370834357219359479938594175394371624
314102372160293252333813361012148512136713673181799290342452518110616010594626448472336512687202251930577939842618397829281886522978421835792360972270525635421268648618739115446877227637675337986722422608432414605981080
133339316864883832253956283078171516594341146419438171941924088759680900354654777695871830346070761530092004640411639194037215377712927053136419704885236344023472019674175587352961979309053884328113318717450663564472512
56547423351928762160487792948933499331585571292045721203201664296115641368968081455026870139175305126889667089235199600673059925517921431748343074101549827753907849281635435252004290989179855299176023362097444698327642
23957345912118602391898125104014223319023920889966124776898069898182855146693735359308281051862897375261358359989747821326702080331027287225508464224302029703311057384047894217562451871178443421094163405769262797825060
10140036582801669811566264845928066964405714351983100485724375072475103663870725361024256252797700039864073889471508510922253148077548301469660795058282827339302431019948720386708168197675380139279863470588934141708930
4287645470144670277714220732468994107428307382528406171208274174986776984176772434179793558999495955151975296423509209745287430600914162931821027572067077135042275341308470710931756846029319088290998171389368471490092
1811257850183653773096986161246041730412944920719736312886017987873322157214448387117938551427221009950626582117178391207826632157901394830222031759112855530100019931773863109963906191392680491133988547867784607395374
764411560784559262382523071076570603328566054802238676715850329152027022779139232206822481315338990128323807954084487130741144151090726431759582813636077489663003458663478735757049480024173302707778055023618747408390
322302148157552469952927965726205016531216928859264644231918202271516220143935055421759332925295131927841299626376764974813956070099906942360893302788851186771530939498868085779895878844828924487638912271817324854712
135766157078226676533032199143139318108893064092400386295276502405393189188198070783888232081335580916313368225327752957594588647089931325607397621072515613470121714382921030735932097194318577757488320785571393357686
57136752989510719768404483317603290229347300811660155888469970614459022890646532023720671760533626945810451927561639372593144592566791710434886160710130327137437822480621072060711054829909020443950197329262493010918
24023627136885237482246587031529328249793516700620136121236123577017551176240843713513547313048515831035507334377624785796918503783991249588473489935635457435894103446390725456810558296209676356575626844143262597624
10091688340690160080658057990036448544957252332633220013346699676583725254459628038263408650413199260597113002571522351593213677783175887349180369158253440664169041581389611351418425169311506161540346173777495144778
4235400661919626322846080494599693594378568726553945442855765413211597549567615481975932400236256715245022133119427888412959481671039947183559028364743238961031382789913901871767195063119925154234320150214369970586
1775962265066210726789727163058133548657677771561616551017424495632902064270666898693566209238128342117156039208761199652750196826368117413497911151836147623413812475520817205909945237330041943027817181169651623394
744020033699829362621866538557779773755456631490229570613750459232937315604692089007590474989730720971017028055236699660578006870232430684683880200194535276323511945463118692900725717480015156377069417092330373140
311422682890775785420912338356258089385771125378232746638156345316522426907199414894853487678843196832530693809392640950186668562990166048600851002469658092857095579115228532283338961459826451758212268073613457300
130236759200209868254548954772904033048841555118323861709545052644881586330277747852593400358493212187828052226642331647005424019937632596746162179288292417955148580221992560418591188963726004375597344273159005480
54417378193286708623018172439211843768394934409377485087267632698719559123907967601515622972177766846790706702395379702222723193255692980125718121058555623665992683464384658688690023531624480032549186659021969422
22717747395262538161605934072232645137982870813512253389856750721218698231689020469508958464680610045294528313053542519330579161605311365930763546126920358683664280918461403347889702009179187284048184622476342752
9475877145748204591422624465099800285693000001796155412175534140260107138419551740294155887661044727985218363244620757330101089177911870944483959003001675122604742719512863945313465263423695460281622087122239444
3949143568244412373514982969838956415346017828246317832119648875948982039393407897650767856129209149779243562538893727713480537804440225522140228359465321518534594540186702983460806515267934664359997637456364930
1644442043690936732866102170918221158031255480245252325167201729535814301227621031530666148179231000076913401605224194919029969220459171743555903929069508635398487798949561258567551872017278168777184571206129998
684178044007980707428396392421862784238598403978056848470391108711278909248374934570316176804458765007526129248428240785401448073803315166886514988596912189596940629111697026593590361580077939428739698830650416
284418165324640399454745903303159185447765924488691517230202147962921612697277342858790309311926879007081551508944302933372241621999041841326375306549104196358429283131077917947077077093597038499481221114597596
118136976308854846084172620185146880056956811163311669060322726434390223957278449414857437141327896310612237181355145759781801998990122006787030040292227799156240583555378946180041295145196960785728346064507994
49029486331630083768261598168832132668620820731974633031295839572474996799678250082924826396423669629068401322691537654812844458859429061939984436419300972023583164427357213770166414742426547004669772728507882
20331734029172075399830495926677850933934526321765174545472667678282813972514423664455369014739745632696490585408536873509357785353921909123861442914828029351729648049086790416548574545907861954793789228784730
8424413137114284952737676193759644719920239372812722791419883352084520877895175241460644277011044435856613963816450721664240202885081067535181072996527302000465881733498486456156997503996965779013874310877394
3487832293812384107276612610792266597714655760465642251175545595978537504178047885934150635967105895395501418719767739986638868755636181717770440484353610497525163905717675759116845528157162644543041070571554
1442861810619768404556639033910433352965965488968608741426109283062931948562536267881413737992234174867011429868846136474915404727634995938962042719633786422348407819108185433785126440240785833926435279382678
596416377549222174827760826786774466199756276034394026183184309366303632557760285510779845992650761713897987066646268533959953043550509958694942382762960007831037264760706225980687621635386879326803046781520
246338616223389436862693880371184245293849950471112040475798767053792740121797520073258769960553806516481715799408457234130825627876319594368404836337749873783474228557016302328102365954209061763296823204954
101666050702318326946939820211997006470822753158221264924960963878482872585945192319584280542515819141851171048334774126910924136405743734030401026130349168156691156211583575842092811657226048684775969500688
41925890870618543049024819181579604330487621700685941569053572920911299422392176634425282213380647510890067163131435329685918666708782870992227442405577343282942507890879442325965435025740752337889250886766
17276424842067689462077292138711549636230537443320195226861240021300335965217282554256523658935945802560083972846827039299503376143173070411659631324028738145473271561240468573565948909153949875297374142712
7113658092263935858569614420857692355633988088743037992586054547631145171741180878868559454449359804310215264024807779524335645276081672942658409620189729079878968176821494240293325337578812105356172875896
2926859755320068221970615910804414340897414565402780453769948150014257278122337485589476329902898616473939650276873010111296643855317347995722620830000722068379904343287225261832577378419963507830669299876
1203324882395403269820427090362070907385523902889511236734398685255308620176723840309892063626436238215812898607687931552746716093175198761394130184767676049705116886320713068669521682686337187340816972170
494354116783863497811604946595195187482814565735272979291322442064931068272470867641547311847054907040005312328090685749636659001908250279255383038954102951460671812683574044306608905736042993934040491518
202941035806928923370696750409482817473081693998373292033894956160677808088059205649430304398261593602547495425958881013541813214372385441741738813935192835962976205016192518012593201237454574873159532220
83249226332710499804759619437507122894903092593009314825615448458485866103103088410038967993486503889548900411486518596400313800264791158897204368936213519446601878126405206731748165824059082198829490602
34124891804161017559733864922792301590594449223707205790205831384941033407396484941871456218342649708673211882444372686094833220804782034601547268599183738546535399322382623936727714126764937819836587108
13978005363065831450396053068056140264557374324052836174386909300690235404543904009740690195374913088748488407605559425812041469420695933076817176763128914828320112916991947257792328205417931153302257724
5721422723493810063427766665624921650484206538785734526898756769723622923936187804559652667290517782957961705971335709382477273792894841911730872261708852662792424350405391612180545861653339107030830526
2340183043227276722518922361215022594779969702784681420072304523629326385081324964919471751933274088097954456074466083762780143643333922131205866999646796168378620424893535621604059129986003079283287466
956499163427854529295213690369112583282039885226221144547101159930653080679573923602361440358035168206570577011480529406291481149247837263537150076581215597396588308610200733585111605784414188755982656
390670236782309600776334211076394015078591217185488996041369802097636847858416049101745967660879129057948818578737091353544397957837056077007518629192628290686877802097440779425412482525689714248701796
159451638294297362352278988440724116701370236252966414169596745370219167347756885792440972056410261952515489998266823564274242532734296159396332304887151025106663564612906095606475472439170448233632860
65034306386142983070520541663483577345224370495736280835587200178153407964837735084899880222151219872035147697832004538250893537107346642654477390099626948473126174513752361113014741482507858424444914
26506526440475655355659836624177077961833204966906991572495740148945964991291121427409406601117358407736856498325608142700418731465224532316071711508350597873684239049291010737683398806467021575918062
10795973073535090482541280634694342773725074731064238020171127474957400274543239148321220117503602294760300886969541719144470939128416329007020091351806805464910765590481585178950837625007307475142380
4394113759901060818206475878352374733968499527442412265233075711268324518613370196933839027112512106013027569858060983738118105995681834736584045515781480847972849401410888507427019376011672594021718
1787241204013700293230742030956125607619979440574462716962142488219928849110659840700048093502035856835034712632714214999824360930433398936402003879143235177280894263752289892044002716504975318389330
726439119890409525546901006291781157940055864452356925858636483191987192524783185542661653507269091036298330349294105098019960024529114747248156190884671037176229345855627803999350206846747749239612
295067415665930294341818470326226623351146540064257759685754800946693128011365753108582656129595408437144353506167493288137110047788422786443882395244896707380429347434020489888628355560015939663666
119770820339755810760034766903582477569223913548889350092733193713205003325050888506233092464189303335560023740664972926100594276318905868802978223474530759051119967501926527580067827786101890046888
48583665946357096516738340397042365209698400301363692889349165984374776421187223497901727167297679893429288171289739818218974826306688310456620898717170283454125604269948474622832822605933327663422
19694309044979412763703753892998174702857595260832593959607113992509201060138838708965152948143414237785270393192237726997238885865038825628715901871016790956773614164848937413085897139440050749504
7978185393003584101238395226093502013873040010999507208227376382419040525392872395505915058154020521618407539583415144629509018431852523968545772774582633410310436907598325885084387000659490842510
3229848012077213371462545915764638535684425522854214418144869989288119791054097695905179040682457113536275961578607876750464072920136014912534867077827297246690631234729251650705217428535046517962
1306701203839899418183776778429147419573223712019999551377745272335490915090303487875350763363678219590437649426727532303004895144873712759431470350165428707598922316797845879639865324240680504410
528309444267682885041499449720605976357111987147022088359801826228515943007104022017636069605101398955239974793055122426626521518298662880392011045894656808230300773382250009187460481585616462586
213461693002281876444781352353983629793891478474528709424762197966967134207656902935146691519743348398695301236303325467196157330016131905042285641075419209072417603753977791693898925770269686768
86193121696575389802487584123449100581762129550015710562888920893369764785589012559204173668662193487467450966567313690082560815910096217971879117634166248154361337643873644676785625258713485594
34781469646043137015011914012488556239028515874322176575788297494950774231790059353413344104475750011876658513112853289848959677075770069789007411689069400990123165376042704422333063221091614424
14026439987650330932286374794279670488538835586527954120668603687039700857129412924147807791397654012906230479257508680843722063878640644470957548569735577462876178693283701784445963279010400694
5652918586327969834698582129082220722613378409837327917941282906766705193141482245851298728879145542758148524794999128987124548450611925920454335654631467931620465285220254587172942554905846294
2276801979593468160009943106623768520242956814907167815651605515237538030775306982857799216433552898494476473335401655132341483739162108270780773412146812864380143382076223625015056925928922764
916445283586777052903793024218924120302412412240085285552936224042341956410089554134656247711189224535138431348890827466969914663107058107887284832192681367472258096204272878686901244385176904
368653232248271639690111461574467136232711115840341932797264910116449075321684413922691097793547507174103360006811871320526261966787198419442534110076341602303850232809067813424889576358821572
148204446219123341567841937739871617415731694094566227741116609364861414080335742263662191946148998166960594250551088912806846779288282837274275729906218163368802818698645870778110049326902418
59543935923051182544355361225076218055837892568278472498857859998361568893898069664863464693548088225635595024862175351574844456418162705052943468223754156298601995713289268383337377108574866
23908282690897461304110088351371413832913657623866495645436856479899217403432737217078319986234448445917194310250347200603436445603084252788596552794398811415403101664049219971920402829905710
9593899504957078742079439788138178852486589719701393277382019102764714632577078791008084580664118615177254224112670383012163749984354464960759808216227005878133982530726679411101059452250832
3847505682876522537743413830164158225052773636641317838642453944325795093012582991709099415456071799028273149537259416626558455263863123208044679989024323629369390079524846355872192139965852
1542062808571170398810766529647572126607300446651399423012096256110750348496974804900381790035744350203665406746639284084654216597517245286735157625539418045532059998552945782531549903339106
617681924234868662358328752724197229369932006978417660941062080130782745083136816558745662106043962090155988110215562977960872089958315711643072487277102422889898006722056984224801417807300
247268668024322646132464359099024969938187779142162280156096362848020380388200172799237608887456312795568542702671839516121136686052330329385739497019490870063626242532498489375356139329482
98927257236434143872938070685699601376258218624415872827073702280817585749727250504626737802267937886847830873480223197499948952188971659923928282845187183452720397363692935973441485203346
39555495310062403559354407540401759354075475802369809742308745065497689219911874278812030727193347058877224220332791528083257593561802323096943783575471186025773035922662274151293100575368
15806763179794358845337727183777168471414086555421698982841403752119387841925442714482703670545034167692816216886239144892048665844385955303403137151667772946578437132893395586487831155900
6312851772977982141163864132122547830291363285596541446043042830588192051104266975942087385418211773255548250575751544348332457610638186267594051412617749573303659275403074135303435687606
2519741637039439758611640468249155330767407012517874498106234258340129690077730084097772602795965714994675659064432827925266532001035406101099047416728095676807123379102860124497782668258
1005160562737466494081223238619659730298126882689212090423044710008467890622458419335107183934086047545850368247269989861359728720169179512822399065671672267163689700785502413596904906298
400742215319641181018952173516010808563035891497155317200129561017734640974263903424443692969735461525063446786760527450037715524340986775546099911053132878668075081552801385487331260008
159678401406699975711540532745710460642929920732678075751234631900687863680352508945125942421531681405429951515602150667973850835666369782068501063942457666524259525307771068769422176940
63588689104057145717583358159838557128361241819217473238517124016549590636756904475144703423040414352623978959124378750556548732790987289480421780194085032285006847170165609584701535476
25308555259552892048919773404520203848252048299930252779512647506548044817849149319093874464394103779761025005337561130410774113240336453823211578078386022838366384728535281447221195582
10067225101916486032289812548456778074656016064176341908893188584357687427518904443035854785956924374525326248783244315585349542102447538779349987889277362040484575363062414563333371554
4002287572211040607479916034421197784105767051239078971468870450623386071128723870526132629599245592852863043962854644914719109768845501034538428408209395267121962338062037543042563646
1590244911003137236255104056359066064293595121492707367547543377096976227009251251563420181087939720493920198886203481409621925749401799971695456645652583882267816930029888357549537004
631506849396950985201760014361722437069962100456483127263415456146278457682455884090343103989460554633926562211037967588606646960981188487642591476660337264059201111683132811191939620
250640669704577514691970663700876542081507212437500437522458480270731878233518215231219442144509071749763407889647096325892981726376814456086625137995365068480568604772868213777622914
99422694903659082101974221737637463136692294098217970199204948057854374979038582445127376131758288440586373870762116958481059743147360288138183451712541225283294418640231370165214506
39416776263141753815661265409411014977455650214222354733589140277894236394132660026440734661044345834602885570807992280126827218198587015438937448159441594631582619271130613960734060
15618499740362247073925415499182439767630972657706981963885624437560856516155437727701418238209351140030514196416031129789268109420317585738425807714110750077425233463483734157529170
6185306323140636727374100335545735848867080286934879597133545455527828957465733999317869871275124254739820144396754949723941056859067618634779410130083622199148461457379497509512102
2448205262897126451652559328474618226996261666040525994591362383772370976437924687227566241331852145029216458401457245965144836223430647559813666447129458528229966300299826708097868
968501229522942498461611903489192728012264778686872436615541547209986835961587306561629060368730786301344805015753631225060764107025251441170230295170369222169198537307142382248134
382929888456161283706168813884062620988840674515801047521266045807044872657179900303742215684056100951860008487814173326953119322443243095567936304409275112474153061553177815920720
151323398341401947762890910528701861013831898218122840510561641407040852556250089500080287758447101599074040445312197005813799820063433886903184189970024327012461303942942732632710
59767022130480358443998710569548976221359568804948197995994433034701667720540415328023374375577144474593837187578485212634737604900748005762653391816581253526269269898921393959506
23593198842142855358649371014397438579776917373492207937158788244567019865750008755784733914285875733262122657215031813652644656548553074067872479038191169427454863352360144797736
9308563607711100073454419133810899045893661126629712295923015156259297267654230535724845474089651560858843091043517737929104341107785462242953399110312958264371963056949016424112
3670710114387422081748059481415957977601476675747816536107550508303038950756082057880444113655675573968080974675066317940031798875292696570025351950790359895524152024281546167314
1446738408047489725235473713636200575591866148692290855252676557969408116752755273521360159633150358728400833306349818143960354042917761360929866540687771725729484057217233879952
569906167925108205133993575063919711082214471976063931528713073327740631133865682500121891919700493814413588081754420381659950727638421969108959057072508233281682732262849765736
224383559231726632901291101281685557833460450566585908464521540898842954740466814163619508953382673141730276161426934191856220618624347985791525412903898785335257985954375531238
88298623226036556703900287054270334420898425241919195990089553492901546002891950950119721133744427598251825170833620816654672271409588835734590453101463971744837906996682854636
34729052780821653066508315711394000971022104264967056100628276971898025816098456956773096100379686690112439624956723949346735563941114936806594244216689134446687593224991826120
13652397448267859121561962872941833369441116648284282514957897653812399196745271934867086453111509493187650774280116121123818168199419954234565110719493561201010327173169252018
5364172633359237734497957446055964772434006980841925972241113312073021856278349812829070562084852284469784173528646022369616541625257945177204987921660363413557533780979444684
2106566904137931865512034796533651576901371328051260710984548883745180118630494099914097499122024584786931367440839949626185431241377106777188610976113377602362543548831362096
826851069843423202013427059899355811345584955712325909634988329646995705658148078732861352746671082810065369593499907470298924108322585252544686989027895174132252068420107212
324384191058569084351114983314079084658617171680453769087371311598840331696617570363550257341982937634051101079148907658898934655072102066757766849969796660023960391026543422
127195936316196274557332471638617051717388240378705525153149983762939081428035313355972808034499363034524907288993507174821338255326350618906381270172078962413165186916750442
49850413590510571963768578381125865260415378011837046356310178407777026545998265964704127609831748704415107742576934817448775491474262686958133876584333245462165760125216774
19527518725010240149446671834602242774326975494066560371483174011322736183514251993215640311208678067888022389947306854277989784770880432112548860091700774168959125425888716
7645553152265003491843954366525410970913038801533659217092940928530368006695093458374206984667104925910854521220299456542435440349440334672921033085912047825677538210869430
2991955200277455545208587025234886215049029008760838097171821888101103633578830794229147716162712891058772088299235913426223691644085261526992322323408710667331286765276674
1170270748359956098975531143100686441785651667338676512840933436896853765309135770556087878375295279787212473752760923242323214015360730347305380959007045731083330687230992
457513017024070665843738294307552158603941048193535236516592544957395893545009857695554654419600922590358489375963586129683640060368676782240934327217804416509478246399300
178775147590910608464147840953452610731598748638665926991419792314341828006909672123171446301457262269559452424624951973703568427586774863616714566369131154017164818698096
69822943537442587663326743358905196852047946149703812230084668093755094325441418349596185328647858938535718725760303355181115554026565267829305603051304040013274170871796
27256946567391150510536327875899707363630455158642627725243084132325299280212414181516810601991254937684136206106173007322133399173957900444608343655270062230401158331874
10635183962345886641573079937599847995755071624399059983614873706799428853863483033144848812813759862922539543892486876145734503103509818591895814315812723927998216145506
4147651594419885639042370997845115970846378836186303456532471079728450001553629623863704990473704291814670472316091288622095979301926149186783666656316572195761830692816
1616775360175955279574804359664226271179383943447003871074328631394196664198142893412197080071917881469914950087783465422444947772181610078020308213764820270468253958880
629923676136160502301037310579535581688982597564222122906805112354505311762449073004990250711361743040631281250592486214948887620738384390353899297521181364870604236106
245311378771493601264935729623224462866225906314857427068016592843596700041497248451124016331231321527280736830457007270305705174551201186804422768200307473567711702194
95485984903593336104883808319790414176540456516883624978105091993572390905667443785081168488671502823870673715482344854888399646781467131015584751463393201111224062586
37149622433611556181013619272899966348568329653672372516958669969299310773328700757736832070763009340069185313799591366652533625828070843943531312946257159299125851514
14446500507705580340445286907311421766912944020889654477042978160597029453678707300917345223481753665568807846777735014940959209349148863220550387367297392674234935194
5615197410476104406223269119760089427774284722650505859378061430528745529809428467006460949569707048942391076827169643667334879372298203490848711444082531478361884882
2181534819812819287521619353463254791324491206619122850735375703710404868030166485640044040648336926595871818916914653227511377701660027251989254960677510608164572464
847138925426146596665425544405959067843977404105283092048084584764567500071865293287926541685654864753022604925208775357242951294929134654056277899942042139459932390
328808553086362770796825795785054257015185374162009549115533275831405946554938900225181472984323182884746482026971300389259682834024835019903465315234660650415674878
127564008211885779213944752443618834890198730967778746893250003666999151722745532360020639318388637982835067193180384923552611247793513435996325553796800524811975014
49466409004743924854480168134255867639077501487585883671353398839040549525141062995706262480061155240425152136468228510285375786404736391116760104144936376290370982
19173013281017234821073023253417180357792210572196765342973968892788103901669973577499189808467386772122906765334700242635624745836903123844657646996566197003398070
7427945366155954025489859146306043251159135381546941803054426141942581406248070503186717893313625253219326798651878449049065029038577892647251148899642565534945144
2876377847929126619379448819914215766589066225339795723336438952367026437530166286002220299531835637235848405663199152039651845252423656662331906913020716962636100
1113326732145547820184483161508202563517621957714454210404613291039865575078396013659547031105402491346255374807583141293206784333600440042529321626690746208630316
430724283584884508828460612513816085016723981891387405941968759613680601152255881962788078869017132078459451448925959887028481691040172915384822337311242370164396
166562273300701648002050954759853447176467385303323644564723520404111896538771452995310313912275560830076168707006977071993901882330321693296411716177232894654176
64380599903067492232847717958901079668753982661958605864357727066726060990198820901414152157608340200681868049755013619801005044513514179453551774184120691619292
24873392500501966830913437433595552444168492681090510962188211551937400004678644671031295513564294422470577926737821515278009310076197019067167655735689991186882
9605437939168320955526603778407934034409757565935838032431596505028741412501644398149503652188401052823618976178446309892743403125576149154445350719967874948258
3707677676658825389493201173558267846529864247949352561328053939580690822765561924018454346492634896912914059089846800911298520532540750220780112001932293236212
1430506816272591531068891720024237024895591936372563856665848985662657319107016476942595203046181649359654439940169599597929223179266081306799193725809740501136
551672764452286146740266375988493874932882470829834355738562606070025257576973230555170695670661822921985403499904955433397334626915233772944356012561500006812
212655831424555513007228029966888920450534192119172883339620076159617282539552147637408248604779379160654924170651640475708279678423148638444247778587604365204
81936549119487393690273183062018643044329582594739107633049162627452533890890420124450917225594418483709113227756121733680437158353184233281311269596493483862
31556086203103874695940503061491208316267128394064367432538080887606515240325597965035664564072941231279347428082498540897163929662312287348510887696047834654
12147702711686491327784011072385145644458259845947515146895904211204155667853687634317554602409472044414766140224858898683101964425831552548081001452303066524
4674241957511074129636528851401180220348444507019294412158006865128971190902559945446198242360637415751211727847661551256609407844634007728923069141780126066
1797772308167219047915133651275358738101700452835556271118651215368042645633424428487183907067219913494991321465934571642483919170229416261856143421107667224
691138502991276551257175277214797391548435943763950606381501886090580583942562566386732756774752264353215618173052298992951910455807662597307845103746991990
265584562992143658723990602750897812394212857441337187455882601400222562119446554307054259730979039493543265695943784503625252834963772787374808007454396702
102011312251154447496875868278785606204773082813754872420455933911334662781503387243829044081286188628856475347204156168735294847630643831582270733635373464
39165351252113928885795238769033805955431707719090103645913355637686562326095576405234421689547668742751979060537642567544579933836915687935958777529901076
15030184626209336102476460457514602277622146381082796184462781678923986081274307531638962310035642149934702838303954545232903722297815517265869439416387294
5765481833294345284627678744349863987778940391664911815653357693539302221580882962537072548416460887228116384616096049340701128104035793421722241046003260
2210631234151964394150103033814362295154188417087710926433616485358365597787592436506631962136719325593365328101775750882974249396915940911430215364605358
847240656073173875341026711947776646584473436536637757102672360563380429317415476377763358691078900668061025178342473001247716585040357198669434603956712
324569308080659052094818829565956710699911622597231058268476411476939562067028994673717494529970375679008576642102525262894075962479770732390405193527188
124284984976456338897719553044835896362702502395682115925825694481340911464030597452057679010006708719398219601742932367295592440132061957353766434168896
47570837898497685738753227313491493994143070059507892711541286864465815811431404107746963050327378347342830225962314242212218690828095145282009077803284
18200118810263908710765384807134650267698893095788304786719884595193051055211027048710586240378717988248216202447058344662302884011882004910699144013042
6960161007688264361822891756578811344011402358071067190966869688169217362660688326355833159275749164418880632576915235747388319938739697960188758535386
2660580105139296002366709067960636840119847454870769834717120162909800427579898017625302123384415486727473038438187156501470513900324306724264660919628
1016589745313324012087420458252397010520565192100169478180913585974189278480615732212941911336705419474676071905737159516400677535078390425875738190308
388264583593574717853187648030635668849524417183646614441770845715745803614548619593618154901112293091569579820050512680443584910340461352940601234660
148225466535127996366649020677235377737499229471523161376208824142183957863675281529259853981536433597217031043076868300532850438551971937528709867232
56562838093921456536420897062367317062742715000665801858447645482812491066789380118174782677485927043268997214611795395548184559924127214328953762368
21575118607575167060063766261215134027738275894384894181180868679460197858095103180375222117480739772749342468614513658302632948300512145202948675330
8226008096590497230897872067478253182580980791066436688093549433561373738272586757730965206594497985883525372445788558862784759593742239936748039600
3135012786371542347873994208916710632989986884528953585278241438019057915876509899229174028460253779954270443295658825997355816211041861488421183076
1194274167721147272801537403049291180168547967360963887013809663301725602432703383127814967128618657597720810511554801601283603098461116296815021290
454761392364957450072808156970049061626904434556516506210342483722646839469917723976350655173624433082666910395628309496705392511406691569897214676
173092497923705865098785732790218478670741320780983100022705018906329571075152321140994775756075843210574005558859321551515121296157332756552409972
65854929256436127154541105224974711131946594091141116613260194310462886196107464943068575845888956151801092721058468084783144126242995140562747582
25044593277709427792976524015181032016999246116642996151965069375219568808176818748444624549640817159372955924699517060042458988132914237040372254
9520408748186986057182956237333981458046676638546692819993950837575118500252205282580511799175714214925124310402344350498906375553325304936020178
3617540303421374055794281501075813415823956278647683941235589723473995199326016384353209221070051391753104453468905667558173722017607515578928906
1374002692169125653198893167681430393781373141666906318028777516032870619786816665012558826574636291343549193862000945276776155392260661006199542
521649089854674460886037696141958996524869327135176557692346485485784458341938836359492522864357235900137950090152878788942594214482035221583380
197964002624660924846746686994710143454749636510710540197193897963098712315499348082035472515296592623650007339822484198346756379444121459002524
75095018891337546526219094090733480352542486438531666391486428549970548671321167226650416125166588419262920254321286252692897908722896106771400
28474322020300334539009586641205322267963211329450350414132645552529369265413824625699879894000931833435590293002373984299267611553781908675120
10792280591563640875183595332787559116556557550223491379248510634487697754030437028863657604262564894178486565633230579814436094257910089875416
4088752759839248408599899196382584247488502325650472272529533175547141958859786430057056262706946684570681225598858746409885779614227266729072
1548411770160621109816647379568335397320749350450112086311525695823396933295902123461398303467160592530524298921331209777696505137581851876972
586138526461227854865274743082404198990623407924788235440784869318947082999967857354956914997475087713660526558737929145918768384615364183786
221785145926411114210260325396504271902609619621855408556471920927727836606839618227928273471207611031109229444534593742803240583903453761694
83884788457127170910240725744163914942489912202200040451110901062234747981632949746334391812649219922511102833920999329792505920116977191016
31714124142725034490801219396914154693081100306632206754364821716158150531841866013124374252235424580658593918119896560518905315246486243494
11985086001569204447967974309908651752844263379004634413976766251242652456423199786308405763663200774410013878608013379998325455927483227860
4527398058866121920866319108783654615674132082081896494982610747876479693490342027354322291062786647212547125691440583262701886458151849100
1709525016115523159746876590775425169017672470905417224641985459601588871103461156126761718272194371836924221244755045822947450008719142716
645240546896776119841670860324971623675859381695914383568716217486078167338547248388625219138029333683888660637710954527136128252474980720
243437455853947094835031795779471176625996875907522791055915217440548554162627975496637442162360364880793658916843556238553587775050238942
91806377994505619153721255782819270325794152275626061923560889099899598232349618652857213883836085131786097936391983375365216088324248872
34608131084005369068967928407816974844643504950738994433539768282742084941949261250056464847033951817224610964614274169968932482464782554
13040775302474012961787055227426611811268660817767317266269567999925717181438764860277879649264671950108617367189198611491310481267574612
4911891592962081770720665771634302056586445523769519866809333995974466456500867120125497516583697405892985645729928622054179500080251906
1849329723050814053938386826718466345891258058550435618753566308770376440519510284557111788545143514481446139716907543057451916860929598
695985600725784657791775701007705594900052221239737372206857799024677837032859797927862692594154321515909824720179860871657106376887252
261822276125186323638581308914301590393707980482701434029950945550220989738893524271519917940887609503108922798060462656564779451937356
98454023442384036666738623843039752332190593000395183781630196730689701865956184327650280505514010563219194354477500125840192898188342
37006752307848834318287837861785519492752151317773491166545172647541828454915856040205948423990031570709097087826317225343051704467652
13904302124903746875029424658712349646224073402037624576295297433475969298874638374940011435328655495273713351018958987673884760286204
5222016249522505931996068909965879769727339934964307526567661947494994385984324015356004625771352584728752337435763974916991424109502
1960415458210184193804395363749017260160993364630566861826659662822727106572590648524389411264717743764883131553726627058432066881610
735663085463910388010824732306051589300568211149349201279124919231067033875739210558597363689808638814706338458405549966264322293858
275950268341902685403893717008702422141161545387801528396365115835358493848723173380728929369622348691204202504289723082801191778978
103467449897042611649847880268112009788659156751019024088854464998799509240524306881622129208946913093800999501966677562336919598218
38779105758442381287298059962870185010971676100695243820638158555603814995957183841532337554187245255407304094452372738137016298008
14528239823456925020893500481830129038469554312109730923842997982585464517606812737875079024201062332600312079572106494790740696234
5440632801636207403670202851835312915321841184006542570468813066472592288261855160100397294495680319553275671668828296854800604988
2036606235649662280245713313137490686690889217978998797572559890411027823259036020737808332760348399702660412027686900334128740824
762054423306848432220190533855983265010356484251232475232669175663690268735384725655119881490114338977694584487643842173313895344
285027126132856571134026709625191373121158868719555133940071539518638332414393101179417661683281842300742373092630736422382014214
106563309808348667277118712083958820999539394011699166648929354664128086460976971480470242384280092916064028809587769622619176612
39824517086372314185343932559200785550100163096290056597314159488506462886805616417260426634381108477157438262461375095970255680
14876975509202073880393541167683496058337816627503369183219569291027371836949175268815830858652209617175221007393916695214629234
5555204958897910653196951904904923078686570594268444807985639646745721658967033627814242958664554615714006412207002850732020384
2073513296510551848896755858894329646870864803123685352369343493612551265540728598458888124489405185765912215143096681179275904
773632748252046924602661488379099854263187285335687386864383315296297213645564278262873449493171600447156121686858208029332312
288525449713041972855300900039535315129948729769047925302580693908017856621069583681537994557035059281741023037034471498866118
107560952583835590759587355407274310641474143829445394050966199069487814016279181272038696061244160592872686404232338180576646
40081720007954634906158112060470403973174601468858456897361535262715261164887428349532331246113349436878155951617403290186686
14929979653671115347362301579972591705496329980430054908160985121572012141197943524042147152746662758345611878069465745895838
5558955405241232207356604346970921576284219997686731907055556404451567809544460368473466463159996191113814742163205437221654
2068941536457588664183457292215302227169388184840906690531251667527826345651914654128621455755524405605883375086897305965200
769704882475542097118768307232103899722555556878416906442208693421032565424768103792292365147576095031395601017010042821972
286233981576518522676414960810147050495155162257707719641785568790048400112676648003601522113427189987219329757576876624616
106399355325714911554554149206152219074774896607019054776421020178690017281617411850797950503412447009439089971356066692292
39534620699416159972750638021866499921264872910578760265218702230877574609702356927503581590404396347364825493913668132846
14683745393363280982759286375499854688361282306086245071134420382233960367075082818542861377850826761509360165463283747380
5451508722231102361947471343777592853425480560444688393392105875730924237601118944419125134087624783864344594751054587326
2023098717810415210568671555329556977181113590120767612177809833130106852710061247984454959303599306393488528984818511960
750477766945118319847501273349237790184695962536268777472663839551341342046444874668054465426173737372849209869334782072
278277995785982428495512060101521579082203265167845775503745798869432578106006659786528621363002318554992021165413934442
103143072537078074756369992685379200895505429564442775506719475660499107768580339889098702878038372480223747489711873640
38213894334871254554178786310909515404851095311630665362380972739723103930059395861131687573847046459275172639520053876
14152150439253257610148646662480434349459022381867349739468455905384599066547598872018487212184882215217762886959397818
5238938980921723200516022964484397953678973608162003314825798134989011269977161156906917976255015525958766328478339114
1938580606576550710727106604590906717632084498909978686740073836841739058163414579258161943614261342244594356909375120
717040778776911356145180392240958364193774092872114857781611703123652813469124398618830857480633975416489552788873440
265108196348450931191281333211409718127669132216759606086917266716526556765552015458521364143905996201982692834944964
97976426988319585506500108396992126936282922037388261789091341573465272206867635268980387915650828828191700576186558
36194202319231983721952937334754413378922520963868590198374861244079020733608853087718505693609905191699648786345536
13365192294293539463527847390210965260810423868388472780875195016555198373182466041710500971619238877256470235056792
4933214694374585693162832766683422180050658592797313737156289268505004362200158520634200713723968894386170110303820
1820133446093282136522102130416473186078383360328508333673734051243236509106917249405597127446342233145836476476854
671266001943207450779610867212738235782192186818658553788135506332595706806067184876569546416363611045840109340394
247459466863241269807315280323155934189887656275019019399441861173082234330498553875081308490868657646664348136074
91186653641318476020623091197757851688204675821525572091978599762078172342910554693669684033333902751026611859068
33587373609089250883818096870569033300233971134534179271702214213400081164699000269066350074571025401365360490050
12366253457773039520264287610139466191611847045620860960664132399303803790868695649609470026258755920069696320530
4551110036281766356970987192304240847034812769717270153415021759925351042950427524955519898482013177943287684118
1674223284636051864931980993695893211323820855194774539937491446409939503014123196943810355700985973247853160518
615638847338881283415460743185316631540371198747180757719322159380508549056468734916207095422759424659995234822
226284596628433983505332227988086056510782120530659193833477806582097270668082712258807854559240322791359675008
83138088999795347525243584022955720794112412647401740385084015033487663407453291519954656739543615526541806066
30532395377504274015703080828880074912398460599583582189166150302270035684174655675992791258448698155424479456
11208235027943681886469559101724281352491407228583522372418575348441989523640955230565086904018125356043575674
4112716766554941901203187844069539713811002528197313423096907662640204995824545585353571526253275146856122356
1508465203209202319365098848887328884765371043546335937752206626421147870446149919360119091741568908322374884
553039825743637934881933861276481080990951524040287325751805885042738621001959535914657940287979814480219754
202671097281564885007254659238372592435176010337172425186536936564875600883767959406075427841378647300406838
74240554873547279500008776938614196415225864198810859428978053049598808667596349976777999186465464646227448
27183429505513329827436617999398775626143229523607656124758525707279875540615634351023599959434838754246022
9949026639592961003483891865183773175828815292514746181408196837133896567284419560586315643076374955168100
3639736144375326396148900634890546100485566904702899788082856285872362484927502648666541468647105903742268
1330980872912611573110307925153735030909229185882868406366450368109888309226898407427285116093570178480786
486503499135391724896749489479808661383025531581373252792501762773230631916145730885836037475779525793404
177750974320888036889109417603984414939618443576525305619172399196505155381982813089153513260979703241966
64915663123858036063174756192799422158134879500964188815789354267821520940479073819988214847280382582150
23697258251050803404275878420041853104342036069823398809990366056656105584461939743439061073422228004622
8646839574113388255260795020368190958801780553825841986762475954543874016871499942387238518600563330044
3153748011404365194280674568494262190202995053700541511208981875811881234217301870934631389972249729386
1149758022452717677415743661550880466167194096123638197298632856797590242809070849583944523547377901290
418981986556444285785225877573622496811755942781205606454735033264898175620701875688939679978082129004
152613609106723868075439051271927616155683983307167160807848683166529803838450101187472768333003661064
55564797688894118368128272063311357072724060427837524220871968967278259464109497678733582024258827126
20221544351246957463995881795879592531168771082404547141673109068159505450110303600042895544360211674
7355912374690087449392753468923841564960871620229045101865799618678809040091861949555975078097626960
2674643749134198801803586952945130061303170400162709479324602664995046672999265388425444179248243184
972080043009450003620183484354988995428769604127841179207203904884600268888719961905133173952356896
353137877406038618820996582693163138014299032874999527041678070474610101295175488810300547358319220
128230774618340750453177419909290069446193575719425093846502035054396780204006387006885502108116240
46542038741876217571713409455368968009668879848558874563455178014421522504491007172561755269392414
16885082637821525901446311363204969578484575829214056899185420626182993313683918500868875795812758
6123011740392908589167046527626401412666214021326031933841848944841924168640726359908257055578108
2219374351694699257160683017731890143440258406783939561103083911775447674444703865942391041868976
804079603726984925753835877517010779769017833405594459258668029810180230627620858508701979021194
291185653875728821714946901852066968351427117332770149700823827191208382455398699043102043760528
105400523928228647223563318504329199977345685082811767341461647209446962378868259513105537780088
38134393388516429952670316602643034532762577292115640339930212160638887974004322948816751717748
13790867678919576886260853867914245115059898192126484470866552394176739222690344859013986004668
4985014256465531032192152991385629307481990253267486194938008668519195469519048326041417309436
1801111742954735297158093520410867568529498148328823936884007987637684961683958370661928417310
650449695662405291507496524965944900005517454842206045900684362779303699574199389831825194858
234792882656300817704870567516613063540007947810747425952564677421433933221561531657024669300
84713697296876183317049283263028361158230087029613383633952938330403854363316228508367569054
30550559547017917307458216712964836064966554663350034195605673923289080760086424127500748174
11012371132516548199855256395618272487716793476203561198661939136320452120136198224027260950
3967691983422594416779293948444276118185943980554859588784899256808471495071045589889945198
1428860367244308807472091790614205307658286159864073379901908988733634837664814291604648940
514322633002502676384293737033905454523248006349570062256940307819743391479391586630801664
185043890259713679909469057453380107687210245638017263246029931528131913373629147529348856
66543613700994879279384762171888139414957599274969564795281324052171945068318511831846872
23918270126042169837990089596275846927188143318269018069451385745092746876504600345250412
8592986414339777301909388484430862602836594881630874630026725230309684346528276802416804
3085664225473231705320436391707085870610869355603200271984622541788583835692104789660188
1107497054590435025566320928462323015430140533455150133595367180989782667377040293763156
397305929472997303947424592363864386534864706389533413526075678122389260436520205721878
142460750754444812742568306615946326376530754991506434184852310117904035982498696849962
51056645094135567783078880259863207189393078919867788177910623083749945614353529294338
18289225532162059193846972287964854822732453084324539108582741220044873645309734825100
6548223127183549492798506870814388927487393341383648905695848542428478393261713061264
2343342864713982928098025829267086430907082364433252529246742491881689934923819535798
838168822499436874399892344703986545286801798165181982249741983793812996757138498666
299646723976304272088442653784589134331267601058280134725708803250091302910160495146
107070290991014732711165990632594838319862687753119026563751906199583784414028015156
38239207543754849401879363049286773082805964356455494119828184873266886379412525212
13649861734693513514675717830596594455879203029592188700096653972714796212439894188
4869967781721050915067558082614925943024677123471828979157572611690935813091333896
1736606298454703172674546862411785661634241906390025555776291321259987877080360810
618946435187157892505743421258817706489145293738722297685356403902219679140789198
220485540799705719757140089843326147167800792969746637995374965872442835860710542
78502130073819275278390198964116248040765740844073692412766062721696832492206996
27935468011940501156228039719625924134591106620685324222339106540861918560845818
9935792915310418253305003039699706412601435173926061842503623252437649122892954
3531994713454190701429509860906091331179997112560908733258275653854206051145566
1254894849897048586669471241709995459853591798028476212719550929547286654657492
445618518927376322743110053048276869612748741943805241870577196145538964804722
158156311747249380448999236314247604597456569297030645198872300914852631527974
56101698522815977496027552909859376615895807315598387737489987507775052193892
19889800779630949671154085354600470592735775036767686246024575451496519634306
7047718235141752876118052073052934795316198044460028890220287028825707032444
2495910573347284377127507702547756273501552676994569736292837906927939383134
883426830780344907740116528358293471346182866678427327593513383770559077980
312515735721895208967541747580697808202443898308649680592290976476657592616
110492187965079614774028632105307708064559131006078313088478735570343397402
39043455774773115429049005221183347561059831524647644744445893649979549346
13788610655170542755443905222604026289427796255427201154494861649458101108
4866838219086929606009088893963435977456367898992508812334307866385909986
1716824842177134998903790948620905906925467679913368074797233186686481028
605279900960626416117870517225270382063645843854754834637832671809472654
213273148923613088570446027066885091924619913402442602411625281966398282
75104199989010572252286556943906140327799017635630184947635402689759956
26432534233175066838160255864801453158240814070870091491321681867025438
9297331350260677040067169152581950436906153302769060064833709750236436
3268293890931530314541663166203554418514569137726627568590688692539264
1148221067780168349401497416378376200915451172842467975381914729738712
403152941341149423770725635796811991791796634261440586025937688087704
141466083615381359565927476859369251438598420328168163938621430335500
49610229343340045383090446811065984329997845864933310940559580471924
17387003464347480979433284323844723253297369405317620770814035456910
6089911878502101623729037822475467300719260280878095335269667506662
2131710193169575307662532231802357398127117531557938530821089952868
745717419063969632464843129259168343519081835634170697185693003056
260703844134713966293342028627128147198673213170340143667019452106
91084737942126673633074594851166270748000798187461073579623184208
31802905018908097443505574868152903328221575390485408602384140470
11097084701267291009355579476192258904691114052549167040567648100
3869633428990671123395096622134113610996374863925254253855149024
1348489011214166401724251839121128635622129925963544810285491566
469612293309986457400787528216707374081114620007649730560356138
163434491660354873697781174446737234534930527199372320431519276
56840501039823962156338935784304112600754904493604849285853004
19755119438208538110723901133918840241740083877255676592933074
6861303242891780985808674446647511199994909962445589443077810
2381421773326926406234683298656024687001511015566194959706210
825973828423611511375537671183498793417536620683837431590262
286281951183066090352461361841567560233851451133661703217764
99155490237243452818197385964788792868079782674338724994940
34318794421254735177530686858096537040278954760156385423768
11869625750451537326755522707368964625468246058419740956826
4102314957231563547203210137545140937522764692739701277124
1416788790683037086704694865765633960004899333429931118160
488947762234210901125546228194181318659721121964723708948
168615730932519621486625573800975276414102254142161407782
58104392142757804658336138039042477192974411412605717998
20007461138060847965819688823690108896772936251952924356
6884049413226653760268212545675914863393259563522863688
2366800814149835407259414885442083736383704842551408082
813096059423744191365565453552991939314210004300538792
279113614838740284393035428020771415377053094759570162
95736099268708585294825169080549271923388036286258288
32811222914184347723503321708322694417611757489549822
11236147795995995157564692065909720614293997358920000
3844652320396244638560985110103929443903705715449076
1314430047522667783212474487272475763030563829001408
449008687127906410475012099655707251417492874130882
153251541052664378078176569735015502449742635482634
52261717872916163805471194344656771217649314045896
17806846458095432694075794927754850717940008677054
6061924442368813607065780276153540971624184238850
2061815282799430391961559145857890115460588343648
700648446290308857096423188506658345629726251276
237879528219153993137482952762913734223171841608
80689248159962868791153453329795809686678033886
27344565978476182482036541644422753754992354310
9258019731848669268983592562165089813459330648
3131494618774098724906184309234198814088302960
1058196673384792376889002380503918403893494736
357237279802467791620706021038370391116629008
120480612145981098263247172541733284654150682
40592122056786959280987309573177456330073788
13662323563028525247103107519721942336251876
4593666307229732180666846623689044239325340
1542908086049445741897911375687130713735220
517678197968257913611060753433558871522522
173505076446423709168920249765759956318940
58088486328889925887124622476044844291124
19426133172494963762900331754878757749912
6489238309467587338139832729950689788276
2165232604969313021564741336934405411468
721624078920879607060882424288198562264
240217708504969110825341078431661707638
79868989305506597783885614631027712750
26522955343742527002960942914881187340
8796850848738049078084313687421260850
2913969149506138511314207035499547706
964018690385695162945169077899642882
318506970879998994108595517118353790
105093304951558397498851476443973606
34629268782297808155500668383175590
11394953261160897928816624147637538
3744308169798781236774391988278188
1228593565178075989368242259218712
402541490567882955802212888241056
131693840937152047910374972020000
43018984228465793311410362103546
14030719002381072869310039256998
4568899926507734983418205765564
1485383854039249364463038416596
482111489308001589692279905956
156213699504717873407904224646
50528908969780774925206588494
16315034798540309350690004052
5258356965021393605478587280
1691608612447511288431557672
543157037527717106955524316
174058319723136059007137652
55667120971130768006580930
17766324109004422815804606
5658314710263026977201836
1798107549624589222830192
570148299843208839945036
180358067397576420784926
56921384640147817336686
17919062253971574995472
5627203976761769178378
1762310821365303259884
550506315959673784746
171459411352856013666
53259248770877900472
16489681707678144012
5090712173660276358
1565843058273992004
480220967472476028
146695193386557324
44683686576363072
13550679116329920
4095842495373750
1231059758824104
368656677125130
109699013392734
32564374416318
9609594074850
2829359309664
826015492440
239709822684
68585604048
19543607832
5509787370
1561604172
441036066
123851556
33821796
8980284
2268810
573372
149340
40320
11220
2850
612
102
12
0
D0
14909222963315384635037632227782981548476682436776612406789244953968291134360005091983499942243193487880421869572652291441310047920622621572995425471425611246558240261324618867918163532512832099689127889019342701884807907422098255084351532692190992875809384
369534809860080055961452398312190227297868192362268868562963248089948731766337236147146648642981221683705016687361791451246783063888263735342820257172157176873022084434051696405656856258895189130119207938563114206197398911266647963119980405066328175333430174
4648569461094835502475509387158736784547534153642673299233680635924146776141192449181127249859926688227982236384668652784184453509010127098335832750673983135672208788725623546731157515227890105865897575547907492759677422421815542364086124914969776549705149474
39548967007552943533766945044599551583296349097531744848864887566752621563584660748755052863952924377522884440393147067650542516423571765115283907310986831771333386813433218910772581561078537322250274156511467030886092365739240083319588175587681749496561130516
255874799647931278054850966041714149471809257779657702207762855276967528229079174385366186191604185595470282329258691074179104598940090664595301087504340081622812483307909222727809996196008256295361356715814341420570155836614751823549687492232639074429029154006
1342199222811279447572000348445665074460075041946583396471561232604219340515901578712008128710760402771742168767592329958311536637251159833003888309615478768775274845666503020367205239346757867430989841902973114156509095462086240405913911519769022738892696029424
5943486542794001929374328140246052780594578895015703103268070338506632825019155106479835378049070176097695691548431290267382453024604014372441525640223217567398492330197593071116104631944394695857449736774947489144265839151027826806491098065800071206944769093994
22843304542863907886557883830322834234452426277356478246646152786074082980484191434524690914444812697005794611184414096513157752924886009076130382671322581027469704960937971995047755044639510533891953201138872849418962604023978558978079818007547497658782825538444
77761061355820499542866539559315906124115366515086873917312443924443427976091562308829124925801002833614003302609521317530925625003123783974924833578684558148158441521105527758920559774749383971637896359246217437096424490494172597746152640804133253580371694941192
238089245246002183878523172398510598940549705980864398739163818571791555736384358779879037923249590769663177700426557306829695982851798692094927212561917693948735142139405314790310203925190521336296176343439583746214660646709313392598531221939566304544855222886378
663661682616101313827736042321365891036838892915830282624169405156274695302600436698559286861585424023551041238566769471465893544638559161777137542250553263908899944438235718701176887023900154881990867668005927542182905988519144323526733958706874528978411559361508
1700659899889823545488982414509385754153887101519953158018981761516546438620184709901429413455913148677223531628444732697961585206270774759164221116700554127939515246654261448287320399316612560650349524716761383329059461523647156430621696106405272213664358930036034
4038632751877280227446394782799487966805307618720964095503389604250260329782548155574598081351338606427235583714071047130793090750561893901415548358102608892976311907446004067427866804717399211570222029572176057388215209506262669059590448424459505007552717666636172
8947671696398761636445529947479193109219551482212847625762346028281690119244174670516585939183654214953249579840788864186996055472750452701927317576485172985797636153824823900916850707010231570250827376173364190385256572806145258455616213045901174152119748380428028
18600100541085786847925809329654254695933957046154277819697876938151689059043695332304903067707731519345729705903297597337235663864470026726209990745812166600304729460498355185716502937716494441675407781079285693297283137241982123813013463039253962922543770805961020
36456210590923728250794114376472401647837448877771925935478959883476377399815348515372902800195198944386576030577624340683371329115558176866289246497150244100588026672590297518931207308984446140860794128046475899461437600187522993136202864952019983036738774984933508
67658011940862096550687758466025797109477833419502213289429030114164041129522678743148888044441289768532037430693336262337798190803573200437240589289271470222586699697855599990668299904073306923239586394044852260860019854703784033099093154308853270212284897362188556
119335529011930060197795666371708813402160950414960908119121264330900769876769886285751335572336929082159340897157213638712907934421033625634379589144799997669548104681105893555350169131233752096198567384123798740084609334832304613829570069738779803837331868462655218
200698984116605624782240090408040507344813789324302134901111081974397011759225643944866755086486535697394799384208643577318575606461063292425877763292415708487739650324781822097986410005845552012342057318704183892485681514126201184380354597773296954582027186732629806
322782083364990378474246449076732091521601840030386462223272626341943765209137638930741518402255314721156546100228658212889902257128104649652544640378621458300705490914294459594977436174133777352663269301653988862962312623418485862574873712117908734496010786125571084
497729163090742712920655830508132743813364535580970906204033341799049438901636921220520909752030739940032373305653652275232477348734566528712682002205019774548066643471527066495414348282749031457853548572548270220509346679863269863959392811174583289348867647574223528
737587027620132535114947881604625249173952735015188146659084661626670287548297571011368835572533789645504274427790192767082470154222096364323881769941180036996807870959926489419360775051517707395581753508386147338741962286168315604552340697968775305604583949371361744
1052663856776595754896243933953209004293784430920211106618322336606284589468454905865302961830106123673411198077331648280090228257771881366388301492695558327118981961968286168216922268151258989094185617281561580102302647024612963729509650069932368452038853827852850672
1449632969873241090125060271668007513254879456301873761632059353773763538261523075957573289942968352478527750154624553996867970262957495124385909161610697940093668976968671428310762204033419238046567661121581294783744621454100251741331727591168634797061665877318812776
1929660132375056457708718389646375691938886848545445467158578237428138515332199129598212099594168925822951169061810760879629863213170430485277474851027565446778947854153041403151971013158842485823271848966117262095696889105643966706965654103389199073410325943271192410
2486889900882177390925339601701541360101197501390623106306183643067399834158336513520609954538926254331644384259366981480367593278185935508644135196788637107814148935995673534309189218193519037392217195871753234652899451717248610846789397675048541085908382668423575116
3107617434796654119097210856582824635431365058346395310865783776498602787934748220241802938935068917782281603779866996722684200976368953733741561694089105715888358642540973271615946222589944572996102123159497759362006099069910964897823458978006254364748893685212891178
3770390693768877766966236236777443881265997867497829062055033048355259908803324234589759811903557446023210611636922465983953610860961121106131315127668152913245847046037003352321609712525467847062462376702685306618387749032233336613104607711761244022383353179976409800
4447145849645498364387670062849601386282720303323687350573229534436562191956668311195854516735505802043392761731692393896691283100942737237177227388742181956375467341271666887970532813509327177295304264394221866071961012706845586568304259376332670972487330689541137142
5105304105244992805113573435650159150801194379598329282907877095687367872216343054671790522088948387027802028953544373371779717987274928254838208725604302295480323190613322789157361123768256085899523994686039883957174109022886378543545319607003100455130030298661492418
5710588063558781614638654746032719119545408772276094063186438095638699211627865640586377180952199848619659260186322613370549457300932401089739979107403739763453067984960855619501269183003504951668649947353513258649500648175265941187359684847388983052167031082609688164
6230186892777882935436097416801590316554627796770936936647335927099244697970761983470396005248303844494339453246835057590823581938798833757807625647911174219479232137690451894303407392546528232707512439591597031348574845410483028109015544554565894564590681101360659246
6635838496609778943976759483421696252566875991215338026157749508169523023424714728952620015399983405455011275556329649914763960648430920476286862894574067161112056660399595955598258583941535004560913472096774193349880884891399956058644470202489137227481205143271416886
6906414378709067440740157559021935539566963586986623009291886220093847272047507545353937649187670749455186098808526475513122244113088889784499077219224007510907686731619707133325132227548993728724249967119522339683051245799951024752525791427831682205845685828414734254
7029681878002538425139004497204393574522200381557051347967722880490868940567845591831291128220279230681019968318505027625273007302588000289529343210152394978752047542063451409905420573988970021189595665374250513570625335249910361187255286418661601578271108873445682884
7003057304863634655493354268364273518571303156658835569188259718940280746856952886926803578907326663576945214811011609996933972082623471451931436559216577112229433453223657227667689820044934639461964293871890195811259693404058019670660085757053316191932665555566988468
6833322275227133163829304940560951744523031167492545460253760723971562697449194766316629664519312344735143916150169040124180379393282323427962992955256524804838076082039165411879197699049116307296052944215155007951387332083996522830821586625847836927852567707012938184
6535423525114316185146133926429943894392785926236912393148828041402065646774959477406782056770073059798468865608371243258663423711431709116839071672091651429045551922096075418545030472187573152639473536980528121238265631864277438797139285277152743341182502873731585006
6130588949909117822155963394687065039586174700170269877107833624990297924372576246861037874633587697081075475123856534802193144248487730487555636253539329648418274875085673579990864554695276466214261888693703106476697360018099758610545919965008225514866113859907089848
5644055074078979229802740613277969603222348916333212453495380797380783477347804273880203247030907201596934231074024686985829560439702812292263139462103893345969435452990036172409163593309634418476794052768070885087219391094239976814085656617845413710410301516558714040
5102710701162172094693834777019670832777747400155986225485364211922857869497521653682215857873641443854410680750579120957979404529042005417425840450304996397568441042763595564162236673531046632034789635824145371203879094136894780124818635854056421332029275130491206166
4532925305146985982303135617658902348940708199632600369078011328693654444746342634861535959832813248169475039972263282683315289109774099187224651564507484317999346877897957947353571580909037550935593785833649055295661242997400844293033005623941851487934576769276121674
3958762765298210719381578838452367974314087309442046688559050850953270456087388127663199710117002818191853465506845895860355645883387200383090389418455220076637975538890301237724026511937564907413574946440137578933640952174654539622007230047725782257324904117395770770
3400698018504279538620557163376798736056721821937063724848614370498414623278222912543552505227694999467661298415609493862725405376309426074742382460932569638596983617272113844787021976169712692248133290443058212613872984521235353268863457903897465902716440126200557586
2874871843834846013321412285867692467498776371112261572444804835286785762300648629543445906446602741354826393350767323690450083324992976329983905551779669298348183212092579427312560489956180380514252166367565293178733837468837578346911488766962860179296752425634237500
2392849428076192356340439748999627963234269855770361927020807512586664219400661892785567445359775884849514123538847811439044530623456701792457590688202873175966625725146082999758531232326353268187829658493171100993738388490589127599539506029681253818251760442328114532
1961798802272201505631966781190328867698746864880897175210397277945420045601836984250600207020512504389472062574008546236352631957348133090579903909355986472564791582748164121065336959559979749149023764756590292873609088393783617162546947504035164851095101258711410868
1584977959084007089955839285526662717215162601055753569587238097747695374811120700542910772206439185605321079121042692572866884581545581237114144332743373816512240029782990636082427626723232108766570425782521787271052131869413363576720058141725574993817954099158794836
1262412687714463817835580230718035064132721654007659584969961728910783921187878164402759667427021706735833416870527651040173041231626642327596172843287772465787420351913898221896717233349946236878520372987712163646911855354718231462994039639131289476243836487363499284
991656474363326107711435175122485224274449500826405464023806063880487973753180306929793427514105970992255901966204782016002422318438361486328698168188685506509781025297839114831957871587477649023095983637301232032680419995016680952941789562329570554823727529002425402
768543607286054918640567649647398461271215853907325559015099562858819268309690982392019686024448526354523205589193497302639695464597587076847524081306924167772296406798770747477793742052196039583526749817584325408583921336037199650037713520139022958021737834320916308
587871355559341628836484632406836484168788602814118611688638016466605507720965395404973638187954232506055482618932828066491375068965599383130118472749164309440523590403706894141465160201810897449052869840560768852757444233667401065237132339463509951875426103397441236
443972138579617629969655031570758563505923959020592233889874423737325716409421472006407643943755398697698442453888627492798353699721737148538978464477825855167176345129940951829566533568519909294368103390221459905211846712382674486165364972105062813127473285038248928
331158701806033342639770479825792638953080644024457515005767127536571875880744736574533446192458253068260466844769547451377323355449801908078066247771504652437032142945083184617484780220804098783552808536817001278042563945877006559880551826931737278066426385306274790
244042619752081029666793750096674264316272314632144270706414068314980635399610612781850458131113366674793605686108829574926100351317856819693257668454236743354742111140827084662965506175836101212361296950410175639737428913167750254817654121899427509019586800173657818
177738354813010777310381994813233567502624056902196010759364693920986831783749373801922251173974860854947579204026312976569514654315625222137443807912424347607295437326964493235690650008572644326612618525795692390060071875914283506785243331518827644360744451593463528
127971922460306207788312703351852213007382922304335870702840162310320235503315557052763568415300897334411823262968862118930801297632616591404730109929265380363504994614337516640607671236379307173690984004326661002673687690347351007992136232621941064756241853048544638
91115823522123783017325221054218676133619899669847808277249178657751850459617453594258874291728824713812181934864854497020555143144615117844466970157073109209263202060987092379136693446748851311418645792340011808020770857841723071331039271172840628503318428857752948
64171420211463038468078571211379680598833504545438859187994699833851947463883709021315866918997110625947861061507296936324308937159725782218417723359169058441927417959561230492514781329267328446051388662205864677567546574792395641539634019580583293104816386727988666
44717473861645311126258585964725646547057857395833805827462619395691261939523053893238433212352135802207950144278305695222028468319466177093961503368708393302666798234375346182185387636310140549734366657968810824838681437473659177670623698303519870047312077094803130
30840096618138988777068753908798702453882169415383376738409340391489786690505291049474498475147492050764685608382713199784088961509385511817559993254959994630060925669163599075403499764084627877560046682275154329813946933109219016061569966420476951795465909632322662
21055637567421046979394715449370849734410451296857931269038065524806928877532144976052174258495750251439845132982166335532195151593701640711291734859961541490041629427962494827738882703494936836476569350823353386978698910362623414447031160295582787738784311078855844
14234526389372508576643970253534619931848951554401878524083526646128792788900606316024030346935674082862390385850632552984385937755366027611482187135786377040770255844145343567272729496277865811544516448978051213342972663070603422882230829749308839780525922866087444
9531120196979152886813861922269238010521759654769012833169872106729043672439584368344232527607825495003549896233638512047594584632206257111773252256341800939113966215288976387687397409886743168155461051181495639979628604855960387115413273980453427341654027631788170
6322258354071041741865917645173485695047882636264206368567119408657827164044540695897355788235973062356239893138129900117593004159342545900074306955896794380872793262481450221766415467144042786220407693110714343361218617870491603782443873793076395635141714764677898
4155524394407316793454348743254082650874398079783628023434045177386635269107068532985706203555970909897469274864003005043783671670471844771328378834139325194248781323892346114584120908885749840546269230378272411646859273183954107192128572292156192575117115931539092
2707071165423763044670991619202188032836176528018083475961627490849826251637285743394664563434811628075273046948532404871047707351366887469644429614685256923152060241351221173190574059552814653114573388993547427208867243315702013380241508561003747063794348858989054
1748178621683526704832894863346999417977344154195231431981290111936964153966606494606373329879387092709333451394705711620493307790540743320957786061215319095299521675909696044833196358864429244675528936938882543483200671503282494660101093131907253888911785005178738
1119369637591837392522980161076588025658814342163456560314548680540994546427270220663196670255398243957008092424596869562569707536819624416186041295583836594804151541822061747949902870750432815245375650961708514190171286729380898774523374067235114346732272385102392
710803339052402459729678913207898130626421599677094925913755657367086526340712081678111551007132099486809269386243033655004806529171975457773337119283629863175652066150137645858498996290158132854338209679848816910379209691019997637962310760310917181901825446744480
447710924835915053882006938210873039598403885380490609982912194072576167571247184172863135516423288012206023071699154163412336711332411929722820417865421844634382167833405619518653576008111590249878159774021648714369755237447115581729067362653923925007216457196996
279769159103202104986139222768572103036736730275920978957624405899348653277273431183228583435730473549912827323907784983910762143482705981627407008680454841426380991224143328729722383954711025583482867380201660129384922155314492286133648632529411479461392493229920
173474299392087288005370918451634234400708261383909232397072302806505152133783865456784909489835605221125777323139859086259519269616114362575393057134258350828466138641035655974233761351196592158160868521895313225082806422855078212119332144165206714779476071333922
106753117643993990538477731475353275912406019370850270886734453551687585772538181086107853748504037654666351837920662547245420200410103907707497384296664615810187731363294359417092981069886485590411336912203422429793269175938508355140776410811729055473946262172700
65209499782379146633655559228517954843552144365892924714454172392268593388092353816870264277907754272576984239926330388200116925948893366767368537149674680199008303064256513244412218510578643667844087304535106953373590861976746589545571674227999189809250268802174
39545646094751338322717881220052190286874430208431593262496888216066518349272310461194301652842507122406019621630310034377355747727065936467066314448308627013380028070679924103654041916003612936642200683199100049051621752869954883947897998949198583583209572408106
23813024547750309624468273078545682190943627354292960560626508827698996920636083732560415514534170345579412421553174556527069405464454340142998887198652418126660701097735512657706384684365908918963187080452358734235770361547294505509155486274187807761375162281350
14240561295439987600732503607622029671147269127957806695583793092870601102190122875955360784731791044171819639122176987654902430463791572069660259017001719385090413255802941177618253463973203184214169996255952962041174917379655783182807143402509775249435389653022
8458687562960647760091259724711963926771794145114045666896394307808523251473205519896903796601057549751741074435371912898847303771270886004071630504228674116008940584378363874910684790866048277536281263994386096766642531757946185567853562727468326691875907311536
4991223245452671184764963717812741084027925416032047926334783031677453856155214373576586813066141517930755244172617197415053180732898334206197735858328155876400097259885220134134737851722426484993914803176001344453771937590161677233083140613478878547597617543886
2926187493897999412593482856624583498229472601841725760181830539389859398950410081647597984643014086520146017250927901011429348162579555210883598000666457439220945584630863128864664656377717120265856577190846449366067018426484612007898503404797385163243392457120
1704706881459975964819862951078588396189417305560424111471488322886795463172220553512604879351090887441448735599468101671896732204841835934608033269680721035259582201515537942671868019325812280542931925484020729756865960511178406919682591550150151900395833757630
986982082234997218499908049004014345623258316757087481336212514777069783250866114058392972845251582005836879115726819097180098077391167422956432648617927118138988567147234905296260808498393050087323887899263194889579677938349673665456960608990151366846995552652
567987474227209151854820384076990851739142675521527894890879173307113148261226645097133991445460286835361648175563680338409354301624787104435156234020001989282725994264816622529247640670675894664642028064864477840445601764682602687981666486024992442324672021114
324933542841984734146629208423180870941006259597937036416008158410109814321096043482269393220615856489105849160760292027531729274186637302611300037996040358998128879934484330700240889703558208050390619797315460430663287688287315507725462342544773706523350260398
184812549177516554333466855376492488893723857381108345735966670639896135491897399517539029753744382054416706346812806641138482462462352031055729864473870664637061513506828203128118589784601605283512532017145214008031768987612429943604495630506385904435591628442
104520825447516811692529247022016804153280457926193803305837172405772247153705208990858337880747816299821266739427388794322079267320216363703509235437258550969305265260223430118362320534593582237047466091912324389955985697785686215822656834258964357555308699030
58784192900534198226754287669402892154828529441044870830586849566061058270917593906893120631982570718239317336819512002341859576162934015761451005780420789778572906051603499512286826760915778634664414941967266093279173501940481312381814658268718226070453084874
32881766181315151408967368210489695239879741264751904032224995177542504095904717008796016872203023323263185261613611765658920731218275403299973727943369332053066449039790105119311074908890185510765028770651041389629587587939964860319463486957629152447960564444
18295138242749205945598672404359097760279890585710283800988321234717270189354258822992611793481014792332557036952321003574734057371266984332546724098789221206032101913844979287498207824940121865902034888035328265473348635232232889161132130197336351562522700992
10126282763623153053992824632420649318581674470175563170057485198122524922607720963436660244626693941731627036009187838755914821896481684033769924717188323836593730817673730823527704460473702869564357529172194085439040618730622479043280792999668884428235065078
5576282094121485067946626913861283993883461413403504003537266661151651527500393795172198188162053024754122153149279401840730586123099803243919314035372982134492439999509497881939959502244247881783518436617946978794848078175198903888296967512368040978167771908
3055378679802460031136599589721421681594925935467053752294830707164343020911061543190215700794003561810335419014614086947829773819222451938920691926230175127521351535988382327849330291827822378476938763564816965664396359427612582928882464686733187456570174486
1665923521411570738092228319779481746351472365391514538992572317981438795066717112811528814680159582097544147171752765173061841519994599097143514652542358959382268257941841326883370570670662595969601488430400430568693804713886553490664366234080365769568614052
903977663231551818787741470893709995379160419020923642775474629703725522118610390385324729437042972082553153837627126626457253552937672564718852149929716943715091726099634148563034739795540255978483144731868524700847447656563898293019730354718611342224799390
488219070767720105789646313788274160571964302682368541064481067237185521480057522273567618164613729847082632240393117913708604584201175301103199335866653623216253876677781735845025883616075344629440318001305005429406163335980778560291448454260896037628803530
262462254636990977096245405325015710481748261712383175322690587240829474345077346097641480671235802840568950408775661045685184320341662295354962322105840438044150520534795976347909739497936184479010929940272180209723393523197046854348348082247052273062116226
140460318263296275012668657291195646699203605946525808128998725650277789603413303695976056080681408329660763224785342410723411094059531879312872366301076488713865728979157691361408664528008031330785803259506017529145695409820020254739182134294859465616383400
74836536545578162045752549433573527534741124911374555272997600349194194398439823490552533570405984121532331643335559728026598278345728891458819952064469889784864294766991095126782105587929930956003970350490208265815342433047055209037594480192632242439172578
39699451083450853034590180144782207479661750330871813607479414489118431720435122785376993064956016670167278631472028846668771110800581667118680361082201395290828711231911992758454872249477598583352388813871254831326034556465016648235096693004914626845931228
20970205350420743717854783044955584391008455334857681277091300730283477654876709278837577450328255887032941954393239299224109184259199176753929006644358887423387484125002705521969834678615984446496032285354566537980637378439850089735592568742028989090944886
11030719493479529048629971987011506395281003190440108529618836475840077621378373501343549853014450481434108273666001377819130059886279982131243156358810022039206438144736112698078245833718124349759164727258291591195659055193167019541424166852730014482762406
5778600428424064242209900686353439775507371464907923980345513355776441222161727357997307537859386416607021259616140697799793002545512775592497168769653792276849014142627909761822853588092038423533940950452716780187496341334740056247945933641436477248593954
3015039106431816318673468812910683525632997140041942431056637245990385110529875223741076896627948496447861736554198795874723816041346870714022116958812148964345185709350098046903108388608476755171245667093033440246502700275076044803480051744387029446303764
1566922845230499920654564039396175044431284642370793810631107859906795687945858698457860957499989112687119543352883291734198276406425249010925102959481501314665227448249362181764959861106021825909945421519516892345004938433798054972751749282880329033973912
811182786376497118376044793124471523386346990875808531437631870241424839923275748844910408820620490382699795152341365551881072078492486762871052348296309756095937566453926691069382675055346497183272068402996500927606110120120548406123939532491236247075128
418347848014753022990083951754639606437569913456745384699001120957820506098618504632068668246306289948300587086645115273395363616760787269326828063890372991887582033722623996568471131781605640154115297255628250283539137157975393590472765379920640749916622
214948540760212716934969855496476804020637826250475145325133465783551751568469208647970690460618507155499097547449232798631151410652635862835346476529983573554897870395900374040304505506151022760974304677422528426226001865952316986197883959917962630378538
110037137603723545561919849968273411172644376479833026135327118193113122739285579073630362168470339902463105711487724770078527761238676587312063048457838833823733898842270799451093266670850762940377612402967588578294248235274756649902125655541826109888426
56128160416169780867784530247043481593430802897439430961518825879935449122198999755943556771628677776157544087548055920283106679793988594624821998951665294999544700649386672326463528167270609355119605670562803770228110896564951717354599298580747497055842
28529046702484819076483938224625764555694164306529038442163987502613352432586184787145317460484904965454423056228348048227447009729178967683435634113750161672798872463593527437792615610112722544433068363087467902154646328330922116925885142297652065123928
14450607808474668617708767271935579688735549682887852267733521708015145409513360346745099468672300630483789991792116868583924902933098306297814359497488138086865462725991904815773186455301917896006406181374004187301313357611888340811092862068025218080154
7294644924504667344880656281213566802304423354110994718882028811960296893694468580024241451911281603873256143732658726884764568887958913190127802323241188239899418119960225807173790590309570655456715892319579745146977595747080243081355763844127771368870
3670012150222665951160555779963228201232943562716337087540255657582732682271737370118953335753333839768573189228778403551532215562936585087942891400321484081988440920832212746355528759174458468363813889704913478328193167807305659974874976934486018740632
1840355031125834828591248247670397562385951206753206280878421419685338444287967003852748038007544526964262299890991047770313906069080324884439287078563900812750780215967245890585976983611063105626927031401113814506124932178052071378609377872346512837210
919880302897883996131808151007204116131782295781541407681016796377548243455251566622290953758977453392343385173535553488724780038157056395882294577131731415233217437273470186542329330291143942224724728702643532295750749106787708674199362434670986687958
458332694789609547382710401409692321866701898331337054992703352391532970303196746872644359217075320086678131207961681502492089035406084852458962616664156610012559465286425328606632595870690292367026498286765784166777357849884014586422243467332978822144
227653215349650735380404383951476643512690805095398863423242685065771370609359622761485971032985341568992478231477282532336362298650004663095751263671096017158562594604746263916327396905767319564564931035126016991575133800871412733211512370839167043494
112728365477883042059102917179127699668232290573580245766007978619529049278912518430296886703028191979731490079468030668759358840568063114783500523213140845112108636025963115207052009324085206298097510638160644504795076178649413669831557164416034172636
55652102851679686709391086940288193356711620649652947054141044207863559538579334204114343917583402280899007949612703114205660574171091892176499937649187426643814592065548573869641530280274101284145124261230921344748622833217609141292169319727492737918
27393077489997837554508371703907324004771805351148665978759869608787110074285120175966390422249902377235952770666743208365865886223471864998003230131172206286783352262256833583841222153160738371956255827348194942180381570029897903725145192068511212554
13444119051052923759047143796778642745329759047544802344091856032626230126647840260494925102139505249386361546187599195799032846731368629947299108340886324931235919326686905250095821084387159762053946240449910134838051308306440717089804660838132768334
6579259748309385309619553485535059821241267711611427139802544091866153294336742210390350431676949737217172236492120578848563673238916431743132365834601423149561659934775002254093128108248311124021300043060503197239178774965078027055997782427849560128
3210666944420526458439704576937860529903086417411815972941560678583709675333510170855868247217471080111700948113724013806195171914360069211698098480191461383593834395721140572872455849793715740099994472045894498857877191739491582485517804439049538428
1562452836394555708667118281213295028863258816745815896525826101131451860640866632151609759652638099522564240262465800798694183241621787605676092838710126582401165426157626669071419242636439663631623913334398538987746295636124750322251217487610733554
758283200297758175530817106551803531571490864322859194918658432287934539010222086470692635338225694717037397381516409332720537747893668047548270257203643368886393172761872934564620523830011548768038206599080543825380874534191295774061590973402238232
367018344211980682821003969621911859677663046953045634102620940392045917811604842209743532779558770341263030026168021564247338692884728788764516316828836580085619375086475880960240071178538952666595064006116017441423892720360173618692132323585071414
177171737427732158577852686592329855409426053083744776268839488661188333931082374393588008756681247887133297678716878832585749723640478494164981556834829249463536022713343157699508053712618116592343612093861508187539688798633402467111774832213440772
85304026970352911006200994518762951687322486788218820482605215668721536198566308006067685118079147158244104796768297442634521810814692886493271106859251296416365299864394872976074910857560194070675835554938207754983419850564692048992314340755928040
40966673432649549179117656585563164747591383884356898266653956893791016316040267504816053968442612734623656627699136969909080408423185484707318958826029508782518793558243881922798375877797685031588458211785041916117039482868504585130731951403272218
19624346052283556504305130370964025569699935532875618231881837530982673105716556628280474470577582916054091146338045968772093827116045602660723225578151615084422167417181555694886854989077855884879690780694403959010413904873127658370205891045102814
9377344399469108628563945390100675703650792411747375946995537487553412047080091703930802659551466799056543269344641010422123233206523640668940883972564931265717900669510448319127969660783401785188905630980262078137169269655219616724471100672374650
4469934753801299701459726098188214411472194671621134766763830583815205046098501711460739715876143311968793220978918934987001607830687510441461899237501805026482912613616365398536838179772036811543841183992028869147235730857274842863576510582483316
2125569132235288234703102697511719726878788884535171316369727517378847124244703797619278110070049970779584309802020949269180326749716966022925272784813443064985489009926183323905062931640940991907448470281303132261452360080783162900332632809845842
1008364950305695583121156559527826690408655952979017401640796003748291409032537555268427880290531181965432766763403679116523414338272008713755774399166470345034916825505303252882884931548549877349450974642567259374970978609439668527012797413835790
477247951372654824686711466470832274172685601416252421971069063040203256327159355208228205912792498118289797872885638593584834917342083234696591018780974180845095113112598126306127013376008664183723125315273720731522796077076315282913570959509860
225356064690012990802682149713293739687402387688401765197164920252238599028638233165395124862726136874153248584016001530231337972320048393216034779905358240343811168667277117719301502773516721094465890384354588750772991367924205943811948745487592
106171501554292195972866515928985484188756349331716952395189846542736335539485118999919568565105365736131150164087156187974655020926657900730771877644646963344681260474701844232438706057496580426988384015978894854651175086129365123027117068145318
49908504922191163401859569048406954937152628377740174907780619600885637606281163042036588073763237366562449082440801925013427342861423142380527650358763387360835029945781179998311305979113596907085527573709129860263986633844804545957465973897350
23409012498183341573817641014235480670951210341488541823585268727296194776540011712780141035987201712678290354702303530817280751134413281178105728270377932868191175326340635507042297304598183517796165518636309533551582359791175317016584690078336
10955880632031885344492708887188440219543799701876042453935556541944979719598505623600232771583480714158843985864155386941134593622341632295033504760406882780869760398873690844421017957698279858468151978424210978303996726384511512204896767857138
5116589636121809872883401327701819079300716789732646247284814180281747846285342957807511014158593922342322100935575169493434482601207933462775513018944951235831327101927553136878364824607612246758660453811267080767116097952700307214368141070202
2384493361763028983835265130516369167110804814077727068687295346418470421496996764708425807555776638170505747335184000017315429157561047994662163393232606415204464934714262170831271108243643486792459002859435111396353013133400772942687474065942
1108936655934693640711401777389314421275069676942771200445430893375678027964550009416439894846623691119386286759687973553113611395479982803703982638827410548756543682181751041164888621831352784896795664792902353996389770241000389260248425338594
514665467721391508620158722175582081431772572550897188070385955046009303782731120748568947174371553523107390538079320202765912082357630680840041815980661779577208264185291867364405145433224063017195038696082120411332459602319659860794193332184
238376422150088422355009938502938684109194833465784745262405496505841929348548904321183324123843653294815622907363609401605744491181980321622082512386119103064634530629770675307933408695862442425843051199294038649704300180222067744471447042126
110187819344466909666483392946985483013394405935138772313520579383114498732818485231203862199668166773504449052147799284182837105776593470859876976874513144050791227253802226595356002438844181380079322202160715508679234691278863690636238249988
50833228666313320463890773823779476859061930195067328713890042102060239684694821551498427995010166576101391814925462420510223647497147050415156220524201406176820706696860187572749585784360744462670369048111566321283959795087051427440888675552
23405458840719282676357922657090393378884170983536285672478519584199362965970287651291592628953886210644103606086673688369129103284459303467445070107878552342869473906426316555672538270485873458420255388460574201483205316287175924105066902050
10756061676862711182935223955476607253413350070973847666642565400713493603658078224822839067338927898558377881385906123910499851068762662362808664381197506491897607706538220447130388780820983831614056434153281552866335825142110499236222947660
4933636336720716140371277158141172689204599487278364257192335087344269286891217600757705436502833605586274906355396027029322714670444221750044750378737976546917914343572766054196666222940194048865748916302166499093619245338667961814284146486
2258757184610776650118020861510382737028114995674050513497766931124543963035311196713610736149647578191988663669066110083579434524599978980057086671590017304078929735085424010340482651282229709319851439136679307484278628370273427533671785484
1032217306801121038720708316790371074137881098636197431607687762534482090454415031210629066651119086702058523974848607234217000581227807335206633751951382209337371737961935623182136188963443247748424559184834068887532625305823325013104970992
470849701072757196742092145425511568897774396990857819114130552881648986858898361638901005513535866914923514312503178146567322850769763351909785400429653027902558661816551711950332457763609183619188971607695265683096023224155742854610018596
214394292512009668140769976654504685914028521693458714701624722813722581817929018514288544468345434721035678486949823770450539292185267737605903263391329740078917291815169146123778434313696777415961363891462004813791701298755411852733468434
97448212432895142196368392839027103603417320054772171870363901977461665388416030830641151575551846899748262646269379819207630725106856162174655885403283209760330502151606608361039947947129807562283194426849689188718893259771747697107960258
44215449943001220026353803290511871024430849363448258063362839126423604564495504788176123944389343809342730414222805081207261697941493890661512310782413981152268447158498651270396063797228304321885344656928471359152665828696527817754410042
20027342150415340186698339794686081227394713730794335846371114183922527228338604597599776845356219178703975795949634057944558221879366458469889623172078822011928377975958962911334741752120466739003345970669692080355445859614697469531084786
9055888658149488449536649341956918959724721598021299399164313837762982852717528729713314163539217287605170473991122952010256838545769341804859014152182946031344973903020620029882649201442754891121760599041242982163909879940428946404852320
4087958937725360638203010785852871128897905955802141588084655049247299003479908124906328383755763219687061717050822013769186347216655820966756184513057559846683868401603040639855963336075160386042969261079794835891361051502618863766680330
1842292964236455272095695091220131869794990965936359072263944838784857796219505986791919376778048513339405579329385444079565247427033143935885596698702483314293495357349603641507602540280649558800205263355909299712410108991500151767219900
828889099229667041936715340637780812903970395388818184155483752522066299984594927879095008148493103759407988153033836360893453846311155422755754249878732059497461973262376211012830343908362206824964651768512565414656348588546593782292520
372330320858594745358867711852612619942140822423990755756602812977141733909156542554644886649436263576504864914246489811223053339187523467795553688385214264823132474491728848497368881262331907636035676061572970829403531685112033491945602
166979490027451279183102071627747027144107673582089974351446755273290460484261552068394891731749546601793884315469939390844024147986833901971843601494818921551834316144621787671717414007515330954701718249779084411503541725110651056159312
74766826888418686685592868557366317930955182670170713534640646101206291980363807720265437074829317618179498779168487893300342193576535817937420547441251536261715748948021505817868743900747105442003622455541921212189534786964363831976554
33425202464398097558545299928009580964359769431647639879791809845628056038316454138134723951675062917578463005765857401399330247472385435012823346133947826102589041186836984849912825469429311792001317126815805946260093729889875037272248
14919918474596454498043740839361598732146622209498449692036689219512211242130496752731670787411161383460202241212462614710405882558816894751597375399086597640431185304893656273045235902869290874026487909577490769254134502531174201259868
6649577266146118173266018296520996468529545834236842992093918931899437219896962467450197349456212970223413828289612962856727585736282151245764155232106687289574114079208111030169829894587380635320403496021603184701795423508565184532480
2959133339863255432398285398145877175534698870933157379234809295244876396155078638818214565495457786149603480191654520446696067909895045186928769884752372276020648343011961024903603685665255167596692815929367876132256947577662788615322
1314878211743748792319541646555212426381614312572897444757286193032939094586890366253962671099692439973959677922023652693567269585867194991064326497662570744241728921986755179784799222006178112518967303171262469837816855760656802592926
583397361892061724306636918860147857234358643669506120475464324186808105003431289813781785697575467147803414785775069396439302462263292562323893359631257284355875252359514895534057048561204644391669078154272501677551458584823663823552
258469103193493653480073957526432198588808058190037072448754046528016205499680675057642662457135888952868505398750451809140969869853131022901363980227614324190150568545735837232078903414575452230751922505745919419296075583319530676658
114347118348292073190015936223809530783527782402477984805447572983896275452699473824126887247091246076429203363076821964150069571841110578378926094174997359363338640937221068057393839077697814230272039110093133897689945161725661486306
50515105639180742574472516893561689525642049717000798573169161843799416307566908098353178823824564463069188245700068463365880070172276641906415747870297863869567436647618255895238961043235954619642881763103952524584663102649850867978
22284539812690872453863185064328479378737990009658295457552831617160382082612872853469402931531611033698009276374655582678074819386218139267767648036478263297380373986939644925005887066092257144748456280528890432341779029500808957586
9817009785650323145502640747187704923390881689700485413167238846203878285285063358986883273547755118727444372056251328120911651014313911924962058837635314500024971082120805523122143774690690965030571204753003357456963923970723018488
4318715450458619754609571167096083621319556710680236558636924454626876014281126604316390192561960887241284662994927134704734340207043817103102617464065181632586080764380654493354807056889218461681666561539142960072545280045943438256
1897301340875601862331776648920070514728821150435644857310900364248184383368867580164590208265475718888339083236509150787205755683419197505019995766457630860827112299367273767845789807272177015552032762999021839714143293868500771816
832397603226303406982687622455983184049679871616571193396667740582334834731184010488989576148735556574669579985822525454575939810346137537059802524175275529479733354475620639242130198317072361242516656633325415231161501454915053538
364707274625581249388875348632625260647901223585201413364890087321239522284321488374741724982316329588961909196998396013458131120191704776207423067925009476406571805720494607545831824095419073494099698414132600909121781219688522162
159581789458929164526246840577127237510098384770357655341955825573878463587387929089277439746616931672920256618016296269428070548096160240415696930359131777631392861093170250556733169102310264068623382290020838121141678437662840696
69735453292020699655343534073077888436529151186011649987001853470745711495546709153998234485999972984011794683030232614184141370045220973040680977648802816756173926646897399541187624606437080909912225092797958511172076560660316832
30434159022791953520966829634705593532548998191647405357222267764827524090757468485040901124850559482015539971572230262859402725293941630495532754829927971658917267521249610726019488972876675868575072790678592655384066352335862058
13265152450623492197499002248158564216195421692832455440609754297699515042617682830949974705821971342338411195235101846824747733149562093398710569948786461469431355826054040758438603245521570425912236389924868267484491783630074858
5774471329523449849909094375108852106270609636037913045066065166923852883373140526432807451830316236803529866129426434162189828471040740518241329716783230581646915171280739301505065788558320733386539789691104934612699643352900104
2510538808015976222554891169522650726168985617659821530408427816429089389968174968853851022569786019612469408084143593436420657357597811255669428140234528904180129793466968077595599620330040267718847321784596705112195308711329558
1090139206879616562441215639225089436354772036102994341795727681372105084920493424927555578695975418615611734173983299943084377786701721831931383170825441583882553718588641357845698605254442403208565431133389985421276525183485078
472784009884567588868540313086543084217257380183871555081738770271813494999826556443691425281182360603873654435438263828977542548602843975801658109944875464822948747634479441541612064286623015540626823689118687184733533270792132
204792853410472741872630485734377503747191144825255901866396729523798673116295937346913383698914155486276758961224245331298761224900674945596858092358157967974805855215118922736785086487265663039513422067439394366631593912268628
88601957561713295825930458861739492448314148295942565039077193845290417230666516451136122798815130277844174142330229257352964588447609766378867372292461398415527054357624660317873713780798191972663813301540250643958995832427440
38287195596927879337321750728882311208941765949263330670065727449036222929773203676152347745185234238900547608059881086907376065910823773308877551601789620034769003708389988428885926239880274809820050862171663884720285596652744
16525349226755387934114608434573639812064005914206983356365309923787918124754722151389385868078928126782156972547197673421776627654104632991485844973132807582730994631987078647342282944000936218734916514847238165993388286787916
7124257845924165918120579151853313365288635753158002999386395639198425444896125849691115579585108531538296594682799656280825937568476095180161198826139038618511374909432927465757224820241571363719497257590059936757554435267802
3067788873723069203510958153596837912151652654241437576792649791044397247347416234096848157831741923697738570833536111350642655682716518850291565516219927945731579130772259506032862403067536349357236326976963353797522688931116
1319511081391223511069725577763955622875356611119728775169894103330405546337989979227379221042163164459112822629206804942020007716190052078606729451164637714510882649799508301064727765069424392471242400538432988568582039141928
566900905481482567472259120196188332467989579506277785592582447833792974192666179034721705972192959243130371547534727079718091299661304009032332824694232243854462871093034661728888936385000634342677059432941125918989226901078
243283422184865783558771530561580791307613074006190013075623962532933445968391635845556787489549410795591471870346464737238623242534124324058084561999148525649338928100073327895536338153016375908698560229086385468292637969794
104287866712808984584998955489069592728371238797351981379250257214129329981283091158315488427323084654014674173898330074533423777603155555426935172575697865109911325356662918822364143504198430711754333038192216709116164219508
44655558284109366297044278548391668205004663442641899204325032726541915121856765772101970719730587904064778968188342077402835192714407092720859801377627709103533920662673798652571727930778085016360964781721264680419972122618
19100389858060605798196409332601140809267647026644833245640330770701771468283258587491262562926650664755439649229957203950069436513022824385155753811852566329282018090692710583425582904245400921537180183842110433842019289772
8160905217751393857954481332376116341858381866539702503637718707252516060861312946094172331834749927748898848459514944001794619600535878431452590228553950913854107892442044336871120779184527473423800708459359039812115173080
3483117973479551418270155227571649136501420764792496365144643584385380729041877400715200696200229837114333022271926645466031139036133493792598381813540963972603775014653782228860251692518311898875975079015564929996808691000
1485032876182035369527702214644737238451453773815492187553671259376716107239568047276618861580518960365802328411310031501365216776887853986387187101378938031879612625762888448518156832745147958465043481285699472596807695360
632479136144086978499960956973549083466677197716577142366871838463443837792469979937001649433003863525613362369287926479190482359923070704157844353151225024034011478373015233166612457487942301736941014382902951060162315456
269093211856632057760150128123174507952856331545642142061022395330107529234667493553154300819965723540638613896771601533655236253672345335622083526957343569261436638746231584981234659499146606190225987783877177449955415020
114369381021769171091509778434373529892437182864331474777797584783417183181026550716329923309324898528861516683281920785566869064271190404993021418848831043380316483330160664873838569958857414990314488060701338460353206342
48559176345529281696006307524154148941819868431421068538471191821073888692220933228428899664583440143044425732384542004929169876899484565987796343746268921769166369693621836951969608984776985173252645266348316922496028376
20596400401040184295615171689706930582019707848234179340357937827296994658829455280692318483442973267013380255047658108410998452155079623038285391374636581922621916247041922021924404781965260886514259024662584590248274086
8727175575934261319508546412925864608684117399507557167194459714780024413659443599925022816960403971425164620789106583477927349025318954575675323533855661910775371597827846742183839695805404840884997532688168015493691494
3694216238343501424491600120151754677814837632654559576661576710462228109722426924716143747924019027422459337441251776061463831245486533169723208441500037165203508130178472014760652076640628558592494735381431053977499348
1562215367918746591943351144297655045695945827665256106584182241029367921574084883770447477135204008848042966470913150565761664963112886812019813380220247615599961149344055805171540482492380870405798393750586188323541178
659983707790085759018117569206498321367918989163337824856825743853897156972407315553396668026839846804123514878329694764760432585845871463472331604943288304136326700308622869508744267708630537934338249833546958398377374
278549835664227665629433221191398284388540007158206932247087690052111362977628987269259383988628686094564715498111978745318031378325385883335927856656606694519690531576408535800869095553260925212842027159085370160773920
117450154453636571080755641704877521001995838579748947572383108694761222016000946017113958714175609735357129224216170054668021642211337894735552278352830297957395327083486870834493315279050967439803858994964952299498074
49475344674368637550994800687405683624617170607063403589801882487041660361748747661507112694895799732555726188345807847633561590184459199490276003021312494244550888015308240745569499811740893738641901234692051616447668
20821505044401922549105481428036540012655077252166993776502123099629007180447775266382125926122597044519645337834153322563344692757939961610302945564839037092056016605628478613964650563180114024527500753323416546057022
8754410625346319073434589136535959718369011268805393327319897853696939626056129068218440497388206459969282592521445527040315565586964100524103880595753471423789450440394935998761485653183089559371567523852073266033044
3677363934816587308216821865784749815423257175348002415602036190597713768753996681857662021471633298825962080513273381574452966065339711637024050140296519742143499436533845220485005920120776834633908149281775803442300
1543279420951895450350656995730070172142808138101388478291528770025197584612058181843179501477280612567043868398267360268170379857579945281468384878524651180239851136608037860854931711332206681950424668521233150463276
647074180094642960878128206427993062859163956881553009971350167920214667378828427796550638609811099071770122039035947421618419000112015695626243505421689489370951954739043036331336968604209564382038267202109507463160
271061838993754464854576168862526998121009413211111500550466103036787800995466186278454067409260035043245942448558284519164650770830305794679571858755249511682712342775416452878122760972946271264211407275965071373772
113446394411944946895100944735667022276620212898789361572886344695304750097939801178095160181278014702364526149729296342439015519971960811224891460661264396705975031565374979210637887143500325793335290775460828968970
47437760551668934705222833331485667717797958029097096320904848611869111699923689322700862063171564946114567970140141203325933933448704776722871579583277115503532277161717330543052162134051763468535138849551887262948
19818552620183062403487523726080323738768926533235053801262522118708636709835376047197346843521225465371859459969735239362257594699736283697179688543492687077164853980241223949573228800025464402071541418392448514418
8272504830748634451588550060090533070845318968753985581418861230353802474356716470610359429311680693588984633449918475709348702082002325284813495134343722891327839909231331918461151359091722604429103445495934358680
3450026934685270831082117145528736915401103997566711289885869051675669205344006050205512057786996743673973534590883118177169182549313205340424080286375006240177380572366151750918332549766208007962606440340488304816
1437577544421093037872433884474820181003295384997974525048788445618374552348730415603642501503394656317216967250309955814340645391549505899663514966186908930731059676045652045783823093869624761805734399911294396474
598503022593659452727213873814189321588962032761842731188931370751778503247110007261064963709656632655727241822099351470031021305509500330353264636040489972183241068533104124367539579856431504567950789232097225284
248960576895435792103038069707320579234352226101329210956902277134661589285286425258507595412063732922154812394154097448408906747026419955139886089444783058356592766038860281389675195279987174383868016507090217544
103472950393039880372674885369002490723939026419439597094775691336489913960309626515168147235931150954656328254187433967849871861903372253883469210575240825909167099062020362699329330428132496377712040777684562366
42969263682791833495895408385088099989030936317118118661738404588421914895877350333597281803581906151840062688950908231053510040804619598167720409685524381907855061170898166121071832850925960748562990539710182592
17828983788939114793040977969756915151211753910461891797428144630903438739890003803470561877241960472419554340589011036209077019366556037242866920430528641972226735206912704257096348966174559148990713301752529472
7391551371436839442238280631544740750878783764186178041583870463146421013945735737439816257770827945836211313827697821181432329570772447110769492044522676686510042539112911901064968678756268323996908601401082262
3061876246860878558244268893207930714059828946940776794028486089644648410752645781977894827569541462194827504617782863148721527219914269847262394819045487120333214333412323488678438407883616252693144884650599498
1267317254499035915973705077395385781287861726181798558345027121280912016138323725885173746383560971508538224434411912217576485265726831822711849053336030059781443470544232757130624632789511546627003547994387528
524120758074138982154230175208289485083724429691647283578568991802083934948405997573106529286307633294028734320305331437364102843028276102054876908157682210690347418476356302790114032107588325311559256851652182
216584939204161843265982824294769979528733776034738618897472120915419667556454589938597549741269471830067539896277104773671839901311418118132059482072401060042198628940087736725998193993139273746904368848167152
89429040852815165973790842115655099311838662855592688980794395505275066098056297865073801159168655297788658886105347937611567243454165231275257596969813463387314988904166943447466185183773709340974654382274472
36896470952570583437157748685815051682921379637257541525238932066310829787610380323822896842116826562344435057357168963494612157895577729193014223493077696200688488635795040250227082894454816338385858144861166
15210710405803757068730073237359684245563777160991032145902693911357653062993062059714300967787625927915852106145925931379983627102482158635497515673547519042564188951753003385676612161065675990083561281414714
6265778255654923577847770320706491661199634702590068001971088488725651094122607591311321617682514812518844964301039061723890460688571188163767155923542156741795383984964173927132425750779054972133630132171582
2579074022060151824339479237313151282188665496106137015505407376712206662311966339659771657522741306946545098829458225414362896014956924809699563257267074025736265924863476341618045207261729171129343738307064
1060762676143073106740875327788353736815326368523943718434081328881719490068356953274929507195162650303798160440779721925022228699996468570188383429922505395010089887696261017511761475566337475950882402128024
435953966726828289620437702941315862751168993270657787333048164952942747750957065313434505267958560160696497570205464364133084855326995277319556104844173851080747576855427534141307714345896091563630536761202
179033098336687456360617523568591707107950445224366507422629912517120155198683985235828396934567144279594219838744919361075028914689263541109738651863114575379885007734736864789238587119827056234740002737868
73468063263253542085080623264782661718378920825853131968006827911650519044491292654439280137193788244671302535527630450945038120559798728316875376812016180660093930642428660852259209816964613806592980095550
30125805847313632070232589814825454214810998058964915276440082642135652054022913072591070614057638376863710478868369461276745683752557685604328157704015587315806317151304927899875617565291266084559113035384
12343996502519696986209416097189338886097469255235973691109369627485874726719421609640103569510276353149807983772553331563225698136967748043470649210042411723337250409387957171522544464665558726248383823716
5054196590862255728786191174987022151405378906630629826408301571767304424616412777855819305337731176179240759930750871040485550045723940985387171526876379072026419630434206197739200646369622579904920112684
2067901520344983653277278141039391949431220525836392837346384527786568769939900534808166574905090096735638178939230004257156023747503247521751680290564715392899261692123227184853441655809179810150037739274
845456145567190687694134878801701858490986228479333554003387710851486217346274891724866314002110907201263063973587319872195919563031303111002184603428059152156936444337816096423488532358322831206646570100
345412404234969093863850699737927801420040618228764624875972094492916369709569100368075942816980011817657839397569202084118783096251472290308211164664912600324665966346883504168468850217296853182597553820
141017320368099470069466572020418874109726016547056499205644649871670350468678351855534311456050411067000796409867373643612080996541601216559528272472912903149627135389944506955840287886694785025700869376
57530310104550876918829899180376215116435411024953959634642561517341095367079400625209261052594245645434929099031545913417401100671323715039288402079329849587660474966478757688660570944359826184989872734
23453773058749430047605925315578772332243512481684161124260441739202832571237583022161558765500391885167171712436798939043511772176410881482524152302226754602306357455285983014140231226221627799072651736
9554818886410869556882255835199134469337610222220426149077923798772868515134292699661538609895499121372271207380490646844619770574633271862372063666421003303891352626255061388112196598210980152020530652
3889805639773346994351992964884859499659049489959401146946371515216420557827841478976016397702639572372623014011066504060634332709601934893983296935076621075877270921863135385396854020507873039788779682
1582453597151085000512415633949756702428035063462230670062637315442265181891484151646411413118097941811873709256730965744060959888741499428974419532459021207966347517018201541833279131655239772587861304
643329725526594218016154475944081643560401868993283849573293302992902923673112725405662379506835890972587276898490692002606069148469614331485924762865299592896112587998272111187939400287589066171964686
261359140777181666382418381703557413307198547415067723776935021453991203243739855221703794242842175378581010780356785890301388293242861571493439346125801505928317874872783287638816640281537378436530972
106107253031808478134100847171580769932541576121149129136967712440489761921116484077475575528415640956776185889548615204272918375725680705013124176483731803346277272261800969366964142490551546728565686
43048457045406296826735959755981379177510089208437909317067899873721951070065972201670027958294322488797767962976509206058743242943682238591547823503630648350435467949308846136253217789668359380235950
17453280296898376276439723088177037805999220245531510697785039853611582697950086120578052414568845644835111520764079176679511814633213514397252076948940703188733356167634228852380346221756007492586354
7071398012163902319419608289720623379044665836168185099393356689212318054992965471529128731361525911101723285398403883927927856897868321399546970763997362230980559187082995893825806087502631994767808
2863149417156132964348077314948052819658518431011545417065337619157710501957182101993978916968621049338307295842700067570666440868417495376409108045550355326729676971518898151620197272852213459768438
1158497229234477788753355383429264378064987817451773686084299204271122347520135926730290697518679827860974531792961206707769343156822590202291843850765739793548594554785498817646524378108451336821914
468446461729359919301541357020485873949692129908680773833682752045771094194659628324730290745876979691540063278811722694518609392956477461016846244361070394564280045682820902866587232624914369871262
189295636124376592828276340389155912903808250197346241669436547054800001939080129124745499004269269102713927598380044427297383916241850963360613068371990865203747507200924854299397342580979644926680
76443153327255858723947496931911866870438153067420791380081032811021301483681234746717752280312515745272080233417497837841494171745153631886636299662941507536228893394827487024621394603933511542222
30850030113453373626009732053058291062465228153378292990004048902118169076206921889111470665294390869120254625957086795778035504305953530748227290604247781372356721744077412989850132688176660672620
12442086934942412017354443867035644845844345399962338206583442528964339467294190580335131292819728353802991265651091217521829552971040154224307491442516342494779370188885782189556004437353820006078
5014794300553471941728779158305867303113623227541790113142130988817465031563984485615880188225818781111479858191934660136541566070587782271072770634488515215309598392963790589497785573823768340760
2019932514772011015960083143903138427174853610885517391568842537701179767321463355048372397887561998249539815144813824980747290878284952713796429145725361148041356241955404436370499098592855156550
813103839504459528947699280837995990177774931604808814312048898427626093754504336826776392866465034614352881643055165815076598115116213217524376960404167204892039271866546478340402157925452150654
327101194119926428049089501260357434640376953919647297094790845044078218094868705206484851630647634167134726537128649369962383409428976237116218191156827970241976431209891178973265813164857336092
131506356078849409744801198609766812602028442101486894176580112079715914207024038269201786691651663247799801763033128489124177892329421056178332985966830797465303561739138784083670743242490410446
52837391161525850835032968029064945862161483239110234818142254063744705418773463664235439990730729281501013949467540366472601046960880804518470685857960249542490393122862508710570396863964583978
21216194485259065715948570798080173950161270336174364574476424133968323901634639862374103383987207009057160243859148396830232143369993972562583106190927925232901103909050109302968172428832369866
8513861506789788243686251292673384390732110826366813044161087014464716775627306866695732477578708460017277500192516956613219575560993570612349699127664172290555896092551876472050916949098732590
3414444833273589030675085340749803956482981223065190821840578905580307633165873074415273801799933787986237440065456365402775295444127785634302100810283863457685677489143032439773592155371138972
1368514740689780932546910453269801276206929976762560002669357595306447306519687265656700302420172531022815513714319456951299595073455279032817293059340972227345137746223761598006045273250029086
548171100904010234302712398947727025588547783062128431753644638415062747383741154660280243414702806107891830199597955096121090258169704512464595809210023198222262406503219645111977823974311320
219442866802569928698137857036176361149227050651726856004687134036490265211852016448293769221809408913995771605943530844678485084612016263766176752184492624713261780290034289314627610638089358
87794408365807288031188522458882431035747715133009665095347027459527761405283394029802444981479022712245705096330717020240822549342643926332033577048031354410442781658556197083484588165757840
35103762206599752575933298379821340856376329319400380453005441323029139713873573050496719067568859684999477736693660261825262931590772836382133308920638685193287053664951103777421714555501384
14027595569470840799088189772578085686723589495050122705470093238146687588344280547965081928438542209459607477673591017453028393119957704305075580693961564477335251611017975599032173260764068
5602177973400834574363832879064215405991210244533895745103839863225776688788416012383312502692745257942622001075391039357223636095094689137733422896047023503545046659067678733510263829605436
2236021482621438793075968214613015591389475206022455693607858511315133288238773025633221841679623702135863922199970213190662460175143450481928353948894314147652723976071245280643707417908160
891952529062882012908649027354523079512487273869776019066850425429963050408939336638125222897833268451468879349810558733317323926501768337531665599422018939360147006459714225568930983973758
355594871197734771784724417925917786078354723581437287986997312542405652215094911952106350258231663347504879654523564822466338494503210242457508229613789418808951219119955192478484930872546
141683238564365981573725479840489593471360858170023474413207594143035028679139347806904697482534431678132656455743756519946856923033920709519541849687848366596415336553658545343197900791154
56419852667443636421042519279406738471085221686673790052005128537402522338109836520281479705288525133397008363586975939467892211708320614078465952544854819997074542825405291606512190443404
22454176689070239938475249225529223737051301283049346144861667698617661988249920694552604793704956030522416800381204525936502017168142277991342701568161557701287527194873932919514266373268
8931311850747517009558301358059797729370540575233837142872437523678764726614207878135378519423988710244744229299759150224827675527854489016178445131678224584947692186879568788144156748976
3550483514978008902250607834368545238173829227804460188147575939817495252952771685159792479908088034597004332821258200299412960868333688298100849065893435581030925807838658630816938648696
1410636314660226091535718901352668436561425867783461630245684608758697733937564946989881410829720159086582827700528531168677000690429156037537322463533009116988017964726251572038762149194
560143241542918138299701019297238153999998039410291127596105318976322897779092956656322356831361182622127440328185498150062867527161573777245091245192494053392417533806986536812704840306
222300671980865341627055331579527135907673000608483828782437617199070457252069571281047047156100035240291829803407038446849808935420514336609430237958964874883584306605630170948879007226
88174138361961932732992598960292003774877160214606052152473661263637301780624038950728022316173797211831531582270332770871394068714919263036166061242575790738007456838063658099998435824
34954377447997870429673715685248767148232266230146434838182054478297508203636859333167087622740829657083684225169669443560367045663250879143498370256340465841630098319298343469455183134
13849143874636024626300194885034105320481125941096463544518479383714127464649273052413414622498440772208310119016083268006427123531425150083351957728708265572792047101352120235500324230
5484112898990215942676735043718865080837346388898104259867140041120120726218918171922318053253688513008206625339845916755742445940984429215462899161528823438072843018206481350420337532
2170466229154770275743224819925259681542484768109727664343938885910902644709799482791815620955633202615402709071458708472023079823852243116724161489678907039343291661437388263757097394
858546720217466295300736829217927262224213349653495854094117701010697669429978630558113685914264295815476151020985966308622717559978122666210828348899278071714296172873209890867697874
339422121047700617399975283206575556343776296999813934007306930748565786278256552476288526711190174432614536479975324697025174074820227490468397836610736233349556297223937994805202680
134116651741872587349462068841930457341309775684742917478825475794001555709339255184455900189518323326716646034548603388050422097225539003479325957278629632719687377580473016332540632
52965446766276208269185984039880523602489757858037565030595512293706306664112042919739096367940241010354753622982486317558408483206923688641371870298743053027703911814118016515963854
20906001130067934826223280348858636568711414427167933813152109478796945297728592026585653202143635723409136575147655803763912407923744147684211122661832604980824761194256691170836886
8247431040805313403708715609988776857964420641874768051854137473560838584945781392723896704644022169234335023393622680462902738543276331719837265739173471596583105109820223129040410
3251897131336702932732513129705412290404292740610545383148642548674795323637227154202399217832397279400698563958455482188856422225224178673125875275169283822304253513306408676922946
1281522581893001861449111235241915014812225970613068436752472849159942614520330421178967679123467437640791902857320153620059886825623977766052255197563937633432035885858899840803768
504763623945971496121941631003873365452494107205674953250436528480197113949428351090302393427790351241741135367100164894347069808544145616040241529781145461699583809045442359827262
198711549089150337607995341004534907133683238941688205572989234996678006279559049203544045380131553495274859000183951324453201702534338955566953003155703163876886504622697157407702
78186609359339488170425488922070787410365129025347477029585841058103454968075146150028483982666575590860871105257192800757556215734100588051953416356139809826728388845719927967670
30747994105431741473912610019125667773188960845278522869669097285006567845827059083893148762703368256772791366604476722777792711997741798415851330750542489387019094560260418184554
12085851431180268778271596950444036751879343118914871420361211782962841982654594925309514785824056702835336423877802884911349449189865907345085578011925966198352737678705713614082
4748043279898520800014471681008538241884942712769545925996242832074655748710635881850463142781610434377444259678861130307629733389177261759556970757532484132007747128069246624368
1864360673861558953426057995573223853750335603715358082601168737073370278083002963091439098014914655198275343478434787287591848995460821910490117876953902624904663901448968681504
731684616418761021650833839791070645983155672785880729715595285330110982629739691590029868138871597090993142684011959075231546498845373494288820615311728240943359447131395703774
287010317365369612576341512002989332643765417108963560780772556743478928995254955264303944338352251655989932375180334407066559678188658407056380683718461652454713387833863828270
112525653669514498164136578772071936502145174991058603595846354013490838716640115690163671030954120642798153227008921313211713187840093817087706176052206122076038335057353136736
44094749144813910598841058517572553833308548493775289121726745991029278912522172834431170673944277948916601326990645135336291771661396873354586945950912218414995952009328514082
17270477234853581850031153207932673402260559655828017145979816275377535464306112387333932496032020818472210498991179525190986035267263827516386828009627129545819950034665342738
6760903775174628607359945289858489679175412703694224661384183686321224249648129317582681801483346437916894448625691687020802755161676355410103309282380133669565899616638389006
2645385310314842496484264544783917469831469746314853034396918853135174566646996847084529287166765315011824180993362624701411314020082689786492481277413709004447456984318698358
1034564777771269375248836603385418690762541272933065794709148035290958416836183220222809079734451253113928514916630477571676436021694086886523892433160546483170041848133591418
404400607129310549245878771352659802670285778498756089801268323734566747572636784547348153746439628198168557748614799866460750462840990667158956738091665460593793040737584098
157998167274742458455616715668003685104916859354341533639511220197900633761666856938306867064540473575404756174995422953687603617778237043800918087624071261045875023768805892
61699154114530278987263541827385718031451854546149425529060782399034751502851191535456961290339834121696308050850797702224500282003587808750982232845846530234748783934816278
24082082553571406749597858689161342036668801110512324866767375209708281531762696162984574486487756724489244079891450128288813626382825082583850557890966931409766715385202348
9395010972290664284375156465127160508357725815934458883078285463278411579129153016279412248570813208416080862987486887180877425056806808981503394456166967998296486002873688
3663445221891813467538627972812249714820603867530205728878281866952263615999806491555152004393169052989990133217027366312254346131696506444696543887404882550625888165459524
1427815202756827498074492768792756397201823762523469189450224402896981048179621545237491509714184080160141595289267980015225117044993938755393812555313633642183189999487488
556217835466723164204196633993386688771599382427381489974222330836545136939414432701891077790246002957838276779998262749077412882969409890493704943261434297912292735420002
216575406704322213106944923346002665283038246370204358001488729673036854704018284246457677186875062899053755115934830822841219474489595958682151900593748834634798219362406
84287929563676800060273915987895619551849066938988735484789966422028838903135973974917057443293365090596004088044775023209228849307002163699027829041973133575121799159352
32787955997876128134287717340143535221902981846141954238519817290038722825242218375831841947437895524794876527557094823595445108590992533753432590995833935136854447333768
12748429674002515568445902523127057629609605087082509888528171267206273457090022768818272746812618374517129890609534284345303564167413201554937497433879078502656651220406
4954423246202289055855980065671383254909295495266383164084146521497884696176240602953480425229827454122545119288515955936749004419533535794054508864658337717324143431092
1924528038056776650742618307244099082592160744303237598655866191073089581077341844138650896142660505448160469775214474085322356871880452225117075120011719249296125662324
747223908862156883594384586649483016731869651438836649721355569561868119085862665677404009485150447952432871871142975297780032256318116375022690464425313195768557965888
289983508166014325103043816435558655622159577416901811863450689524515219365557395914486260744636391403363378725630058431032847535922781469982148552626847789507254533512
112484452244099474241608773215427150507514296625237267055518231001989301652327341861111112648594512796243082110407245664356006266767674631902752107122241829186189301670
43612298948174180670763741798082312909743024838353175769586824866570289142091342691416280611241684670949365646062739507884329482000159555650774963128084132048236880336
16901426629692707776872312531515122659997036893255123190677497010670598343461623978001947096437387314459594513640502884886818847150230466376277611367437578432049408454
6546908307261970707602105275216618645108378467511372549329947172627993461574872952461590563379338419131813676884532124423885126792021793922608868015199085415927740632
2534826635963084781222502549011522212121811844207001974479338098220125779303958540864937328417261997603687993256529246546351207824287462112035046391064140173064166880
980979577767419878627428276186885815544662258552933267188562403101675859063436658483518056183989159639657829691064675296659031495181539607545646926735582695378135204
379465199749978345415846257023193290337384587798845104703235736019159030407632853777584026544260386127024878307628698784979930617919184608744763021215250509289903418
146718472785174472942343478986738439481829180485690417392283100636905347966582901464059406157214517476414098299063359356084889874244956348691391635872144273678560904
56702089666237917966760270869747246835748487178211442044270171216488802485063574613082101284345607168441353800736252314997297349637629291541470354512612818258812588
21903590464576137669014220844813802544479417255829160750275539709282824442438769260997874655039244488824772093533097639142339573891671541080766137805848714696713478
8457345750550930586277909216196262810782714892002938343450285664383226325803781518343394449570685827078124421441961721136228592391706989320777346512069478931811012
3264043437524368362477799064250864431209302660497655475288860089970562350241577865834956331208994437777788395647443551150648689958641194225412400543045651894846106
1259161323331561079600800924684773521303502043395317796381356598398953624629117864821705212672183596024975500127202123861429308665768790848199806394743521796978490
485524273507268558868924867642774667411695702239357680092351485882740703555969995151542302325283080125015337609481297426986385264693800437432900396229918114855440
187130751345877495230436755133663632042683245735324319777138342899769420664945366000910561703895286228611541367976722338461616800207539461878793196744983814155470
72091577114856832327611061933690381976215557919912495625323742435060190299874624715899898739945267117099118986258035487441021508856624984713891799130575462096692
27760644406545403414786192607417907960713196720738091390513813615680008276751727017503850109319284215533898957346963615849809208598942897235271438965477509225274
10685151988294738890847698981686742498777951939639309495560745508058421888041476941402424213906673208034410966110453371163226224085319739481649281731725056695376
4110914972090996521581447855217829871504527022818772870516797745455263453957972617528953180018507029226627836012653172831795527670068834810448614179418228715392
1580896328116761488531620907595634029644210696716819971825680758970533720645268684987639458068183030361575913333598497379872674230265261865082757042413215467486
607681287775340534568373797495367255260393983896262997936647556806049772021202725713085273618132503889810193266991276144041380943001278044025809089839946430876
233483596366485971627927187776902696263292411512189174436371904306527758397475638827870759010172802958815579033282285167250487092923921838070699056180849054658
89669629951482491823090601457999135591930749313302159075566321212809849010432064851257863294505319259157384030103923887981978133602883401518719705013152418940
34422572274740352490617070122669424500244552639819216905657551918917423463533109671192239942964678558020177234349995827874650388554169955958251048377765235950
13208413079602224200080253791739429394838525422530610913570583626773017196267733980011525920938760246355215805246669543370946327679454355148357291491767476526
5066030219316543802646458279558877661841669729431502874132753600961678573886253665039359264299772994552611939806165743920578627849641725557048407630874848308
1942205348640691986299782485873796365763885502817674110874332871635575561946258308065662222826826493039321620623482805769642334670482252712603837229093764370
744274550917037639047330499280707648515078999915961934081078559249087114143490108508934923084810554730140248741092066039161365857437140639279677192078583906
285090179302277964608623488325095996977389499641603470210690801911589420164616760306669610722314081130091434040361155116935869528568380528142487768561814022
109154793480905653782242909645431713936975878283298994929287462615569332331784472311934075379939816842496785365487654003094486141613594445762099613041910988
41774881913933480416749945276912092764583689243230307428213420296482805403506065914718574351083696032058237736902889329482952951371056320230679762487812200
15980850988994404357577439682516443538951143197579709886941442476609013097025997990910923615198680946565452796481592495706399713047248325015446526253003638
6110787864101648574118631208468323289338828817926260697226462750438669299528603107139151884544007107522309147595548118512516705132804106904485323712881378
2335648700927983542380062000974604635687161545750627875562596086074126875313878605953322560517837843454186788181302588930471262001487906446846623866189844
892341752964680904476221025885442038280404342025681227686471874595291684833582807622032353536895477962409315101370078123890304612047880606705195128301566
340775720448603096087388276785438271340567842348630054114965998777229078640533778399500811291537058173146843110209384655046669537075156854509246931605584
130082887201304402296546024617331157048033343441598997577828045293067129155767359337632980426765535059877724054713803296884339717881754307620232792026882
49634783329252327150743857087227616657187914496857695778790077979113633179554178629485599088855574808867324412860868350129673873459111143203446093977224
18930708741128611144884979548792709057148521684294724100087373403969832552028862173688531350218726654332431769957606220013747645459051233053290573589172
7217100138533977609451338834964719097946294282678676655655534405125585204683155141193264597395656081814814363232231005797883322651951974479545161401054
2750261758632095436235154710669452362665362380019882952496501256714100302921552112482998954745677965964378450785557452707325940300509710501909848371196
1047613510922166325493623107831171299078226707691773404032579912427728544083940184506196447170462101663701016476483364317352583239524333394700379932746
398881805514943893801151650068508335885999619091492720103818052492825364708517410884410455209526791545519354361837059670091576650191734773565610929246
151811176423401444067527890031027920051035376524986776899260563838730190311746050052894055991873048042984005643832393271530046900805137105263478884186
57753717960723963811429350951886383660691563145684472251113335394985130577133578608433275555123362951099034078922281567052693363503513996616837743250
21962062681815554024184478142251770970419677941498980942955879199343194338374489785192084846518330927317614531824591308676821400905343189363660527300
8348021721034890605473938894607193787725946364403149011641721799490203182215302983500403594404163851321428369227049617041693900747596951609929980172
3171842103137882142371118959559793011315813751925746266957026804038574001039760499446957778152534320349211352631980322962385706408208727697839137144
1204640247395751083905891877611798202587507458352875982993797775496458198715761452772789166853188421895813185889324993824598752042302256994527983886
457321128470272094605887123256838476048282114362187169013627181254929614888704503438330201452056488005658816050060894687830701716188799243587590994
173541566661786284757304203198728297834853387877926479089497595579286458429366819913671187058413262731545572308242572896996786787295960369022860680
65827045947373093749002409525131289116217118784182657654274474007128301008536352998317916646293158871936535086176874469489087807067533688214567794
24958821353122417492078568462058144271970071422142159962817439353030432446314120065540725223313208342209395520716998627592814874504300503471394750
9459384427741552939906532846800217135059190217844288852851437993302877533404405118658207729513099239343728368679242013758341470643097860070376632
3583612240114539302564102608935188017661985862082671741137652056917739289902650642459143104403562400300924851110148756142473349084151706440182942
1357058938487397631960109084596000301074820893831025395535683124301576175670205933732895824181219257022194571430567512701738242397484499793269664
513684184989053112995068986008600140119562353465669849379153205040703403503796100175936993496294861301326219751324568258543167088767828053903736
194363040518052167481997806696206919015537316078914704075421563325367405727591865607767504525339747234348825851020217711962102171523119608422412
73510840572070783741905562342922489727792874409831191882850729855901831334484822880644990150407192488224967921017846789852880028634321501977836
27791341671292429017604160754620324227183034410343535531294919324640529919773052581575765707399809541601715129607739355486500889215320273294692
10502392802884300899224687603956253210902346863605187767853063406393218055195495015416795652709441477214038970282746015453877649016297765027654
3967233961744814547316317032257198570722211127820563047896992167401849550315013498632897774909800048872924981776510637524967104123159335948414
1497988112931159114457295782583773443471301377747906477406340551544851433850889131666434300088921011134249077442877716692773085663557976973518
565392573618564538273172021216816946185149274174248977259916368815332265190193561978832181008972642190257162958245494031438960939854971431744
213310967431806288094930258586252348289186113916439116231053884561218411609893874909917848730566192257057968410027475946991371889919529759804
80444765869816644832200292794231782227941110982571176194007020501711425969657635414596067297206699535797952745876650863439480190136613228780
30325228487371730686578732246587593798057568794721444789977927999118630100468948264115834721680572416357160590878107368865772054715223887184
11426999556736995402870733863915381961708248607635802938615749484125594758585271164445335523136113072144687693740633981977646928213972323650
4304099753766953046091472495372855890760908800525312711503632461065772795224916985609737331981886564172579076168887312571208702307787095960
1620520683447329084763468597279391539933982054161402948994224535086239864978498457430139581688104976302578894415520912790324954099713987406
609886610930970435986743929141770170646349882239938937306491093531699507423474292986354703895865629677134055489002652652942333387411327018
229438355954751780117934023648558800721744540631375781283579236999641469817195922474889379260899559784150988144358435947517192415085090914
86279073455583652030347456345392567312830184824476927366213366336691488962506646463100758126358786454976312569697518261453611927840124292
32431539925006037952905430712428495718492062918765881706575702727991435571980616244578401174244192299612364809126263667172412975464652360
12185754636767185214935859841104683945779029942377566476657015931757488719873086635714865716273537604593035191254020324583885242687170524
4576781259495000571056733594513644648110989063345570711313525128102066822198390989387581101984443532752055410601826596315137520145693964
1718267808115346369444834050015910351188283149242327155743661771512560504763399438137628329622758655034686228820900686899003872635906026
644829082290954023627913207986117446392809920501301230713527687748373646500518247921873535976417510745538199229050712677584950056884892
241892015859313447679169538469075202411357400418853039413193496001507241676186717883935342774053007844687358460449602196368770232518074
90703007979785583064231148774148444010308731921682104609498818352644044096091429073639857132537744955532756441052044239238295935743508
33997357460462476675635900394756981096191861834460703001744639293616800137441968267035744698261810282712692622182401009457807031305668
12737729464253147888512135932685420593803468949017535657672302508162428254182723077707108647314270656024564568295873773688842413488858
4770482779628958627199573929416460358859195790640860018540166970638197558103585881401693075512894413881679089830828257136544330774400
1785895966261945176245309509410842099515277075006058008554529954136224459237891709843935884290561978475073186729112154851708581560806
668303207726247882530867327995090625744140386312478727149862774001563126203325689839243118271268881564360539629730231114445036488086
249985343945547282096854142702285414776837923063848471172248301656277758900151232828347928043012674611294116552584952970917898210716
93471498228301564428843271044095890420218972452835297994085761373321183141020018101568810413416555579568418460508580041542868861324
34935547151747280659844327796832842486459789786662744631835537627471123539731486327549942933995870197379808574348350356905392874608
13052076588945520250288456226935810343309618298958442141700029224824717958468374125626269168187466016728061808408722785187354046574
4874335511571179034577075360088960450474703574970697422556777469479107527000778285178426960749411866494350689477769317616064299640
1819596044104206957612458706902706520314157028192111939959976956887689615949326662728188396867599865592936247210727391491446230240
678982089555863101274154290176661078591896623686882371472623093689936278454941917527427415200473007569398656332006674067258298518
253259314888016589007972145861221743912248732386791014932671804330682366361081648122147533215454100154763317391738655409719932306
94427025751687098001716850371268937973253766621403782969925398733698071054363507936109176919234643079432797914317129459797948168
35192568108044297809354130587195104498718411824114449808701564091928556959052972812427577260116539990474786674250653567360067552
13110805116723030712892481699773940400741416516091186142741415733862457444451952559611835990847677388535213962192959047499744102
4882379096320935978822151766239874407243843615526233810015244114449239644528324843994565933031817344753065756332464726361748326
1817428528144498325259853007950724580041246232774859531394423133507442021961375288344732378805613033130444739172222571324897554
676249349124467124693966206075865958584595208003774794901431221623387232271189147330898920305171463714217708428212838041614106
251524339485937109235820910795039619540449590354309453901427473232392668974797313352534288767292643583807106965605486952534096
93514028815325397548692135298065966604888045534262335220295962990661536747086025209971385064147379655964486344458706337987240
34753381011852611300291041583072328051627724071449664282567568558395713981809904613910294552172221541890508912785463419301622
12910434001253833554120465844330786547476598663017515601375534531991678582107333553083528920501617593021054888273893251858772
4794110561766373082890611752836972080491011056742094285983912974150103529632868194828779481508678231440592103756193075299564
1779502503195636110650981430724344886649447132578499912822503413017114358567692679778196604916446338047499829879165567453736
660256126222038313258596689015154014378226683734705680678927373065904884537903042519892832990761709509759277476911434989188
244877832420165251910858618875694652687349782431676013633052527247404231611855374224209406204726747693766415859239068048930
90784062580684423093388724799864815636126037296726667521997066989145744545759078982210765224522432896396805910751058345348
33642849142501561776298121671850507450071782090814354394966479000177631178280499504980049673568099350811910165107656308052
12462318182909372919905824735883152513392785442943490032622776144706134338613024785407649709475898552942915788840271061368
4614532480950769259510473338337707742107987217558611614685270846223080157858431028397697523715652376766919731302571145750
1707966192528594917972081335363731546634930140462406989243655390969183056018239581202642186697649150444812981267211636158
631907344325684627957699360399135811753441368055447403589967536543560213867424405909227731745049806109317641515540981910
233695300478947188327948721772046119286386937374349454882008299028364049836861386365099718613844595647997097793856749592
86391072256961506488038348715927793954717222874064925287682401688210630433080810151098889255722699384020619548461193432
31923457267498941756663676260719346772063024203387580432015394479935876280201184095725348099851779422739926409599311856
11791606969706865438571195668492387119011720767432343291432767444796430473865857070197346267837598953456739534286619160
4353694386233724825533683581249037737816115112865534894299921034640999789886200669362278123520141510684333872473781466
1606810246351687642917121962057734763319819695006660757422326010433442552305230297888591287009370560385944017552978590
592778967322944160889534976065365935555299274376278965065357682098426987772206270478759890723034094291060378876925728
218596068032832532793562301394801210958268986795536624797959739701070915320871037625065831043354393285607369156475130
80577370663194677956095787553831895814135179301212533305351210262798757607523926195159273143804087589414349456518794
29689633438334158230109805067859280944936485265481273506045443436776193034518320274427116086001122178325869038927132
10934964635782456864155475644628136559593886455469537455307935906046970235111074667592484118381467093580440143250884
4025784576232153865866091118616242056700787138077005439852580019163188693677732199679178649278040688832309663259202
1481508246537456178433198198042585551234408597725648230007690420498685488630654563692722191599774583199617836284078
544976520526175365122054353792125365811868941758924602272476454499034539454292850984223260582436964036235218276032
200387886237162966597025371624431630073831073462664476289635514541572680417218498978312232160346991213139514327378
73652053560819757044609262258100057378598887168703402655701856122636319156134267426802995383239933742566243418964
27059373833861734988156837366583557161676659402461423324390299090030320302094724925336673891131336094433372618292
9937333526630801819651697971585372722027736081021767273324016289695575569106249133626966809015263607967328556438
3647883660144848183758581068364534974781020327467928024003355829306513091445275241392197433191751595038598546318
1338538359666464650632111092502264990309174161225875499204836296560841856786530119907971267968385301803508650664
490952105221929588611976870569417627870112664852970890558211119521959967229888986968702762950812960940784244336
179997146159936050704450681494009962536513312819342848800581264895714824670402783407833171959635101702361651396
65964460951461299398452270857339117387328998053115031605951333814165701051863915236127273534072982626932241674
24164178309457168242376965800952309016870867801334250679198161879182006822439123775883995657920365471442045516
8848127325650919066102348531116268264280612015242201076339587157495290366717574854190014113795347023886095324
3238528383054454939704436232634382850601827073451038514584656285247020306065720390374050687957575683146923098
1184842845770808594620893152799849143308074445652036915607904496842140555364630410362716363361998104336445478
433301478469413324917893092954438274362125018749945996776944284343608287532462766201556135410592060862993428
158392874039245384200382775107465115610541404214033442755292146299960714190641616815238236207878949687761730
57875774752558310668661994909877143671640674799744969453681501726141417317881952582995892431999715649804666
21138460796316630027078178552392910056624661590839451344252788691174287663854629854690093140469216461794226
7717291668335737234305967448677954500652009900129622547340292591840465547905845988884933120153177496808870
2816249423267935455348961972541548093939984015775940422130979962209880073432476196824154011779823149972484
1027286531575950415774956757817830878700612596230985021791878121594583076662355568192665148627945044969122
374563944808887763643210513963003808953435701391201449172749896272340025569673273646070334170361614652854
136512951241056245061989519407945262580652879427719991717259662665259948760593855587489329514743222626778
49731877321243710978305903405823522650869763725020750199942048873823914680378465951927263863339179569490
18109587520310185398215340323761402695667676012088498597783406239265631067653243819949881459350325029986
6591656320272664416515023039030572906150454195511447620852753890713365904107163763605254526159029655544
2398238781996472550174696810861311203675236001213186437893854839857981490864781903594358272266214199266
872171163556146830603884844119926840544595962656448042824418095731954215008240407396664693824089044726
317045811034834568208896079229071335263999616497934961113532908557458319286174049401541475904635086372
115200100513875222387109361964225129513528469174783873496068179249902518365235811773758023377633339902
41840202571260357231562712767698581661203730377699340981780457407765394777864453575829758635612095926
15189529114364745872010282019406909747630390894916914061863646714936527816240354123440655317425449370
5511933565089892901539717877753854884191549520826459947583989973858625331118391694892310201580062712
1999273824510703833378200784988357067504091379790749046534662534313732186890939426515960231627570078
724850975620119857929302848893281231735091990261672568863631588555271932198835036629822763220516716
262683508317582367018686075528805796991629269865523687943937355486635810132331325768647414104935932
95153331991978536337089928756725803782217830332592877142553779136839219685331824596867475990506162
34452582040476209054541097517612000246015049770889453871795710409192827803181969847393942163601948
12468826793980040790915692042035851617212147148182863301367884454263435803134178755685848324195148
4510606061044897577489549490763668374612972257266693701592629703449386720395091486763613653829030
1630981874502761683072183092227921124237107185889908051925217802616572350330260407076092527943176
589478168981256840418799611948853129258560047176280948264350005848844184923698074996242941047442
212956102107021296446880821809528946570743749927063533802065247648578390842948544699215725794962
76898103492625609052784373853548181491060642252626609814076128652524549613075090753599063215570
27755160299447329133929171822429436720028765008032705515367389554749072806351639180798009648522
10013221052132280856301155040726022115756009355750291285615321047664353993889681432255393892654
3610814611791441288416371484267262734431049950461411593974841879962350516140793178301594533446
1301479288422381087359428134056679450899065780004694585804655572810491484088142764591835861826
468888261579680581356072428043080467549387795421084783420192184875769950162784254939423858550
168849906261715522430226160840152755136748225250496165779053217461371926216819800034002075686
60775840510246035639419365433801300179094904393841219508074602237868966353162731408759105220
21865485251170663607550675550159172324471344598831205967160894159051682759356325832970322444
7862932720220558080479748840888793270141631925970774535271878831082372832141663656935673026
2826223980967967085947328653840230136718240550138425183116058386994564518661844960144633806
1015370271225929414764919248863759691494814765396203996433561704104120341961871139098593028
364617422815590300615122896676142143733996626631904266363965536795073847297972315320206842
130871398022518647684862762615255316896233729039689255909659919524115686370664312188623320
46951086672328093808027625745058252786972778063165368996087111403598096207052108499702894
16836016923569989304192135109637715646967269452472210906724754750118680961227483107899720
6034274467781007547071895794671701868794992609883631583882207247943118250480416293277924
2161732519882664451528793140379927147412768734642740843771916068472140596486396989331754
774050355682736836005164678021421677485019653897111137689353224991078849189240618549068
277029485001794742114561275230622456610687388612313755032516801481507711036250259857934
99099494634209557185785871862015136419265190075363937588389015746892954516532348932468
35432735145640352265326992472462125232694553278972981311520303119896589232963669772428
12662656376130758372002281820821788813527676446333445160680597233926035743524599545116
4523045613176535236446341984047732725923638756788177416678989949182638779621777320982
1614812846134923851379470310936570411676592962653070448264473527285363568992654510246
576232262316055073179072816936362382304874833010162637613542231606493725932084512202
205520968488814660859132064789761336875536826690154202110770669384020329256800862690
73265063247779100193173984902365831700369030910334933702744835420821941339001044714
26104714980715489896321377346599196875947654309198604641934186597393553122849921394
9296537245216728812923004154772092617294441991313556403209430311277961224712507542
3309045044187081237249558930936592528654419606031025336818217199670354834584787890
1177232682750581978408998257593470872225138159298810861242153369234434362603723986
418599830590596646187317721554338058206533522160896684842651711575088215307870512
148768783784399166988133842079762995349980840535072764085454956756659357732505424
52844464941473674933074590377653561017743709560856430928493077005027174384897840
18761217008503927171846096930429931139273167118600273370818954336914840989229532
6657254804506519619433421478812499736938001060875369591113236947024030295505962
2361026514716034197631650054802876511116721940648487548870877853150723496795550
836906383240099094946206488359239211307385055372613076575571304529876131700104
296498176125632316634087423544591341525111373429626601741677652593140490294596
104986891837838389024299434093706675956588807862135184040776917398526948313236
37154788339416646760091534748544878089550897298760137077954631483023561483872
13141952616670088892548309535522227292997536626507592908829097421423962818426
4645891928826792833496094319662573956046740501900117846958193847201575244390
1641500785240604383678692052942212560745726639282201616866535936185070479906
579661601712875426060681016471124985119802762232622929158887364160735159828
204582297832932134317920646740056720478764781378741354322136140113383800830
72163944627761619400288625080520022154227586968984265930059780995282502942
25440740883590781904482188789875813988393346342553091871037324318637463078
8963860332117750822016636904914238322145215795566198205447211457369188152
3156565283074088039648007201635495401477364585018496272704284992724030372
1110931657838986368257720919091521983701055241700469037918395696775488730
390761041950793279147962662510346454998401487944796942246378557206830594
137367809061599492814139299833321815939918893248473575108219584498985042
48262175984751407947260144800248119862378156295198590829518590376308222
16946321030842172091702905094370977045684504366483459274030779573927450
5946876514540001592657796522714445551709217577317793280204673872235264
2085670500664555182191269568283948184368567025520345060534331394388592
731044909912663332780696130530363366822234620897602784814610495022778
256083890226198469591661859741582112817041088286071118838177903767630
89651700031696210295977729476233793111972895965815338536785613828810
31366861237696736715524158802193406239468741868289202510887162470524
10967761966542768284820630536317972142714596227491484544933298175060
3832635447638579633666584612221586940235365457760006102393179738606
1338466895249861076207424731207446923693094627671390049799218500974
467139325323095660674519056559644571256713644679875406894159210608
162934069529307850874627207554435426657322933044471421619803412486
56793943989018610483506107594913329024401181436624071586706357548
19784028451769896310254773681504835136609314027933694860670592300
6887282340536527748662755382591997449229134292817798235711411902
2396069152143940117957763935326684971152316025755133737574826758
833042019569806675357046787481193456185182899180050665674947428
289433182737752656327461610188859982523995288513297386016323614
100494267720007069606801772742155747092740961444513580570895366
34869319753163096356989428848473801181274972184141912914929356
12090728931317558961689150191508881809646025685788649245606016
4189535522521246717067993633526937246569038018457577670699088
1450711852415124893208140965523875119245734449849364806806556
501990830894256375952513047168291903739244528107701639173976
173582984792769270375011016861820740953340984119015792059962
59980848285896557000294053039017885255577439678184268167094
20711398468453012426373516897601628222325175277775574489102
7146523709590815909497416462555601843286628824825942681930
2464143590422374942598460919766903370409986392691395417212
849024147624440749524396092057169609602950791866174022936
292316929212095049537808690485980161476813742597995490968
100569144597328908267213636286144699312471478445462042882
34573974527279659648924374330544497077389602277663628148
11876936955138264700972417683535257728314734980722440354
4076870742746278979271370674142474240467707974114432842
1398342191204694806854865032651891126258277759959056774
479248333132007084819302245538809386407329630877761708
164121286652005697235485363657418032160279722650381968
56159444929802837979615651252843635799275972675560938
19201300552769645486711707789677358435462018057485246
6559710831476749508434965463877478282785602293169224
2239139384901956327887546333005706018742372052320046
763688106454466512593597474646138062408916698202380
260246783966056741380721846149994072430136235083024
88610470633430751182046193004291031489705019621986
30144689828242364630202851332424254108746259112496
10246094792130493974945736039918812186183958682886
3479551350879379212319802144269896490241319407454
1180594901134389904130946044362719254872574030880
400208815193790791116737280447762529164867603578
135542561607749946793762230930706591279220774232
45863066373362155940794192381137136742522664840
15504000802229702725458641321754021307526184108
5236155893298121584870141759796945705061462400
1766705244719952604846689635576010902662179582
595515234211841140348403400460874897083325118
200536415971455084771462885181384220569977936
67462029701734223863157316509587111252240776
22671766437557112480410290717593420536018376
7611407229577075497455920474835303230571232
2552653490662582227840142848125814936846372
855183970702780474404380910026971311321852
286194508225248609228347215106439187662096
95673170068966821251135612607226630631436
31947657352932026382977809886279607918402
10656153860611120920104606625643750940790
3550315641617524903696200159941263897326
1181491523888242112483183336707047194256
392720282966856926693899002340282264968
130381730500978791712706227672970747928
43233681678002379108375326487345328074
14318278032846978443995960419227006046
4736017100945702753939150294127445236
1564515943055843251867767804900274218
516156232210139266603349119966876470
170061664013631710632100058890418144
55955821226273498001630254722746348
18385967417178679836508031496739398
6032799755228585537814242952861846
1976652406331472181183523654799930
646708877803350510260867901339366
211271557359517287724428244241286
68915106354179923507291154677020
22444716533175051738369424313292
7298389275223978573394175569172
2369388936639186821232845909166
767942361737926580858792017068
248476138340745120192520494966
80258511561086847396253013382
25877689622523617334829926858
8328658431446850581011209384
2675548159309172451970780944
857881693189047302358077952
274527450826634733388862820
87675900766976361545127792
27942709168520491135529412
8886883055459658841955268
2820119151397115401996200
892959450737078615263818
282076931990981076752700
88899727364173365828228
27946314241270352341248
8763847563428683570314
2740724707945233416010
854945481056735332554
265895064636675516714
82478628332602554318
25498266682252767636
7860982078542550848
2414287445994126312
739410430170598008
225514933495659300
68602358214509400
20766339801133008
6269136871136004
1880827510838628
562580485582176
167074195147056
49552308819420
14574832938390
4289679178896
1248392285868
362247376566
103354809972
29485406268
8237433168
2344016772
655516890
184793862
50229072
13450230
3301272
857796
213870
59058
16242
4200
828
156
12
ENDPOLY
