L 220
N 441
D 294
FDEG 587
GDEG 0
F
-522886518406488846459171643401849201191143099579435278385790115030964940098008031308746376974213312445730101003529684382103737814311768115965708231756658858125127527924400017500345826946632958980459224093595489402922792
-11022292358042367442019190436270528448137544258338880395261254806040533634749134435296806508260282965239805944581032782790076326903162063345680391244748804609780977442554520628104630103385983760184747579026279365009616832
-118080061609757138406661705872677340566100924043946400512338829450551565554817587800580251893577754343618495712924691036465708278845729456480169216303899823639291570450084917768054876787512427607717262293149651242596179456
-856633825717335032596829803954843727759365815170738206484024234857228272240216183237358574959986149152688201456228309851370040909190256506564406529906940761789455026352706333549152826334920346594799077321507400306237407008
-4731923174103180685549518343769559277411548924843290547341993990572737288995678463241159317689688675335192856781061354945831062699585053118883431698719726471073821572413183021269270023658738534415079859253822240927402007488
-21218263049916452714015945146395344333389488093875392917007891678908189863299039786689177085115433385509696576835765512509816395666821228308363223695562910213426323397835516879984724580661210893225342095679208846422787642016
-80414677459424086465396023692443572276063927239968396150655167788443257153516599788654988346935971475250360869856655183001067331304218444619257407450095200935926213177176568506857477841402968785104952384505156724109158212320
-264825300602946167296891851107413994017697310675003605207458548938066598350906895052296927690300134633112465124781237381753498956131948800661404386121671588574588395339293265881913285103484783831250865091816469289062347047880
-773325464083315931900410975504063133693290646485312508904825800080411723985945175175238792917327616792909921130865718047721054621395121323708942323816095302004464246845210052340238213429926233416911088115537605670682489621832
-2033393329358031806252332610402026081913483190046559828093930753686330027022079632249138209816451539441597150694614272097147819506927973104715594232217979038330845132703128424966575730615424502363518416555694787829308743327848
-4872833932021850560956433465601594172132967426629226193633099680322428027040517509742008048633095166017256650234817715741646287400380334880434815314888061133811027442249750167667461727544761417763633020210865729373357266386984
-10746530176480957484817998384480396231330748701741163518004337236207445983164496667807467295596420812894680424210778694910812659274972878731537768093691753589325366128041871599238559718477123301567846497403548584716567941453000
-21986478136747629192943281147907259049623725586369068477814383555058110014849387381110250148849288352488646395467403016319306674567024140696357956146840888775159812086375559028758883279646959056224805071052612497643908897395960
-42009676426439599409112944720364591126876996809610893670766582875958808580988682246952324561326206481090208531745315490694757472243500718879366716959993879217165974744111829757348165454025849978946988971373867868603427709443808
-75390020632287030180608723776757338401514272621064295259162338949666124033492064392819887867937322010226069325508214535253591681579611706059836174679360811090800552244057720302153641448968510458432426911253661322764400806864176
-127692484274959258528300010770268446623347191956058743090762406767038551517877089399350991769942100573794862969503963144973338284544493333351451817404113783779787973140695032895100935080366540838859888793520973354370587020900000
-204993343758483556718054598908685576578723121763198258895300457998281186051456201164196981425089113548801818128042885908581531994557325722870417270382580254045234095161133144379786257075395392641128292372470412656812972743949984
-313072383741748180844596826968785459142376849904078945847141941358679051869615158262031288240802998218080263343982552682792622647703353607388098056828347221470003059807156888560788466997851299257970845433912650172093885313497184
-456351417971285848782068664208696086177067947841332636010309207186417204735643341838388723404669695088988563840697968762011322925774636451968654929680162382504820297033592647810592225975713185605152257833392732431292146182829640
-636744690471935750362598127748539355927191862772898445639804888642038773252834123025325362299803213763876713229486888264525817191765030525338929858303186298624586816543784753551342174329664753191588338975832774962985724464595880
-852651283021589333454384664368912980159343222637169556097564870582449479714957156201292605202447672083909587990604906181961223347736075250716563590761690203131514251102402460221311221489324866434273196783659789937620642738189496
-1098332307750751572863581215115331569594380493267189678225776582495168088622265841240655797142223597736029731487073797082927123573734485567480420123450349728565874962475170725284230754746714640811377549180457207603640423907533360
-1363865229143485639811907167515646259334380275042846414885329212525106524990212605959947410154803053815282810872975552519860845977519768872302378746334710004325389235696185254666772376548753521435314133741736713418709325361301312
-1635762129775406957964418335437522851071875867079720822296803389571238635556227039067343275542589486253072309328001698019376848599345866383711687234231330937689445696945364547004918944726524849509731730363424492871498251838321400
-1898203515126351589907124228329808659288327367479341905388807940647316791319323628003351774787772183193865288487487082780482963699335833004555071243416506742307404228165972284897167623776793504825268135099681290461421323374632640
-2134709219297062307676410973391575242293838250910078409090145268601951641221660840073080699002672657918149188772828228251649007580528536920476839938333537839360550934941758196549592104277712651681100036900695164680593961304691912
-2329976450799151992329994456522569352200512723559137661566850536720081867062784594597325986111313416405645971081982586241858870969810102480945490500152532441918198103866665733876758805456751549795231990324957033973159881638947904
-2471583789758048342112837661105391819982561627993051525298203071609619181280723888209164853103717726536338239942412416451905844360830552362245608753574460510657157940522742350866341466913137100110492975129688537259311275356251696
-2551293646384171897998267126744001814461990513358775658708551151619496747571917589642645551095969000390978002296833339552027150652456153732470608963131862809108714701855752771694725145124256454025956808011978522459205125924965704
-2565771980008940493658327129780266595385117179839209386350874462089055045614987224710355035806912842791067813699458129033995769758507364517195627813939944832040634297691973410481710601268368005158325687733130717283905193308825440
-2516658858466447218247010487562492389091031873535461517134604877574597749419715472365798560887826291767979974498236785113501498802317950374598402002104432795494038725434904025946724824409122123755250016685681120207669612071903856
-2410038718892461446530093857444118366844435416679105836710784087822335919196439038299519100196645792509865592420864275492807954937351369306420639776498868439829631456115469867415532924194464771179835845751115922373394544546759456
-2255450823137500471588917157741128613800788766968919032734762929904159603279011510002155656993205637040763543122924903511299226625151814028524575145453686121405749856152572724376730758057150994191609196492255462691380447269997592
-2064633420733929872135635056831459253842787104122333341720502608207710157349812046277617128921008353416842658430751565697753848385292332371102250942086875507033252438454353337742214282606824425817390720301429537613199974987683744
-1850205674720564855989622693265248319701221755484230230290846740766848528675445513443850484887680857583615251074366770110702184782471419127564294237504661937405375450088289707547725694573093007656187444365233569585865001452967312
-1624465385135784501255896002124389333064996422379882430032882424650874999750086721181314976318484232499117595359122667518282074964945049520051326415032433239500318338628774386183773642220552920326259160764933074142804282407614040
-1398430200557261790403328321323244926092326229052285832736024510133766091695671395285632932834908674198686288593219811908585779909732646211027470384742543362808815936467779031164883234551121820996734036259350002552767404761171728
-1181189735964293712160603825146353973690864518203788904270555975391478712950837902980814992652736240431523014211639397917624886768548277816173940027891725183804875522588383882788302499925477196936706848220034524357713387928333288
-979578736519295124215299518852985712113725558182313964222080928029673985836629171857567512279749834050433004990635384267521192247745975525513991206836328096871563748527751590331150172315394486864569717214384942630340926352224944
-798136249556149635793981789333530097766541365927877027566071354981001862189259476314121767209895380178655519743610497377586871318442080590304875994709228591621531624417984645417308676428995519078216266132450118799503952377628792
-639287145679353617372934338677934152898822248194158454640534875323357884880132689130353340404226412122477500925652111322381464805909264153640206944545945116609029046050591730483275057669337044986553380631738372923797498044287760
-503670483226358141579489394851670767564428569070610132225234782478534351651770299476586481210948886146464297285387054066774969455499284653204252676294020003347562812143739075702944790042539859739265713636149550696906735869588096
-390541317980863150337641442648055604806731814282640939293957546851053973797953117734043173667050087429439020891853343948367590154338296513955298816800342043410217675197388804075609704033865091424704422035724082981918031450175256
-298184222279162950042237463194873955473945153164700005890186576023054569863971270422591210021963818726877663666082610369558665373883228703948381899349169343303447320072309972130231680378412545819525158554225862742204112049534056
-224293331280990589661681312340975932615088929983274505411962339925878551040716888987011529560872973090762897457892004632316644845148133411689423761598321082126882594990945448315486112884277531699532650579265246968957049899337384
-166291187848221114023959022137853729220935959983305013834697516086024051818801661798240279814306278430353736330551054594979256760747748516755284425593871885017208841400153493387779448891457341913409428360293312020921946910707104
-121574180093649425693493605876112420653801544699309588792331877253805411425808479153011255862071740963283628613544228417396885582484536860275167197599096168986449091243257042258214070882006925638752113004229360378087814019804856
-87684384112662022772118932918074986524754393262349473843642389673558401067318537051282122473237743861049436317810186257296608090337361690439444751875710331371704522172947249636711789584530464973247299913009482584813898928698560
-62415651811533040588605943792427997353720371746437060554289913975859744363307153136727622722809112350217891302970563837492118444119594035899455772879509027929823216342888045503372894752273547475770267059217269498457493511181952
-43866111625062988930250699460902815856690171690959727062763217518173661876185253377907291460660121088078627972616816761395811835084503145234804296690286227003023574966161743716548842677840138528349801479817528103465737939648240
-30450615319053859636484305647713806800590728068701559119238560920041702057860856899521050640863203339706078936303693880683261156001258089327491513685364683267476178107533561445096265398034457937938123968108455334575753442159072
-20885964597001304819114814098051466409420108929957206218267923252605015616905374339180385426999525195884784433130032601591683519999947441305086472413078884226054759926451266092276084341226897675942567506841309532488460928997344
-14159842433845224541015839627547118487107767601915139832380203393550508110878546752072044756355052064994591559358903347057625320362167240969676642157147738901456332873883765911942908728782920062460269868734628274160439298097840
-9491953566172748372691593508738044422870776039537263603613873552056239435283699656048762671165373760389348738638499230044894635675812710269584252552905008240826545045233835030328446405221341885609193389706238136150389128934248
-6293442625573144616831103526840622019150992968644118463811683687643761994034803601598545469424732904786482294892654170448168348722158238759959639508065441107658176593798259264746818039857472621410325737389516579083066937353088
-4128508798966099678940887185902629394964936600686137171636714320067231994532022014272228085087797291599810145555312576233581885296694836117363277223280879234091164531693759778280971924219054286218378450272951986633011779223840
-2680415059891578585669236361588719655081710000124265608497641353275988736666123535393777024715838020477852877736203899184715872729675224137188257698158193525456309202562507953165478220008723224614188376984211925355148305429352
-1722826393863280336919701691814099778874797336322036994129287986115178370234840499222526819956875802099354474972173254274517724167247623163238098180770244084257311664025139204941162844697178968934406191099836555390911363436664
-1096563240249089285275216903278007455346286767176486713813199096625603446275554043262070302994039978458955402930734886981243602294135110616066065710556594475671877857474481908115094849770483222460822777118637884888004494467800
-691347126889995911142567376888868581462795483699121504569797604234167071101611003687380535188688679697554843937671027445813630275071177200165886075312765162917504024890064222119353687569035624501765002971114280548817561281112
-431859338575565221689733884547384748598618887498769206195480891541204016657786087327429613718633131108576083077589996936031595978940791053666418701691449180308473006702596423124365734682211069276557886895640559424383389601624
-267350769496937441576892410606890221051291595031498812342223297322188880705907620261932413415195761460134749910996801086330203205352477317484899948188766922977331387366804774131625473471200238926351632063889592771136263039216
-164066132612982523453744942999074327245146159428212562092247604746152739069035214372862971862979651122278923439318312114365192617541043171188708264432409599096919727796340942867111452891927472689548733510341518031196076811896
-99828951804491793050359902618720048034475582009052134822395907304447401958605179294266803654436788991879618773560433380371355562241034264817824991506388463647548656130880625215105567088955951474038119926924057937944079640528
-60241013951358900049375344475596142657130206944607744262669197913642726271735748885491355930944079467505135588038423477911722801271952774097360184345359948509933316076394653023610805333239925272273894101997582337819874933392
-36059602579701264746735630889542012761479033172939220753111591595607960624816844317757000126015007921588496536243155970233833282099485927037537202635976129353942931773235625856237422091116442262514545104516038947720900848416
-21415781811386478223205948160204181878961279454415240947762338234253564228915206868441799664813147718665133196387612502205387018019793342700503594640106096543491795167384596914132611275299306909704440517914739172706438901176
-12621749534812534469129202960154931591741425483963372445476128586276689874235511588423452528615559254050376862937829704250506140754421537305761347047796612892231728433180631538740702844356895385442610701728450746503809390336
-7383513707207904340332184872794975232550881801239740630383680988114953591259425755734743118332122776915638905243818187783418027369982491953809032990615315018359507903879301548020097561127978320262739460769158499747680521024
-4287922209163854366480410659413965204426933733327451168690718323920363740933608675476461749103125231333514907329602600990960310317105308825463824927489427906492125357860059495803978373952007852604099353818783457473421163752
-2472581386128992838876941702717018459909556961919591787434147023853681134280082980288022439221898395320767253400951636585601038758469874796745668300060512707211924166287961770247335895971980465590863351412662924665855447312
-1415960398393018321705946497846182527246359396325209463661831380527635717002416871117749289793362931585826364215837251320899603977828686434569036708578948636162927389676588280613743152790266712953096197953389700359294326824
-805420712369599177425690260390370942475836634544883411219294724227643580494415867058039740665976565624317314061095356829661333180885249136265412783505116034482972217337441821591401248379068221431514728871475500351272215152
-455132184984336248093633237161663093358509995384327343808523015091910283584842918810487869605869363588163212155010158801246038718719022489327973410756482202739655528109700223684702522864361404391016038356700436248027938096
-255543529487209700462812819714155225860046389134753265196640540630815720515614387563720184389791545265040828670825288164610703057142809574063612021440359204642579100197357728996984617405064182533997441637303338982268769808
-142584413206304189819772589841483526436032294566766173204202220410144258968474283152823383392630209582975728291006397694063226744312561520116582864180206133532201598911651847619492353601284207428635623854034722268970618640
-79072246965458228371572998081538404242396400341069783270183225543637595018229883668980263648917553879534524200251378015773632064235551885064632400793773253348307876091626672894064646430483925179930764732737519901287912760
-43589701943647203312726747066433418779931927140489276813765907881355380025955611399069691667463395117298743250594312150571961954324635298350193230025613560416341175161582833600037877401413318714130313237635129692968580920
-23889794052839604445097648921318833140815259066291274735598202617779792321794835747634123285543132089179251963988229021522376176449305429467557262846152869471507110513115538669254050337066006674388113219269038193522047376
-13018727551428387951505973173629944375793535915544431486223432558642759467858288251685999532657049552107889149499254019319540120915140763091882193029200764120522889553993140374448897863097801032134774243900322142438144584
-7055200383460011486624949707648036037966581156243520726351846498796319246459046664684168429905239583330251262279902691390753528965273490358358545209445593807571938926368662618573636061533219633750622352128719322721865992
-3802682739683328837553561607162718322864369419207441130958830870623168220314469178881190098994421596677209762255703181683038397205555172509298994731100547285666851938400759403114326568480161143183948456409838486104865328
-2038751329261461021605347560838452811066581281439425203460609645343785850198149088028701898434764149009728506864364962855396284010879146853868127444793206148930532285208266259913987534086301975084254482391783730905294968
-1087385811667211022924194014340563968700322216638323798157638824021833438896818390308819036975057744562816989990967826928862762884484137899510052581898374707706340996901241578794370097925187538665070262453164054874765992
-577030151471040431653536781503385465554287545039410207447356138830464556641882519898403002531036496319345081263848050302777305183540996673988729860053473398559648160361212328843902484696742778367102825813635891796632824
-304689460798779406283820674752608253351581519092023822081830057580967670568124326528801368851280606658025138482467540639716197691357999595755309614654197186187822222134768012771826199588268032351430676898696573995725072
-160105988746128250555443132619786379167478755887451910620410805194147189085711940631641432960576662205258240865741548316941275221277055455109306221611209401718355307256364350359571513795055211201787208028695443875384080
-83732610904550283036245109603854633513649422229770387863565961368643324048717072762604765848065755254968406846591372902209322935936406521041097191724110861777522545103927616984337455590297546741654086189866746766233912
-43587594308390546725528064185236803336123748462625746727255793173817578940418441395137039315797490140183501596877074580789816097159886308545683971499703790574918360415273866876847573811652399237723297109290661797049432
-22586832573096687267721768331180749598903739943557556799594677553474044227770327056846062507685530587115255343895965926082349949309262775156646118978192772315790291536797810567336964450094539431161663701748443670149520
-11652351913782647345000322493435047114608013232035926671677040989593013044789078883022298175048995081482547919469374182340895464438904586920310618109343641178721435846939092938277366573659280600657798026450322610706144
-5985192082701090032427589918180216188533225385659619561963819112118601749465093022790432970567110911957100460870664720349737789479762241219364273332396239667456509056736103102549802915941375703450943193415648836079632
-3061174203834242088983788729192895832553675868561763262524462096451850551159368806634035673777330639114042557145068558118172185319248074079586746748203958559157747823981613220835101528843490928494894514431677481737336
-1559127027613967524600325430919897064771904717218373954775532843538257192598261395109013709186326162684131227786431280465332776518954501761816351044068934132296841463591540635463043678157733287800656115742863242811040
-790852317599633874084594841922351224158942496551189694496161347207953021142351209777878031041930848956883695000212401520878017086339878055691036034281405691859611590310468529686498400957938844453750809413695409962896
-399544884250321305141290422885471361864709331601523045814607200310983228999875908021308948465241576249730574796486966425969298397600683960977146042191918987224485365209687328974791995304941464903896891694934502418920
-201060548479251382884436894181583690211222128195273925547747164151944810297101884777333402874180219410310229056225009282807724406220208181733528859477591299257457008823479475332109333749820212188309654643265465650592
-100788984323829044980231553941796001683865516220500542642680007400613340972695544884139318139750761960738011185770599798852010712464472034179744993988742931123650621673071045886334422741224647152560273308414079425704
-50333488897395014261840503538017189439506435642270303550689423361450855049340643353878118020897992431430175492183270136547226775092611927547830592907286907836834992010900874330325025228108191997491008912278475695760
-25043248912193156599570964100581624332753317862223203938861142845023246655568491253435397179016082609197268135750957374561122133508450230426875265062709300697033585192418235781618767143374649950651542515543963072392
-12414950195606744465688428087037672511774237886785133748945168244191261858962395707668524596520773719682386629616146981908777594383394525230489970021262690080862234513170608252309810949860175117875850878861472387816
-6132677205424013046828263020458791483352423812817550563867499511582974522672861739502178291681490411215727702161207160622799400954414467452351202169906142563965049867789902426306409374430182746260030914209660412968
-3018806939929638139016725507989962753102547254679665504568976763772674558690497622202501173020311817025570112729897887142913620432994487795051202974920977589865256119034300444542401128254158162012145958538418338392
-1480911709673271481898578123473391588459359050224824272113834874809366278006002031796445517904255807217859271652127481963514544002043929054826088265080089425869645182801441785700426189945654945962979826647425035440
-724034547631177961456196220470475713092520612746231241351475011302693804306877874810851547466880613074573100876813764193945900750997285682823908821443324900249217588848495407596969060562998616469821697216121812224
-352819556576521369723684871868926578950883073495963790788684879792009943211765163454001039681157202453581020893214176146023167734759714476793483769488685814457578239872391241047449830486191412469757642520544426448
-171370262148003837123943162925595079338541104516012919988272449757422017707846666351671171428890569175176264486072526659532057852047621176098541962681932369399685284165396540358491648429640855556961173547280166160
-82972319010624284586965006424609985675350664430677193048545599782426104968250454617236760568036729467053529114512682073560167915486178046619476145070910263472240243504780008650399455549648257081359172652091835440
-40047072511230246915836785779832270510536291685670021540667598908808031833822552848446244225838757309411193808952613897617582709130185830744986115617411566793773111464479473659086016581262377362209699641035486552
-19269580491958153726405479796868352772153157284739367239993040539240170078671347837576544657930511456216433883909197367113819050029382262757602738055611652339729704993593779091143903263205249514394101924149030096
-9244027083545743316940958902178703300868822553202961410307893023083629829711137196717723252016547892706312398634990418541987284162946646500821572049598214225904367641986188753966871599599236251109081223544122424
-4421407339043422530542108517634994186963218282004061186191556922647205031619522250987645478059379907045382203882912577280552618804298648174411121323664173262197427061591618621435616956504059306605673053262168824
-2108591853543059278852537525496719738638342460330632750959534971183620990546327246160924319280315767990091238985706815174178449371878351779820974090208011045217053599330884976108945640865192671649732435101027496
-1002718273812780335618233370982724830592838715804168289475899291967994759280612261086647086879388944743679667723247890971437701793667116796463841286699203468514631394528460032972683073404670037313646955050096624
-475489483464048695388854824816187691817481553448472055033725600259419432929739215030999736048779666995191840363850194615219525992560792458737412482803100492939186359805828035498869578646972482011951126413107176
-224853221455836970564382281605371671857353104236866836769771851405913029675900152995468065102786712398268473545614737664994454134214158853661878014413427175021212938611049978882863159213390228552625654482882224
-106040955258508911637389011239225152723257760287143718535716802607860543817703731054834594730965983596007452133191492150564550411480048520813587246367405061434960650549806122539818798528048321133852977970117288
-49875133182973612129123108388804304665512240230449936156151054937950489963246249884859611588993578602726865846524723745895890439058693165336758540875435445885930527236870193985330942306712294294989248124713512
-23396426777447555836053960483354016052431988141543113323775172031389251832875712463045551525982336269951469600848581500185557167847319982625839463921613875740089222305356977637771826289552855188301927828816304
-10946837337011014512377366590131842826383894767561020777632947660211400167453993612488963914047505348447471155878224361453418399774758044955613613603864433904223008591937886670349478121492289266670356239389984
-5108808599289984845419670529973360094230940943963764462387041600221756490437787602550145391660171854763711587481280877411522975295702507214535627154260866731920302366846034369167644203223035014831587010251264
-2378264562585945579870133344211980668083340340407683908191360882308746906220720198735727957986852192814494785138414353688712803752733474302497312733709498263113461552443606986893971138801640316619490519003000
-1104402948873963226244742611006735432027012145507771247678658233256838911549317881998743554248431544115956792257318174245111294768949013577152699185905390245855122472579254102942537847920836653838697581718248
-511609602418739406335222486894187561367365727699035197614739067253968353298814051065398710251742924565477733869757115228644741169586314353507324215175997391099866615772785785715261173960478194107798180205936
-236434051105932043411189331890275542402963336848895061703537291639377991550777291492757684934678481084041227035720660787380764251397170617798355972752965511072268934951080276460696143950900140200152108216160
-109007817131365857909500140456760150426408178629493475910380821529230719957217192418843401523711302224523187474238084246106467790538470304240793317842175157137467376129858563015203314198944582723006043914360
-50141490528712786004937946852288425333072799148208007832439581095051582834007447818179536549794297571636178199756787762414460077670013095743482330888216436238921946310899015814246292553575739160663863119864
-23011458079197742288393591577756121818061351525377950092419688504294894572636744939255336260401266137510385282006947490221039282786091890695373750692484702012359681626998198045427637055184771040255366264240
-10536910745850988594521388695329218213667740389826189122257898155643608188531243018085392942604797561702612695467055929393811908469296216335753122117957296837917615914214151494386749692249738827682247383560
-4814146984871304969256867500276021537163346660688440597990693592147702606003087398585678048317007673483086401283799189317991991295318420069334827610854787896974581622272801453896354765318454911472720972696
-2194707000070084661025676216050437620862372688232395028015223733329885103427255522890851236611918494579999322114753704926204441031134675392554569450777599120274888103829406937545408773017843549389215510048
-998386864510437449397175873416215467150229864872114746723263886612946573471653609614806310729733101227361772350024750020803288791021144918014180369739166663810661904254810285198491051495927144097718647872
-453210438799871254974576180269019670393265384632672382396856913286575461980259953146924976747494298166723148421372476970021003190504281788318701186473579833227338720215326051792816172897803539470238627688
-205301917820128210122162470748059288745022269041142944969182094709521480367589496741460347126035005494737090907565990285312016501030733025148992940628096298727200657185602678891460021019244414295265446664
-92809232894685452715327304193678211821075319692014588071542779048723034704023661697826458801224669518949646903512979934662056233782894457877461132871951342903636214315927469999890542408350174158781450336
-41870404944501714080670626500583333576067913901677969674703127784886771591487604644989715252462082727222435000796826229342704255162976137913443478196448855410171906555112524188101666682877491860348081816
-18851824282080154954820492493786027504345802454051388936000421372025105899378175730762224902051183140402085321965367906664756974615582341237457207111847424403945625877482056925045535305431695191729801520
-8471143043654457275385318388267958643104522678234137975320797126181816844863211899131890505279363479322049649253948050728724811898431585787526761461178616993318604282824552205347687354113210654244697904
-3799137011011759510493480865499907035289792982358069582822311689229801201675827973206971960439085873756721333523437549558956774502863433643673579891869938693736596598775570062003665308304486900208612184
-1700567374697863880097333948648007599555072893092605835030731043339416595984262267416661945262810740071683509246278556597719274746512006961630290125500406544265803207008871668956889481920433868772227056
-759766358226655608605778054552235077966523331508970745711753498074555875703726962746062600969444778263696361214417294780117973672098791101620123872076590532518170904030457667174136919043005309227787048
-338808847671783118979880205040252972565804696269521649069581927301330675683083173300256739198713075717330579010795136350180484112834114231641896086938123176763800594145944296325822567180633143580052352
-150809531479090592983604713325609762076446046509133009363992038947721610194777040786705780352735248226041966144977233052009311392484436054679647438838238929219317024557072865603447723348303997447382768
-67005872483750114674225946081023152231761185813168868591134678012069295058819459151292713760960586292265010787849518524221285023872700030416149167774183420286529318705798402220476271524452733986652112
-29717851424471683968207792765575860442433787731615624599464344164154161182944248811518421483273602641934345858016533163690894001595749103382156716925084751942515563319311080646274082408228361020808208
-13156871351868284218516994647027481377894948836295011249147739636729981925566774335113354316926460620542979472882864835064634233323155351644144311847218698379262559678620337337448847623359560960641664
-5814716298680868181542525612629952383207666455443512112280399954979217991792618252230184342582344030999480638354169773953607681165245687440670364855992048127835606103743512170467414321356981723292456
-2565398901237741038527103701346264425742175066160350534317719040541878380358567722549076914747944942049750656971515056700025828957436838448155113043574358382147776773003084411439814488870828596034504
-1129903457648315460276236905729305052386527914438035092889846076949448128631005957179568779143190170506801765849093436487962817479900161211646818359687767883872213996136406950290169805271755521783136
-496817881246399400704856045779192517396204871443134413298797894663452525855713870981523394077924395867568785938472648849435060535476900590912744487132528484450501330043287826194487611830139771909400
-218087985795102450104511595343250364247512161384005455981198468883408601424619406284676426712817287493545581465013697714266950867889829800697815360140765883139735152778182274157274811302733558102784
-95577114132522896046539349053975098523367383290820592594647322089632362128524515977777031915552428751245612071476399194471187456117619742117434824952657613854694286598903793157912129770365671076824
-41818895307311837279700942671731513215457723432854817480993790788901324366366398773602579551567252916061562886183712524807462889278674656948132405160075546279283960734717273158574578193421715058656
-18268223406854637150990189072533481039388512639445106455485067794757294793312227223529365585029865034235292480342294913074492953931100627209539157986516289609953610765231085130441509422753904892824
-7967712511982162729119296825943863721459184986312095041421642548830692042863021012816444003449515760758660087790133880548947259831591431369665536687863126832818789012182127117021507834595648493696
-3469707619600032381530442748138781659555831542167868811618478314347107225403438317653223330272439342923017916999988245753248655933103114120296552337987621383147450756273260367038064695291280910616
-1508627845628567705356487434508790050849933218535078694385759523984039493338268393747429185264281240638509422923979949597638889662239025310563289125504829097853309190117714653090973833721533737672
-654951808525738341189462481198232251842334971761344087285086287608526002213751460000023726235530716027897884102261176771230787404346687415728647791386822901923397211460306092031903026497130764216
-283911099571554494628009173867302167056007706046866935695578476116980580266346297561808173623260624325414307950733054680421764630303735360321450551740200893642269059703266511165176768663054694112
-122887824730743571570924915740923257761570672167961069080532797243078444724709374341586567367175842489780053603847551469645077034339910330580734866687818072732063100209004757383930534398637464120
-53112446885132345667031842014339590184992613565605926792372028879174406271232760227322287106401966513919498095000399030280205849407425628672606580253341671473485258815437499872949593134447577064
-22921978097807056714464148889454967034578610963725021224214489343511427417097083516741873068703655837537427117006037939645809008434966945669627479520813072770161630052761965130804939066302684224
-9878327634351786934366187575205595959961405281424431817521513299442832843710190288650709844750405772702306529282019924739868703679598506361288916534848596122344371950371399151957767988514951760
-4251061506326551056876372326810406822974092786976077656874735198498734215836202284662851934045122018167806056767689806570578010077217066319377994778108742325954071198924558957504095892339761560
-1826841728831517600253578030908855806481563801937190947768247809115782169669745284166557789145918611510780140523859760422919352577983716874134642877573470555839317021077771486504088374925732912
-783972520455650255009447146212714467293401579776857317289692833686768925575918328991796622925981472960750456174211268077812718757213021398034981531424230315891414513001226918041218248679948912
-335972568394802904123345704113052702189615069032437482226559689215339385587768506203210724012019365274646580326433723958820644360845016063350151319674780562988785735846594215085597487827653448
-143785937591180834339900975512009436724139737499309294640340641305543551131856653353030009853301254866718224629025279499311664401102361212288578975941998129197196695005132178772073592853214088
-61453277727281666965792852517203077669929073860979537537875592278573143401247818596764230878597672190604812880743115806354360828430975424264040706747928586195728790281989114142598211466772768
-26229864137078287971483828059590490589523439153596768798860682808541703203037835803030822320442770040159286058212832572469967320589492512344426012784280689035507611847907758371792724259040392
-11180869295229995738911095813444020461573892689763573529180217701117081246583374951653017997082202511885998100412402174846936847111591614734144003378366016315997403900924369200652514148292760
-4759811055513052723271450230776832639292828224427837558445279927000339064838753131864009070509120452625389360958176230486899475801238743813332027599406295224367528249937807426865096833317496
-2023692067928275679042387640929715472086278962866061390537720936550929026978368402599862620811370142880735997784907591159388580062838436357084910742361281956293426655409526552875672607466336
-859301496044108537334975562103941218395147766406416766492398976322061726069335928689836688629094113587111300759813307715597721099993254952971755938752421104251123522602453356449145682198552
-364417202465984805326239387084727481947028777219509063193386821303332862244366663626476865506008283503500036968251479190862662283070389238904643829303729591048817181427215610289255878269000
-154351185851492464640900071245760530321565657907252661736784319836499771347014679560506352449543901149329363004790938096853893549832772516799324786995578307478242189566589930775468723852600
-65295672835712543752994948522988790472503218589304905843584826488299693042768652151713011691442433445422152722232744642179723081708129092814160107817605876626276449643184448788311693595480
-27588468548217829208661562808234949759610599333216926764768430995352323015269873160069388912679274083542104556992388731045089436350708065677826895137021240669858712609548251234909687670880
-11642463292498786218657325645667469047702469091673277510607758878274265536114238887786798748018100161076133975287309458360502195089946029910715389987160060858591940216021410165642186867480
-4907287340045605441322544647939979923904092981475843263246633774316890944147948366798481066174343169238072148264018850106160546604453496260875619266414173368289143314970375067014108438920
-2065963126338768050608843177169440934068717307199589711443497476543490991874407931963650972977695402592308037837142050074883427635056274098103342789674832987807769550269160683635778715104
-868746678390296980530849995836766441048782975557740097794395068865640947129755896454064912488604864512037319474125904357990968991561982075178548795734407088710766712091629682966567969080
-364886854870975808130355044267316994647937100417752638003610771848915560100431103002877084983379924220356417385768666034230719202505261103846479733445698883380358813693888182877647754184
-153081467243732963839284215375986623206296924711831743960806976752060529037540711634862040192084598965897606208887073663372801754603150610063470468127443688866050238051177009296020124136
-64149183294030330712373006087308688850875999448926323861433007510140948557580863199256238335613997179196964146532979616520709212327922275541396273028238746906430942318940373377475901408
-26851494300467051466194087968657366173199439624823106786602030501637692686293318019400753276778765624842720956645609917230559898111200894312356348023274334416522322024777318509754578504
-11226883378448944062325237648717987788204450396845375697178474111204317650716417309838958078078507564036036278416004302063807536271458716220239847941081134016607810805311096000344196168
-4688867033844955638183542320136306345875849860355372225548505486714977849415328438730909656814407837650803541742471304781456515759493211147451734444006825599865771107661159486712201792
-1956135915945586995463301272111131375355080341301887628079904194593657088408661001518440904542525507934587800451998472855611275607747960816811345499988162600217154984410013806297305384
-815186375137169640699941279637179150686984726627343121160611325912778461931852826188882891368775508085286658013817808802350765292767874710955790179061451743975520431331471608391153384
-339348448372535987770665208775029035798444937612556409939419342475360007710712150078028529862154874940552261609704017148156284434365432364958796888331109916923885604475533700013729856
-141114003367772304082850251707911039958278890485236940224904520808635276545832343070358674456926462923264533621757407459655763174094042164850414098076843527451114341648954326215455064
-58618377491856073320053624014708857651109000639563310629244778268666952735727326512906784929057904403912563602549920265945655446927928395331524323739446036122016262602758063770556632
-24324335381125720671870037113899648100461018802880973961580365632032955784369329828630776554049316981036036271898903271217000490095766716147206369885019564570898368237869231441967816
-10083137367610338970229837197923237132844209497886557561964113716550087412459828798728054107625261378396575793558757677783146745812371412778532264189665283980513162173830980075505528
-4175435985565281363165392889861850267315171241608867202056335262800416269495840964174525764635282560084345682319943511986548425904701495459300713862581013856829614659319133194570776
-1727282153936031527022938228321078855797419311010276228052815799446853994263955452871523816300344775026401412284188553769527620270302291422992015031105589514336936018527413271963016
-713812010142268152397279194767752379259496387193497126235963414433861301798611474822156957028540564026563594394644498076233055271982465688653267921358416358074126800292417853911760
-294691261296903520351694951194194251945572273270625355019109282601232272744079568780426264275638144377141568164434008027945821681398383085527397221100114241790873525113753212973112
-121539424386438206658533886883849253634415524885591709483571152193370201405065326959573411970105058322359188824956144506408630408680302811980722410484433821471643295587602980398208
-50076873901251769530383529419255203670172330224375079702141385636565337528340595500937816563882720792403982860649657189780511060036063238104089881909162926951827557812098537881280
-20612511255055207822265876020674740384635032656105448859166514966373652135415993827516087373908277690524273539780014554203992675220238325463844221996908420042360409085549676471312
-8476210765362574647946164630984484630148313619844518056328065397633192042748500264274082639017640309091607672475166257184373273413191730583062790047881877215729264479614381990392
-3482195567476528065515386571972968387500479803555925795891204411131757980298484050222125159585233131156116140392184585941234123410475075703497364873385335420564312119006156881344
-1429185185616904560734568707572840779036589767930577361499141368647164156455646670367346170812574212959343176477618797173751956124097443669286433782290556545623130140145147222064
-586018192675952420175551560109831424189679410109751728194095548136287762669757674552550502416765490861990971221269491596657368206113612651636960993988701542070158599945535409968
-240062425729177986042959550010582361221306884822576698018419714734331552226378082548661563528240135116473296471203011457762866296006774712643526280656624327868970732815483332136
-98249642379842330362992366144149271117432451309428718619010655866089055056812308100981559632514180830803773528981459792159850009793242363876988140471441442073423261128810897536
-40173031671999163874442198384730689911578253379711180210989962873096709855220563293750073394458247402200048968905456003595251871097077615903679652204672719983101516180326655120
-16411117991872607688960075902035073564584731728148319818791482388190841742911835100188547579603415044199460555469995646314157927824745911521604824492935351052259993552161352160
-6697993161057847900271453192686550602424354983931655179782465921328847845510392711727849082843003697148917226930474980750126056784405555005512966058719590862729486262736315272
-2731223185930127044682789104196068375623813792457845716001052429723983442559892623511085442200354383735616834998042573370006417027149914672039851754364510510397115704513122360
-1112701256167775483147028676923256570435941369074599600541053031960603201613849387539779216175192920808797243930890421915788387309234191784332502749129793344609078449770409992
-452909835071006109297702696166676433680101530998371986929506287572452337336428438984418843783049720532803424133705662507958835396474611953270234155174533352304141392144321264
-184187244493833547323859316862171780862133113976648894984964255034212667300615909919113945007821832963902655945173797255666037308165850498556518779812753414154907626136657656
-74838447308805621582786307540658543691277991524832970071798093332222288911619419151204005753655003820462105535759309792713863458612320189232502630532630426620357941020069136
-30381565689338234964563106724147626704891228194689229628271002425741106169876160285333824021052898172985061746477161475199819052840267493195924357470061778693511661311708384
-12323055343810537883581432592519092888062173389173737823674004314334560258717173592703574879911540726626048062347879483519464933700925874862659029021703219854999910479094520
-4994041734265702193603182216119584574011203005087667709733600612118796185541242104462154175718733188429380369364449193985833489844254508704468266422060680654887240353847016
-2022153258286375739262993931437309632506462472429970417923340713655742452740053578590243851315045396276901429705396957922393137432423621450082843560667581077468860861215208
-818100517210684273042284093033313225953433055288226391594051957927198822083519105535779643440318607093314415278912567740350840577454524284274477899127818770873131283815184
-330698702922208049021552928622779928140643296787596574338897109100915420751450052867258304038626171370755048803791423373511319167418069049372625204308380453292539267316808
-133565416736772848775168861265459964686071125834396300783976070595568937503358815818710989536414165760355588249290483814533994065875091754722498822916961275524158637920208
-53900613103501935838572737995324533712058102741874136615664023322450277861355189340220553258488469120210121328538434537036735469651068862481126535482945263860061273287768
-21733713507446303766081892609392404236372782434099729120443270620457034576010703705086777997016363766188213228421728182484008883994571635766981339637049940195370775668472
-8756228440668393341811422695755460112948379123108797875426922779167280566520836604710126439688605676627158528314520501202269212731544683084301759925470978167368825977408
-3524889149463962845021618365407926817637632196980984545667939734161255608633268612575101558434646715622392815873138465480514766630566470161529514914329381808167925492176
-1417820865982770188582949061165378223218207334103445420963392730842680766043098722290357594272708529578507913760987578270913562602073790696835093874978164694607949995032
-569832254927525347345656052830159789437283516726651252485892635430331148349758684764448608522217916453891049377482578663002023624950066340717004721393222451724641616000
-228836168575566809515610938579156506206410276012059279430667088824621447720838618363112566184237721931150187365912559938312998535444290779979345472631317916985702855232
-91824052045152591087135308271007060540607223230107552503238065704756301910541929183871938342839163129856093957747673792805135116263246414029190093542932986647303036368
-36816671492901746998960532467972747924357703003618934856373624819858366524947559456861677612806206168651403206561701815619411144130144529633385559891130985762948527568
-14749964508935990250604085765626102610818956041903281239602275418033132313398028701347254223530652770048248322141520197621189910013224750900057473272292733633042776768
-5904700559785343453642344602351613930632321162890561058153471479864422385911336005371117377261249842198031806880605974203476281792378170030056270148854244483976366088
-2361931313461562362618454910494336696518473733833621858721182539285312198501138407104724986803250067233142437780666441955506056882881393832431190748232036854773174280
-944063332246460532105750412876297310013577278801904198560263908959391010386857102931409979400474742944894623671708042266727356227317644362081695658495016627997205408
-377052167248184144278024195776271994086137447560539723695293654000982664239062570635534625552967839578615807231747000173768955876923572505756875068462078222632977856
-150477002399713179322037588255404470760234260162005448529708818899821479467602282192371754453049440409082764606040309577843053115735474861051524372093417390038766000
-60007992702747455637224724140880547303848489593165037266345302444498172517238896981063077515999979439875205932708065504005871827010361085382441342304307716433125952
-23912237503105128572497627247134198600164148919686901889399628897292609144350455101160395987714486589613527694173917411710059006438419901592239676943583163146329928
-9521498795412646604011018957287272855745909075835927684432643944756292157197212136233272577743772237383263027797361596088407303785959694203332347411458571581753856
-3788490568894974078793624095568767384647316738900186732567702303030362235404498648065184599891935723359298642863081248418802320130469095126380316579020959824047496
-1506276406405604569867686997277210648471085323990443760675749926049503021352134301626940427179710721702971105204773043426617243784940581170677430270844621832695936
-598442534430113250611775751266843006868455414250945808625654306865330442997209714790961318128463386661313076613099864614320473004197741758742610581592651805762624
-237586231235477017884064382014269078516420606360701533726282858608545484447685281050566873982724780228627277532394197639481739919785505432470901041391809299877848
-94254654951338871640336376593125792000096362867672226555634237325916094591341582841872898549091836153850922564419072020865487570610853259628706898420905703160056
-37365322310110464787266343582507194804441240586283725279103765176093297820211277150184608579454416531614776966412340681988542098473670318464917880326569400087632
-14802009424588648799772601036013120960256083067341284433080176401417503747344489784516948970794725845812293011448682355433847512478665453672134886943117208843112
-5859495760833412772040657780378252191267144233369468002096902286985343479576071364834527539810437581330294198450914985245497803270750523093872635615536932894984
-2317869684902244587212480505097098336365643203431004827891931909864800038128507956417531579301736825764340379728086385391010964438184537826808384521146771402960
-916238510099391582874310634477996618304662710495080688784518475228384189958998851366206705968006792259400012973440697748875776808938822973238294436965164353544
-361926471053940776016364468928271333444243881891500529450370256322680513515381525164216204155198244855422624117991435749435586404638127526026523616789441097608
-142865029612163339689815766097943835453381314626017530861052418371163844216437996208723192900582998919533358490150787640821013276598632907938320492795760064416
-56354263407323360791208478922394886927815600177107575906604984970482202769657844413646760356519668814539066932913887193079410569421942931767449562726619320840
-22213874992568185753316937237507836381923654809650588617084193554979591430546902482843405914084540750524440129648360036210611786061991679439461874939454370816
-8750240661835284941374572828268191727101706470431591281737989625542001760956879428924394226542135359962546160873842918446785842222361174556096576348261415104
-3444412844983656969913904788400728056252032293805921306036060261094355520676337244067499663887892496901165658623512761845556208308946963412400442189052972264
-1354912677783134386495521934195552043470381990843295348541409211108558366307968449174472053432709154208007977485924170798643559517961921063384318143350308744
-532610432259073444525653390330253238923391243505078440595638646066889944900210535156540298144736108013259943930948876047756508255018639191711806514960865768
-209224055310421973749783300484022158920125149935188194772291638392826380027946993327727327566352171990767014654693271240546121784718658973739765065709164224
-82133144935816022298802553104167842524323530921758606906938216947102469010924507387047291874862866970438399787253888658335814331497646283367358422822555136
-32220439671088803170742752348070196508538171638355878476868255357428523292117563080092318872938835141833765741842911383428491487470872084613024850416876520
-12631412129142575377547096994822085296005231994440243933661872036341323134643279464204146604536280357997630323729220226569446579302829635706830555889533944
-4948584827011609359575295417147062109798206048512993993224910906938468143431074557657029997436452003409369391585509573718069931100278941441644822041004240
-1937403234453646022367815465250755206269040212900183607265021425358378140768326266307731884295867791587890046663299951265436305312864850440075130266999984
-758001567220113361764303048196910676609106930684953806637533600400203092854043844669250900116063681915604950250186368370865557268190560162097650552415640
-296368772798974919060790269930755707410120327889641354347584057320925864152859893961519242792883211038368013667862029654068618727764573469136255291004288
-115799900836294784046146107129598819005085152976584757534941275487252058516551093780326970131283584983514585191096438152214253821370075185765657648611344
-45216659237470946933355961075949504248467126267021447784620221432070929098283352044701712304887587244359682117955085001725220513912517854350121490840744
-17644298906877712568424266390537099946819267704022797989385608718154107575322458424125200032162246174760859056117378984207271565549105294409753477166488
-6880612204772101799729730024146067269556597454071870485898509964797921121070421343665752821221586008060862465835941064596910073153720995240481373370368
-2681436815733520659340896962342145175809069444317552081290571285757111321854250442544302609347229549676388072498390361596177407482165949396219222753760
-1044303940569041614519606198106673288377415321767250047748656565778432504205565431934056353957676642930133275598832157994874129010298483681725894721552
-406449093860108895621110465514106055259270539244877878656558600095671216543730068954937649895575063279594343400944372762858950123626911962009376386688
-158090695068329203403214074676538067465370577347531694364418139213940636785602730726536226589105420300505319494055328841574826942216308969723763056128
-61450915546308949978245298374631430267982923793624805911916848198988369879293228733848413363297129815339582360422870625824288810619051149150786953904
-23871146643961960243971891422196180648803262739438888786092655615565905404342207141979844344924996718863908950823826547345848916900695633403347631208
-9267061256367894885357776854626056186300261778198709045523664851528677077821139535107765244531023552869123017743649225020142701556791535175994723360
-3595303474675168790800267684678684885077822562961430234842760505950000650181039903493654530643127265807821321282063147232424723265970940438113098832
-1393974284991430689214435577366236039063419590188458570660401353862193440046593731899448876500638927198995913080833016086793979424683330736196986000
-540132809687682221167370085874650166327468908830356573850143032468468066712215426695782735719665869455707686123495070184338425575573298440618323328
-209157685644456312395873501543272370238200018420438540198726082525679781430624866351555986042133801799637417998101207054984182481897200259313263784
-80942280328532596153897590524833808428620393552949708584210348805755375611577848825926244939477484311813160276671905023834484819294084096033051224
-31304461006226133883771101689783629889054616296215118528958469854302786364465533235341171284118748086631807736409592370008307485444001018609233072
-12099489454095918229327774923323504673070185659555477899507329571265313265411633825323097956504056400243735748589511652797650205186176635938628272
-4673676996227524687552621466752876811771828563415540626684600919824860383674370487409986838643108705518017796655739750094103781150320981695796424
-1804188772708791257886649969727154652413325595054649789311270918632578218168438390658334106481893426763068813077379419147980288476806327046224824
-696045566011455372401351494921420391178548197486728789735112860730357498954105473082974981411159787839860985548308725651133560712582395813448824
-268365414451784566185969940308537983179496127607418285328912782020487255023236365266085970560572678390612614595963841532355904052184475630867568
-103406859195065409402294653114857213184573108017211140784493818104730563199498239018926339727426688502746026924030444175641267357332845970290400
-39820509240965691071189383649791263718362296181657593249113820156050015436194701094018107761800822798187915829860933164745559307846690210371216
-15324970566295897011787364537596528171722945809963103063580444098194471504522756797811013257477201033025040252412607746668499237138887615302240
-5894250195636738265809608065227088381820562201855460459251057678732859070309796811429808596164315300735148753385915516722136640379505754448464
-2265657445012210260753070625168683251534983998519712588009610033179191366692010960559148364578912241679359183690621893530009078191680379910136
-870356870300079750665736915918132978744643457049591615535867553394033329956076315540355128336127292684837452726631832050574170983074350526016
-334147767604971157216952064909719164686265942598133763287064868643877957344872748486708425356555968980235757896378357510964195672437802890000
-128208994270974594115773717408283918971083570071185587597812018169073690881232716505426825699263288841367712643704066082961538308646690283336
-49162931850830698595911082327616179140908068686465858711381652817706774179370363372370917295059804577296667480376373783543808164377150763008
-18840699208492109828145760291990746043630754293280236237782480870491159246808464498501726612672012168336010077448192309381802209620268117528
-7216004799899625022494219361889380155978895563512852469916410702059982077154059591580577619820894621907218475888233895915217815436972384544
-2762089494958068661554315234055063171419123626177967511466767121312061443852126049089341882816559373513468276270640664303079534008224737408
-1056623777792339748983238679506138431048147844224029192376202398048669551551822865356071557549726277599307703843892710926753058960747129240
-403966419380061076509369202454920705589713858713599211542865690180220951976706176436479911180802836375625932859394596997311149581328979184
-154352240761503268504151207803258270175264784577716745494328798436183489919370164948272737215642057666982656086637637085194343802613548432
-58941871759714936153611749914920123352291228958660701411491591120953975317141855449797185916836010777431311420438319093652232515990469936
-22494623420303296800192382055141934480096091512219741816796174495118674094970812703780331779213863415239609751923155949748089432382376248
-8579813441401030597147894310734495098061715933492043699847368750152703382683575198420054836623041867772371601380634612922732699208449608
-3270557256373701168318193904688290890662365979603727901204862292454266745514298994535689170645670416799180905638032266793268253230852024
-1245979593212910339856102220373429448732721948065544968619313239875890166851112880850032248716604041210706140717841931787686111580448968
-474401241067323109947027443119447017744516681614929649625339531944495920226377443042673961140887417303327833867085312552576558799602720
-180520636948038248222453246330522910480109080527968983284283906215727823950347196771190048613945469467633654909466478052473361996320920
-68652202941807913115454713622623473624656020016092814919696615531308565655751648779469155024882967069295193206588620531643864452390600
-26093304981416668965370302387903900843487957833466891816192405075194140647500623853916378254551752113695455153293222891038468075991360
-9911767238338891377012797690616702930180354249300829285318288670739956263852592500455139904364628923155980479747267735470736693427464
-3762884403737700729939964278713835266169073485877622345923219806786450250828560878219126519531360439219398977084822887066072619985088
-1427706082541517395469288396976897109205069440932920269899524029213235274686384292590333335871479119656096561018771220577381608633800
-541383796291982557067039252009060528457890541003917108808810384730531415137732678107512034933135354739789616055991795876128143998344
-205173163066599681439257817792066083712361381745567454093520006650605340802793520669295594319725612718814813392851631230186252249928
-77711455973689966008973416734509889790444155958992407697231138830365787286351127807307831318177100489470591011182389934731488279240
-29417045356593938233055138278608001098288240291117008529886706071360738837327924466193438968468653159466643629146395203526632188104
-11129172525615492406166514527648388498586872986631997712601517635730941321345579626406504347126850662938570034527374740213586185664
-4208010509563568636409885468759613112857796240755594467003581833342120728634444151734598461931685819126900514961371228479540970560
-1590161211159238689740257998625231940008215753764103653832662965653627839493029192782446868449442798396007562347099200373338376760
-600559669967298012805789600260516745123013199146568211208005202634925113992514306789442487696121241219397459423094001148725473288
-226684643072525602373680546723852384782160811935258910182153840846900081437083951604209582416155161380372725519084286775690642496
-85514390863666864882894228551765728094451793823231831205159533500296778314535703740142772250341980755859467708179349614986963384
-32240941663616239472848737127433665699262973722137965828935778381425218486225137708861009857272969715112197149470756929633571936
-12148645334784418105371265830496516032586830899981780191058234938372189931160976392560263622645016036552343559648665984891039656
-4575091893172589232059470515091144830413580209095542291923511914291177016729234598450173955919945941763520624395417696443194600
-1721963006782523421157400658230482466217867741430527367332391974453476488486458542178624003954380481804235623378901548808485288
-647738966001932381222451987506876630046094065455942301129608046858242026616322325810324088888984472306085177501756822286726856
-243516622611990345350460902736327510826857647601318990573977866210753216176456173153343018939032316675254656173331207830434232
-91497607923526741443095944815912529393635993450933185323806220046710814927966955504569678403053087513369824593235325004368136
-34359240493784837427483035460031625816014602281821323980025370372061747957671816302559519681308876708892684874536710181795824
-12895262617744073556398953013067439091242021659667788220407941459002877381989409873960541354226763311783386320515752553130520
-4836929639889631493485111619844387046205052956385086231735520091260700086064087390872534524243873493333773971852688489315232
-1813269688153650741148634255428218491729725073401109260843322000870069596016242584947232523211708473607050840789855555744416
-679372845134211769347295260778299694369212036557688445453343584908558623834548182549999055850439256563827303272413657592344
-254394198236487970661757294477657096446218250789156884100966475051902563286478664643527745198740363555759218141195347386320
-95204950365433295997880883689683903102539893204161812115011687753046124378119419384294314612800218861573467426149279667008
-35609447125680811805717901083457049193545252047068225287565649928831541721611507293220286262644643930972408414796513204112
-13311418932553413389239130286060022685047285276871387888379625538333941224812844609062084878345099165493827441463294000808
-4973211516601616868681797215474389917005330641169524967620946337829129126355477085652381612889857720311671028618903299344
-1856961900588956260745378705215265072211908840010295851931921797464190195839755500546845580880344400358262794003619729792
-692982955666706587646367877387174387682066540311595093143115838631282203017299665647971763418257815788548838525105418872
-258461351428681627462762296846407835134044849441138308662145389042053275077310646535810001742286246039185895915800462464
-96343441548509778452528075427923823881489495241457805435623007978450387913324800233994399467332495708089220160650531096
-35892372444533423304131730098503154259178552299685728208168039142022785620038629337391512722065941895289871573139000008
-13363973472219989484202097631472794070570415302219710651467495163172717157445297775038046308506638114118050605240986352
-4973045430430223525330046994271458399803419508519128222535597670802859215945534270856702400609489480670064898652399688
-1849535075595650586605482801379410332070051032488405129991064348864798552155135398684673368239605991319619035843785392
-687473511616013770006920627042635014043447044883011688405275541987852981110786119102268502615098372317415477353096072
-255389204817461389986911757448263277114035230687465860403592198899197492352473606240579503581258796282215617583416152
-94820485752328184208376633023679316233038213804651470635691039483246636943320580850106859247694701731202544762197560
-35184775280730911874609269584842237070629016184202264689717684232605307842957535460638104965529470441254464195443512
-13048489290150997699564263615153213680247004737089451264509347776512323938944222395291859132897978667704823237830712
-4836357535662449018857997918670221273452819838080176175471284345774593008955310773558442030272179701825052169187528
-1791550831776128498225067488910766582281242311714390440522185067044858755295156551932085899284208083775395482432632
-663272946647185306107632767182741438229767732162584447573510059310194782083375921822786636803669087936349452071000
-245418714559436666121330556914999650867890391868791292859571441647319784391971280283152786962046442864448267864840
-90755955501712576303665618536067663201384135971972398983294979541376370220272714043425869993612339966860808931800
-33542425170749288627409376407362394857336184948715837970676890218079788187650832500547812651549013649954390920208
-12389832904566921236743199260401686765135580420484449711903911166987392591265714629517826673303724525475680488544
-4573912836989572206266978221810782130283752633088442614303536308920856955221209711272980401073989058024394540896
-1687568977927150666456591889327110882842267514173601913613926452136287345498594936547179671141311477690906260416
-622280444153871490367926036206184055013622930995701812527659870251553518334304636488157807453061487739627226416
-229330325390343208278830759499200152494251638722667850834182363495557115497450661128238808338685706970286938512
-84467038409471026257878420898464432181146770327821425340243277676694348281192962049880721560057503367384642672
-31093041838279826780032838493802154967681263415227776354243937634745094628662592703403878184239926187924177152
-11439025420173886574581279985368138306437901953701222227494919919005845617988056105383043900558252876573632488
-4205952867373979932160116183196778441898731070030595596358529989012188191601029567680030644227268484560838952
-1545571214633990223520916561916104014266862820935056565349647432919851412096500532112127295589557584639145376
-567626351883940058034583130125097661008393622733693038270281159645351050045625844830099808183565038738667920
-208345747817515838791118786141289335058363753232225888660802816139113360213393683000722821266875075723612072
-76428429848180557141324913218988807273956993222535107022590148088548475460254826333545662758719864622491528
-28020318376850874057950218740470789675939613598791845430433492847761208741361693990817652349423184797368904
-10266883638219782301368521013109113585253727634329810747273920640715461664867221684967544765077030564684976
-3759683283555964839946258679139699248517357799481070713174671618927592545272754852120399215415377064472064
-1375974919149065193066151887571734759445829948433493039763403707446935044732216614176415652114034585677952
-503287313423254661964726669787874720788391121740060870529596029655943727006379884278422075179418781778800
-183978561075655161475822849988049376537114265413130637937343886810879133939119089103568343586682182381384
-67214623286585728414682175916494743517310643798510215716742820269083169454222220423467339294699479123032
-24541729746857406896901140658917689846074567006231614773915398510480212402081279807765051705298217940064
-8955522686487899030839222818075761928925144296010511724843052338177322420079739764713257697066809977160
-3266033096075743166383554599002839266972630732111722882221872911919931253336428452420122578461442795552
-1190401839523519574502532878092255742323789885451577984289224433555992624842747688099259457941952836256
-433620134174789853257693102163526115865070480601522090832575470470604192012369820717631077177849335152
-157858362928014266717195417685773528446963644156749539274421246359076851241442951565051118667161279696
-57433793615032154499401883385841854741954977646897932508589151980657504738871427064116627074091967928
-20883755465341547188429619102433235161978013143253940874308098579297439724622863948899534093533556112
-7589100466758626902578967232876450143059103902872695098561375005822640997512551682772065632274046896
-2756208176191693113446913022428964925072566663479453078471482930175512168015174849958520640423093616
-1000398732419407130602747778214225485818124027122518800237148191961955638331976957297486731788961104
-362888349490403262352833812387446560999987386581035028863167199662894410042448767867543782459800136
-131556119498453544295703812304529778982626884680169229997414185440050547557936255444782714717150152
-47663569714993759233310935663955128164214402042949062777953768254468236802889492844550508968547664
-17258334685612660737022353967724044490387080596857417688601499132506027518928604018357592424168872
-6245214129384910747752464333843072179067909208825982489837013276817739710430419504684055828232736
-2258557772819307066758086368469952985489987346158184895281953589398841228880813244336702408110904
-816299971410391480854801581397759001341101593615047317490040921865923713543546036555980804455608
-294850814894803777999356542266927426102842080062806929838910008480451991475227734437810054627360
-106435893101532448209779132711826605023241157916654484215921353873554096125259593170661971441312
-38397800273299185395701559294783377977377107253841633725101572046405790371955949538372733496048
-13843830117520485754806025962859412902487321840600561871274662923390302311581124861686227054272
-4988121911938009857901785557495732109075525754635530194212138701457609882562667209088180866752
-1796172014514900888203658804303403786731057813255421642953178168135384315153304342110258416288
-646380177618529888668478589919740769293453048994856273451396229744577291962860614579855405728
-232464437752608483281060782345894844191739316499613905101520326037794753832918004492445707664
-83551171845379001682305519723691768817733174426568339899754780437388535286477596264907459184
-30010636884540624381651774161725418835303655642545389245037941068233352958563666626325147864
-10772676686653578814488376448840496366109155418626752698496079629868273089215375980021116640
-3864531672732861612385418716275482904243735599360491039035086534946674210873552434725693840
-1385460072754737502002360754952611436743964990360061792708508331277955146200874055655889504
-496379806487182725298476841760032745933806544056179638434034673821269056594806892409275312
-177728131567310289651158255345276703681535911550497070237149290202195234539212784972166336
-63594453188281568405662074031544547672514399500009461276843386384193576542112616684554856
-22740619280920513163647894342295068347494246219627613919334099255281315747868448727753272
-8126514268533188156242335557828159321767413153535666898053162724693616396450556960987776
-2902179303882213189217480524263054481796430898348926649761465691877433315361959448928200
-1035764550683653767913079346750808094669015995443808531691379389191686040496960472993648
-369414238681583280820652254373167063778949582123746623292772268673789133212148551475600
-131668202487346764634409851073726068412832309902892822887130390114981566591705217616152
-46898802565764126958851887863076316244166863448675476851907080360222390113400083671992
-16693793549762075538035225030299259712581611740020770584592007786310276520333862431632
-5938265404498861153465643079085006405246441569558951604433267312498286252745313395176
-2110932164432331996381515202788368036829208716667861018485977382569190735328805489848
-749890522108065084966926766480148272549997070743783336083460024968810677624315031648
-266212934326871540561505712156199963808054772374216109363271580814489186572848606544
-94442376701182262900880536228670928271181269546967989145547501147400616596387513496
-33481883245368580968341686230976047157397814596494668328297847828894847161795620728
-11861969109590128225324432755326665400006710713757007985851586160813525142352983952
-4199584728667789938854893983520161025009420592912963556999343088070050977586142528
-1485789350560227923539356528713430758278396700639427856072058309879559951756805344
-525300888014373178367071036203070597052725868838433776322374214224222243624199632
-185591325952777994535485306594635444086068836455853122875538647769224715905809152
-65524616067239997462457602971479240841243671174807405638803011076770176417697944
-23117835561986082675947780690821343431970709633366481843323998376124485480227544
-8150501168408739252405795243912117741186788532907349117823740720765578830460536
-2871537411863702776115598724926276585369422476792498317238753409036815105390440
-1010965200612632486984126837298304916437490644692049543037283074239111157704968
-355670641340116748523396515408479579341437399842917006330856816075334050856040
-125039841102430766951924144426484574526372774057175645284306212624658976981456
-43927437627057720917885608393026159121119608870680789174944051289843438916184
-15420869037293508400995044694899723846791018982381168668765892434626704385672
-5409607861116016462841595018358289051261876977971023871927797759349758391912
-1896291479437135492692882980420341486669602486386428273350013009344806031384
-664240223998681018997090415342147910200318772349563868883579460653093933024
-232500768087202620293123813358566300214480424318973431144791472379953691208
-81320700103945792889207156971988247689948969130473022261316347721576211520
-28421935857444060944484290805868429166474071346607850691381203573904958576
-9926138771402342455132674414085732395981561505479758151937391317437728376
-3464012601948388172188050848712147430742984612468255070962310875296579872
-1207950920079457280287187427708231334009221792167221714572194406374615880
-420908863307905892090919811796485775754529843703094154926755605715842920
-146552773303094497347359718848236513578312159299244012847353544245062328
-50987698821961421898329958968498008954458811468525405464509812016411448
-17725576772039839642258412984404552970382083624550452287595540915052264
-6157396300709769199219437601650038078084937210058992342297781853053824
-2137242292978536266684629783777766318473342605286814927533664644438392
-741256427674072885665458829496594168001210296117505167515015203147496
-256885365438855422801358882695594128363198413012806603515588873696728
-88953806129671489599985052598305231127497864804848808398246517436024
-30778118861151129904296482187504659580256264389502328541929635561392
-10640696199676584927457983594254006448221330677188396243535659832488
-3675754541519361182621060025636691361748978894412723857086764860264
-1268730809036790865064784646084421016775322140700661849807183832152
-437559400157334082824580708351790713896629744442645010981029167376
-150781169961019994779368991908955935668640995092913996843944884864
-51915585297781969732306623836228541041749286852193116734752182112
-17860225608471278751598958937498441657305606108303644112851324248
-6139212134420029120067501206894454931154571786381305937368686960
-2108496173337821183224184437936275481089868259256715025315455488
-723544797892969678107536984099436177925747801737885353891167296
-248078090776636811992908879531005407380876488003935587841939848
-84984497802115000907359295252191240375381443351965668556004360
-29088227799269637254194152155021060852954390824661205219307344
-9947615483403277161759749496761605859722565216407516819632096
-3398934673826723045419875868477984028230053377707528773698856
-1160343754102261008145113645846085779893329450223459994801168
-395775097214560568714923914601913553350488794120404391352512
-134873343954437509531066229570978173460987758475272003232952
-45921659600996523273118775727624554232410802378945211199160
-15621428302890757608030074912613158318507710225455936554904
-5309254585352820158467851504021875094624470080440117764904
-1802826547381408212498200012333312478772886239910363995896
-611617447058336201501791479668352644701871607125926114752
-207304756560047513368714158032952937943543518422356981544
-70200484897108853943748918692740869405092443478340927728
-23750369754020650673971635708654454654122991110335467488
-8027827730770145180340171278727254736338066104315278672
-2710947584130620109823919771411070669431477811178989528
-914613526775796129259837459388338066818470164019769624
-308280159343306485109907979932098234223868759136072416
-103810918316955789741223378784033756003634408020211288
-34924328087162408546394921092863244359375281120623232
-11738125179505533398614877670921619896011144618677968
-3941424062607793450988101978727280715534601827396968
-1322176567049243366186193865712289752064852670977384
-443104075438979898795032565582331273640935345129104
-148354312279580694575179154001955008092632542965496
-49621616054780888020181989814360076620449176199776
-16581205434820621638575575772738838788592859958088
-5535207889797808037350388386730510281720348714368
-1845961293087020866988025014657729946010570422072
-615007249964706957420301045107875002644435463824
-204693964911368862213832607869706140665953262768
-68060502362271799107455745749311866960350058600
-22607300124100758270900778016468536647654743880
-7501770657349730176325064078249667330627680648
-2486786220647207645681086700049556818448831992
-823513466764153665143807548595619337248879216
-272432220660241419707244237178993590339081840
-90032558036875674415705974294895488149031912
-29722942570690783662275259405988012456713432
-9802406866206759667317211473424655376761304
-3229385026262918892658376083567486159683240
-1062797221783061954082018751457426278906224
-349398935278280906926697932804946807734512
-114744057512433344962126104270021353205264
-37642018413258567470563366249600990666128
-12335194310446814211921978243921446165160
-4037806124708998264207903904197610550600
-1320282630674493877405665392421100032000
-431226574939598613858931927020029643744
-140687655139313515430307599695929271152
-45847167631915909700052370553697616032
-14923430662110778892241471685333624128
-4851962357261263109197489408541416704
-1575618257651830966778395161572212464
-511047035679626370489940533262189584
-165553222999325530967264986989999048
-53563749915358623878012904132231576
-17308105926505069641217934375735136
-5585485193289528005257890683765904
-1800078476317078096169830939612248
-579330262781366983322176048006224
-186186826762319597470271334852408
-59750537480378606492845584665328
-19146325712947491735636310773576
-6125741253275994494947253498976
-1956764268817276500129603586176
-624022123207834730603452975128
-198662582190468820939405439184
-63133127008561195775011588968
-20025898157490675040563356016
-6339946090903185555971433432
-2003092611440638933961342568
-631535656855197744171048888
-198670335602205759699812472
-62353266630264830869593480
-19522089917202703633541640
-6096477533058903250980288
-1898711939034972809482392
-589659833033785936224720
-182573852773911311097864
-56350044612562001019624
-17333608733335076848776
-5312928467043291360888
-1622319725951325637416
-493388680244870383344
-149411044390672652328
-45038897965158354216
-13510422285255742176
-4031607580816384440
-1196330675757768000
-352863787809106944
-103407723214986456
-30091317352589160
-8689834319720832
-2488759934782248
-706287461921352
-198477934853616
-55170430686792
-15148517646888
-4102748092728
-1093855223880
-286438728168
-73628902800
-18512516952
-4535868456
-1074168432
-240612552
-49755600
-9153216
-1391040
-162864
-11664
432
G
0
N0
1438461185501073871314022792556349521584645874893363512256135261665322000108883172854509507112117048879176470
15474203747445803555514024727708338650157445991843251627041849221643121619711778356412961141457220409860998904
85931780594112014732905734106414942402042282509411667535312887794860903950082244371668283125294933501493455314
327648114537760788523026306951219366767718615393125900298701024332734997985999544611304558763346403510195907308
963043058024446710423558879559040819056967192529874613787013298578856696540907113375846227240460863365348284598
2323604217645572626846619461197472878028191195330909429997117264171356608691806403894375464460258827656321796244
4786984950797903917264926340758663337337910744907890133210411797960417756816645347788549428408368219010571035312
8650568801522295205704184514242621745787846598512790261836398249045785530287432381885008011452700384291027885768
13983048026407267650545944862725288420946533136368605557521463033828525379040545981681984039859869480444370314030
20519657116027571801590817026386956621134086002680296751053184608205260665644288354077533728408416450056512419984
27656172443553558271708472114863442533799033102000559211797964149800821695520048221359909730923215852648302700380
34555989421841552271059593465980677470523491620849707074943487512442517607948005732555083334496642191649655034596
40336285171532192622186368473650400787659601216088156553322404936042109711585091446976333819755452271521420569252
44268662301536698545391439096337177440880590050394943665014220159996807358240408079665978280393810396740660424716
45929386923245615837888486884122112111649587320824412136639614664752992288485475575413516435955610031030867461628
45259871514896812353372890892443540325336766000660181412860664302932209238359936438580746701100756452554750888620
42533784040352223976668566856391583297235679301970067734160845001132285382918529802949001374516109871157706871068
38256660773967129024792919195870371658725243117534625786737433673660883653438676198275651303467314678384896323512
33037675950146377597701563629715786151031622583071051779227100160729459185890169410263741069678916912760081997118
27470763840216628959060003984238257084307873743650795628171607555431802981313787178880958416723896593575705231580
22049356704018439864311825008201766092889389266589124567360952140147861899777783941186845466434296067802151603430
17123181901653394878198118388926792323625407809879197690212744482574382477959293156771690606324454533768842974768
12892735153680203509448907078264637765670874306721924065822580119539817470363991568144871099984602163774320852404
9429915893005985978114842473139853226390772498590961599610859183272456301510987414943815943517476521878918513020
6711726883347440858584619141339481201604527504617045506905316834699579510049522832804365917610795120596848920442
4656135435773869796632916129776373824685269440982805901118878603503864111217512924075137619025614944461005299764
3153039897522688782938184307114889570540544426269378385950453394551318717940856835403310112912252705227927849044
2087111927033150695920294866167177715586649058174171554084210771293350611619486958551212721698897788955143270708
1352170178380117572765974584459510669585151040157836953876353739043777043329433280878559324580454805641070793846
858429008780993430603860178921896232858530747307824903090675779271095229083254356968059731626099858816723622112
534622917052476024815036568702918846391368152055826413605141375328431366748962248582591746298654943211585565308
326972575543947022812461191860262109447456960388939521539561447106302736463299034957570401098499466100764321348
196569612535969072633539599100789922147206523378676833550031894388964303519379675980386566675659177267281367148
116266893512777698139711331708123920086121251180481398971967890568548273178451933994525138374081615161652706780
67717104220781426956089861554176638461358911015163419423890374297849295281434540174770250149669606386047792196
38867603905815378239087411547050408297326164678784088347566801163909169957490866669033767954007367135992600580
22001222281416270317658059737021268336517606451667675890423695120223278541827894398729062044598571907358984974
12290729779247705361044576558145275488939303310181547446095935674522111431318947109504526989173858287602565768
6780527632546973199203516406871348085882433751862462554926162008770276926127510809826617526483927237062287112
3696320573509223327585692057872023757417334585227614570669834178205090789855482885628821180304470504204335100
1992254620653431626747387539860995267943262537005052453707526177790172915660097399155718740984979102827254632
1062239297794950123003821921721970007623577868962434074222164853591811300050161665200569330504781621783978228
560558478588128912224382524220795280028824257369200543780264286356299989921907725783949165801250245732418452
292917763861587741724587382229837588423177719933075191475663701714171580492807240637113399685487020514679632
151631435056612388037697534693979119407022435055870957845907575775386470916920425637636392774732852334817314
77791517777059327135930750136092396686656042136025195619628778238383789425094472212941586595735814064212864
39568027256241586847433695869872728199797731654617616569126204404506423744870389168385593408108221516462454
19961129345568392818680064118682597142638871803262455797645430369934515723701161403393725365254005730264736
9990890315307082435027653878895797663230279293342961430542470613088838057391641401284218102988406625554838
4962979938804457091411286279425172812450415976719394153564332278125691472892012415999743142969013142789284
2447556006810140560680329666508886577475083316316921866560480850592320150656023891381144417195304765006406
1198669151820698599608442490041251823719497632618536895172413840642276303154591901348235191305284483278888
583122957811836070098153586465818358271760304000287953320708478455429432283668475467333164336894425388648
281855091426122030277979896267418649467691111729702605112946849340837898568793346897307016361496565489416
135394522589108656617243056121068745142752843158153001511736918267202090499396543058068653255451329200838
64652371021714779096134986089902687759146989296504452352896261494360779197427360506092864661034864276916
30695110333669301596661131895084234851000789082833265056241341972580009803983935636134173973957048915164
14492505298493368718010594676693031870670700052895038389535819426445877758799252196349987751986155826672
6805979970681095233198225070533046485529880637959492593994156997965808961367845772678627500395139284644
3179726543870409197485350275879504373495387869288155252230748222312177732210394191241531936258955836172
1478140202626510967822412923293357473631318523943815117197937134332944978973453406209983838151885856052
683815941262474244982739126015130562322956854933989751492132540229598780563920645734922861254300502676
314867562873577305709879648096841338201697573687901042770976858941447502901020378445113947577629919882
144326384940922932646423738743928892788628149125015804214201629631781628004192248608546776297629636900
65864817630836305733520853825778672687342712894322706372670076898198057523151319017717657654645525770
29930163072516668730913095348481862607304001994957917120209693155152398725793991442859922304874372668
13544644415739064223067351878293657403187921599795580035272844260944428160304637278788103962347681034
6104942428313829180696685933247546491959087704324971472771608768054988607445906119172057881864490920
2740949526076208684437985712932922069252539045648369081929345468939092797566539619337167942225203972
1225952857849600653811511119190725781017683779421502695286811770918733315847709512906853283022379512
546317833296019194109013372941466556773092904460530937164020836642695120620776389464418987867147988
242582482555208857714312742008020244399616562017571107198692170518976571083893120793787524743671620
107339016588155966346936860973099596987249996429808989621462186257263501571046623594834232047137354
47334715054782772855708331278102058181832843008023341404762632614584849269450361032315333220825720
20804824819772707642497367814470321005468071036781067396528550800694261071047039777306525368038950
9114798191745205387306578937892969068602127944516382298408156474202423099556805054871325331685900
3980739789425126534430606898227071004188786362577492203204486335094048195127316727028399796008142
1733196750990395428346386465810446360979657917041061972580522791807867247512013969636163959322532
752370113310356378273232614707118688180878252412884527053921500965351183976219214495699652859832
325646009854361323589930581701937926538760907675709678267280766903725484997379073554150958512256
140546581824194216847706117423133325294105410893282189347956441858005237625606881904306111233962
60490016715772160110926633895949449670834157001806573768750663171493206889922753657181940750884
25963515903944828710110249129672296135337547867195775211768393256131008406706775900395615496280
11114402803735272445137217810175264608000270349000554624682590991590066476116969110920772757508
4745446154482414415728602677330345067363526696713641092980965605432396725449757849948503798028
2020974204406388321258900701850591825367688525392655405074935540099407541150757270405790346292
858540741431888017559841904698299941519957696371744696998025818430588752594818329107566811538
363831440800780154794844466736106808718744868525041543366321040289425450126149344381666796932
153815699525660501979843415782774648054567866441637274301702041552115635386342546436511154450
64875898992930663134295361156037081060020566631611197353583937110685629885334922218645455760
27300387917924132462742329177234903684361593440276475650742816052800741242284252076323563784
11462429052153819268728996864944497997189418578301600814879729463285026128688778465083059900
4802041892323232338235819338736462174050297052183787193470612943890524881130079877579159932
2007405208455259258730654418143487235319804569845895578056449189636881513983149141263706284
837378335115598563458506445733195386257853694697429859083511488331663801272052632545195942
348580526813495996245210045947560133757533540541966503245759327525426920509936811056254004
144809093123158817438684581605503225857627558466967610921070283204374972941206548470865988
60036572333680991395932182376926524621589131219404639100946408138529741956215079822301684
24841555890122516454295256205111737728467402856820613654814910784858935839394774372976804
10258870428975417588000376876315589037321977560468682957042316936040418302139521520964084
4228561525636968030199494845645203044661269948031005148951413831581083992370103536966206
1739691187179410690458073991427503759018015408710226928560605517963641793912234111725988
714416809070013122070087150669953053157408216407072352524824450901741411419205517761638
292849382925312853704305981910288030551089554023309909495261736686179245444977823733200
119829252188767610065536723111850946854778255847909905123236617071944774114363913479680
48946270628309909483162423936027233527528518268158213959593950319830149251081559281816
19958437309343644860408706724241259519829426023292272060322612209000238021365859307498
8124473044377843158641533983891938719646993704656062120309115142779239020299174530884
3301694000800590678444257867288746429453564982324810852786284981685445388560458152854
1339560244835757232888648801757612181285688345439650396301790280738179985249950429960
542602778839799565821709458528359440813619550345247120180526250160525185284892892732
219435206423699814093330491573675550481018561561891677002347838845957762874312022540
88602303551889672285504976101121762639298354117992614316756209517657637909401551606
35719692107763823423544186717754939587199781024274885574268953560302201075282082580
14378171827074947619655489350384081729410096076781674127179138499732746886934011662
5778856315901942263759399194719930294504652696976304706030961586606333730296315640
2319162108419854675357570590227695244807596320229497919484740493939311737442892184
929350958346975150006039734498495923760018276397908435105371707030840679802990004
371874176179731805080224946796603250343434835685081310003372045747193254322984678
148589409192662561503787426664992646540703945715851675895807841820003224224255700
59287474596657499184527296314493778510623838987723176223710592041955761217428162
23622658246554564585273798420908232675336887931333379626968345399782875323419836
9399235508750332761854943890816592398021938978040194223792105885337718720646982
3734747554819803666588926170719938470310652598689129280594267081641683590502688
1481977866344783355195796701552381693262149040808639999503816546111247365967502
587273641433134195791490341573322342546473935968872345010024244225399573546976
232414918581634458527067642591262542078108158304848119368126712091626497083214
91858293560164142276602650019544191241211400681533253226816155059564803449104
36258481176102376382168911679002855378653854645573803324488140567876427950664
14293661822171875084820778592508704382446690653155293569210260341721875111860
5627631758141767216957095642608243828570823837491040740559366909418236195462
2212898792689525284603872396896935434494170255299522400267130124444748165240
869073298410293134236750605302948547673388711229078524357543361106229293636
340890840420072297597153841562254078115860030186352917466928099288348111780
133549805336381174287042718184009755418886750495012082614617279039099535302
52257058515968809627559885949564085996436619607499814864383253901301335416
20423259267248143207934286832214922092076617411576800453185957027738953016
7972380067281059710107288510139987673637036597169889991103046587376612892
3108408644527443281722611678814040008746681984353226223161558326237179638
1210541164066787926143198152034564488237906194056813363177653761319763816
470886659306395560378738416086067345191939878742505806372348834828825686
182958450584886678503342213768257062637477005305246043092823949341529392
71005433075053224544922318512712108617804857802508337863753190985538868
27525634118412608047701151528531186496186238075819934599362058379877580
10658429742162737720717525757291942321879322344961162130667682231090800
4122518688968266529422626060414217654649370540066940401179494947160428
1592754346512849012263574792758148062468134536868672673459311956580338
614688163273995651068708322252225867166024386646200089852830923477456
236964776160174737279868765252308431834715726324455085279526813361290
91251187293559717157172214044842993281003987246136260207352584410948
35101187986557778678719341629807190665618533122288267577525406858836
13487651454698844259486462941718297627163579495489403960286701830304
5177077154570637616357499515095402810606534898455256599662183079954
1985039585342088884699631480371329449659882423653638588510134293680
760312760731977688323907542906510721168004104471879394873209306602
290908357226267384048073248660849902813051645407080342607741880272
111189316679244311255454793302044786785479356838648312486965849256
42453637080332270141703825796577273043203806303010909376502558992
16192490703833843906520948550555309965293713301309589413656859010
6169658934657178309627164518216841526561181135861476181087169048
2348330078425297749994458027079355480464806468480901806451452246
892913216108901069540213147542533920768417836968190142101320548
339166565765015230576421847689700265520663574186667955606741952
128698042786307150131206801754106038012037294117261534113497804
48785115299878459687441800416949883889831844322868712004362276
18473980544928443375152170351477237389486713455754221999646860
6988638188488176949715366297513261484785916672974824275505794
2641098791837758558840997336303517075834853242090721795140384
997097772234693389465950368042196888940041790555846055156402
376056206818199122674713640418270802854313126917484522499204
141687164463513042748799291910591417219884597888287468048704
53330016478432659295924776048552722229463670751264247380372
20052892598788373302143785682777719115053248285774964963532
7532636160717793658286266477157505596184222871421457070196
2826715309850735913032965315518369885072788123993560279044
1059699295054719482281755733688745059440038684954329573256
396870668594217474080402607446460551099849116201914326898
148484576548141650579635989702377942330840388182542863320
55498313416594121858514520177898649318300300358517512260
20722605062887141272891668620043787601150292953912086984
7729919618579268433512968756868910456966544068287428082
2880524132379949512777768452529109730351638969788574920
1072343026475534137808610347231750235649620762390116418
398805640006665254826423931762584512918537612857062000
148167781942104377837576419942361635233922655124113712
54993414829390961777697482116110149947200891801797856
20390666358980295400280533558263509446825903665446394
7552926883732420595241383267517847990739411263870116
2794869220970679053183056502173648859328483205800324
1033163781805107179718145589076050962172027577055368
381537611242904279310674800023908718713652522028086
140755370038175216424170893595565891497552633028444
51874133888835910347809010286724245210392693826308
19098257769902965941162765006689564494908879216084
7024125882101610974332680578203006720719638807646
2580744437559611730195751131124088082957828577056
947218831733241475741522948229536052672555438928
347301439453593976523821922373734377798279756380
127207288964930095113438912121636030898925557124
46544103882931597828533617882561709255939550944
17012283359415451572809464429299823384458073026
6211602868001278827307628865167046013379026236
2265612638230909840921643518087646337807330564
825479288167377164468404666149441941866298664
300443468999342489617847096102343042735497796
109232735785382160558416174239577186932934052
39671038669471738965690527000995579780187502
14392033981195229092897696519703540384437632
5215495946523944944975576845796754553901356
1887951032779865998473259871173703861969460
682659620322272390411448466966159753371168
246565679164785574820826664612737524438844
88955405472563761692777428370066159501558
32056757897900562982901685950464004563764
11539060297709030428035834325893115590582
4148783404617668558085766580515671840228
1489931344907250131490514447665152233266
534444287549779952177997296826231638916
191480533013359089949455538025216520222
68521669467858805538824304649661455036
24491042180870433634460221359248899020
8742936044325466731392270095188087312
3117256181455076658289659353342350146
1110061545316337805302679754645844676
394798010890440751402371007217005632
140232890968058157119761497458392188
49746815285166629851704528602947728
17624397563318440634254309285426860
6235764813957174374264501263248498
2203353308144060591481398777446788
777480903058645176242046054701064
273967048330234985279019118921116
96405417949735709408275772680554
33875845625183272790858530646556
11886531892017428382032707271622
4164728781048131466400724637216
1457050800558749327244066238932
508988958289410196448046334500
177531990750773263592649421800
61825509836401444659245690328
21496583402398762663207604832
7462233665786589164109941340
2586143097720582569789381400
894759279195478908316194516
309040290767220103992170940
106552419865745080240821168
36671999456780829081024990
12598279453827740369629896
4319915133350482279714194
1478450738319410194870584
504993713074654451278662
172143545445242225681436
58559614852882455696984
19878533570784446460804
6733216468565530029120
2275553185822091358336
767266016639725078440
258090972460416429048
86601941875867961724
28985768611361271276
9675899223640158438
3221268649796353896
1069344379543903476
353965574581375020
116800537924902210
38424127703395824
12596751048437298
4116208450668252
1339764575384730
434570957560920
140314562535750
45150907721472
14450853109746
4609904596428
1460950769874
461354287044
144384829764
45079962060
13896867492
4290994860
1305068592
397917228
118744098
35537136
10126584
2961372
809052
234912
65052
18864
4656
1224
180
36
0
D0
61490694761772131241268521725819557057626829272293376204976146675949193346642345098235980095483720117664597298
638377808393420868609933855324807174719307037003113623136309520107096656366077646114716606316140618391915037882
3431927382060021984451199958109039029145376145178257541626799144726139776370523839701617328646885979986011227288
12699688852552077704162608315025287572042059956971044452498670598686747610766164046998008059350401758167688327170
36301536297534648068929538425115344272514779961699416139888044334033358989841827855713296222926333131022808252130
85326258496503534362553462506043345034139293966793353198911300830556040161454722971642162354065399251437754015282
171497633531682291571301813330629671923936120051124756363349825991284712504350412557620393026589117449837532833454
302733318618992445361804702217772774462862871725269044086529148884565661564291799393737951544249525707330420116756
478527797241769107213338562702387132915768995606695895793641327895020838367041997784975252303421827987782268691174
687344204600328792569387430470264079715875618001294905292724958578015567083434673360956592294747059509317186801050
907512559804885336406601759904013078174561017316678455643591258256017381713814001964836149490899309834330040538254
1111613648424369525859943333468394874669814404807338186260520905281236622021528388954920610396908986627468469073088
1272834968474843993307430202731502513661676342511630885153902832402859992934953777432255378920929782339530615114002
1371074442461570443795342358590820786597238801808914651536433177878463421449969324492250056763121312604133950278760
1396875481893148947866278307004254637457208757963094134469782967925137067813275434168110672369735077905385401487986
1352294872292247507810279262864875456487517888455041417120528128242451218657174437258082003896237601854168455628552
1248962448099693656931198402588825677509165931246482102420020966346525765682092247389163416713528821486094503562174
1104399216196759708881582724276994763594908365676191614408019548479062406773908630222475381438220534723154198713100
937909596409839257019970773750338854740960935282090951873625543557242916450841814016068873004150583606478027450158
767128030675891706070820420675539026509076318988035832465762187594026903990513961298462601477714539050160263023954
605812156314957197455748246095579062257094929752221531056463608567363706050429827582885380022493307443384188073370
462976078616593635328091518116173853419927508264283485606949721047794273139236966940516136519738057716321325009250
343105336059481448098615742399890571074295621800771831207157375820463190917995905057778209407887463705407387868950
247038958891154405923835974937716615345942219021935567019867356052389955170310374382962294843953301951978555366504
173111469551102194314044864436340484138155722934871004324356485241492726409543525950798131191713452836754542475104
118250454933958817899159576245881134758338353722697057042991933462965016892053154051388085333328643565187261544518
78856610571690552133003603145961491188613222511483772956258655836311172257405936695066155127632424934168188744470
51407518828377068211319352256350387882635201237038915845125925077240676695209397861784490088841211223913006709264
32803587696442295234866357334586538207734589740004997208156807820021272163268884690019670133601628351582450959556
20513375124055745040845555261852664676332704409299591335624083749678704794229338738066689476379450305163251380426
12585031827338003154014195831444241127988996692446012760997575635606472908295405272431669788252881603728095033146
7582661297033483507463157790989413187109252967519428564271270854319314210804815311894193034014621802313783091704
4491162792273998113057480768528355471131882926169631298734865655974906969928063363498275271269153953275142998164
2617330465251560094674351972707875986692707674350055996506797084016423960935361733511040038590161863576946256496
1502065591180964063236181297273731479303012631271891888427063430318139646123233601921369646551817533992206938072
849561138319975300055512336974483773449306498952243207433039702148401202589414537805450342300430290256357970364
473913477575339523473200392779959127133960922759467331022046782283878762194321488600529573436061394387624522620
260918764214950302750048682804124128371697431855020607378390848107821561367950037058560528745159540024467641750
141872337571119880450413489151163618094312816561277799215332250681898159213395834466871990579872104657682928378
76232997925656291384861342283254484066143233836960175209443142341965683246230576510400803993688468462098107004
40503386398679498104404988901027749787299134139351780049305615892041408634808584542447990641074985758495439024
21290088494329878094684543898854320705519307886026470665903929702617802402673129173840339770832607443477821924
11076986856156557785649174548508860430699299372856811919203601454883645201986127665074082554659145433132255502
5707297814148610945568158862745672753025924638615363585794360488314963614361667324799368591416012485638193340
2913386666151822981738222586379190669263909837624720182029571685697142384501767787344121432019796902483772096
1474030645093998537326042463884449554819785010062815857937023989345533933748370509998665946014059208140183454
739480401898991538135702358501079591561385096493472905160678524860624182904445874913392361201659017442138010
367975743356702845377758847687461983692697410117713492571297452479380654445155955849289889679012465960266894
181691653048272119784090030726695811930301619020025072274026541278814849410341775453062969688732751094454370
89046297027291470638889382747129942527008840261618240956458043219599722413602243419200259230453246408912414
43330654353255951093437684548215048955796190376272151734655516806694697724594050627638271339454257246477550
20941058931862688699355061491763692763746778730110891352777525986158673683401868891350293525473874367598186
10054123222120792676424821032346124988733745704461599059130695950423144976381135112682360575322577881061520
4796707727625900350135286888489082542975962144547757754755776055478460670617404078730168822872097576981912
2274577451656681897830643823572092597165026241858665338331544639271060562290650541819488431263881652298856
1072298258510362524660414105171362003843117756340788372691289244333315605266487885275841291384160233165782
502668071816157394003984180175208157788491409497346376243145814954272006373916686382653777927847784789718
234361402085681553675049452608427105192545790992372286692820681803609058313602917359229217326697814064412
108695957718401049589347196069590927668611525416306655227616041540136853488786855006309467494201458463628
50158223922872318647962802055874707639024014990348370459391568249654744571344648395388373240512739773452
23032818598168216003210841362730303571614212585588617057129306036391675816745551509076147337145003215604
10526864006313198411711952877209680331413324793490595396302595529407780391519541114634510723462507416232
4789223092880409434006498679935442251567554737175084107769041385102202457091125185542910330460800770554
2169246822371510062024464620202022590512083446141121450269135263415595372534926386886898875525758581818
978343198728689246221417306668292575139445565976304070773181184503253318100186111174656046565030534132
439409418120606190539950619284831123524969860615510704699219675989433226878013048266740144195074730758
196561322769919904257707631618076574915698995393806700751118128345425819538561103041875042003062759894
87584935665106238515179216674888490661683149859878741705975057351315836120538372878655689752284846634
38878814115394703545758891985743348258937528168176144459469933671790636528576153077283010126573812236
17194760521729946305104265653078327577021005628034960112874830724994961310499856677616969921330336132
7577464084154867129136385913373539334941968133152542695921416426755959220540424796740577938786617156
3327662958797315712963891217841256853171995694978245092473606422027424815899336236969338667260866748
1456409829378243826980212091351970484950207693147183150274827332758389367990328263457906403466030130
635325097245310204500045798598163533533777713083491406128890038462571731165616122360058998031835906
276257560655482477550191033486875916810484835742998578421333153558575145530441449554595143262956462
119749602976104271864602435425344337784656032537441530682094937077986170207223032016541156118895686
51749983593189594961987864143678657736558018570579774856721609521010339917515335372413245849239504
22297471348034092510237048487609143033397697380281310175053033814234284248068412525057328894239734
9579480483564943625950813701036318452220947810612892405064205640102764132173965735088216973704740
4103927110299195935324829820243375144183689379779936395710726562720286668852351338464910926137004
1753306477679430868928735170666512749841559502304400782933775680582295754654235149874287050049226
747041239094769739886415240268499586321871914780885949731964682597794922772001754188488506195310
317458373927089125404917551560724941784723524846263698252283335064849283383443488931795744917484
134558259232243917980082796848021927786058887305064448808496866323412038983004923439364065028364
56890558824190992610312299219170446950926552921942094445774594226865674871282062181040457303226
23993868453874645551781073501648536956006570546630491558168871920754016528297750828880788852560
10095170447321896009376428132739308771205167770805526134939596303102277101819234468279647206626
4237430345831784343293514814581754389435854440734629422295871130854427631840120465714277265934
1774550808690343074965562934480369442945211978968461612852949438199299017189654979711476882752
741467121768117866690589706976587716009455301845531052037624574582274449412181599518092519038
309124095798023396933213912703015387506529416853178857044735136615730049640373233247763445948
128596907583007568647877425751166471231981648582131862696748825777376186671555545240774738336
53383055564613298514528280025832275686555794129444905157758427919264082739353743422947553382
22114109663582726664503487683282249386446886735474969991700040703561847578312173198406708796
9142098389453745384079437798112133556811380698259288108023271476609137498071264450856411626
3771806551414669976948206105665067683816063093376103157130838174178328301547022780879026222
1553088269117723463797954130458096881357276463657965283459191170325279338704996058493003722
638265923507484164686784004816265321072754235469155529651201887416627134668663586677417036
261806864656591948148264001575403311021925364738908729714563625062399103229905486480840972
107188653937154301281305977329329477268577300593092575213352694613082035783979988710979388
43804538200661110426617074488481443163166435059297861332171912027948302753128422932047142
17869216995191952405454778660630595934842273571930698620838318549460658848956219129912858
7276478494541372871071922724212979951317517787270119866062386786442111943278168191056264
2957869754743286982227629602600083333918462071357061735533891359143490120713414494446714
1200304020132273458602287354446755597440150854417463253751504851898212153521930392664240
486261456368504300375106629058806182045418678826659323780862768011244962670856827053212
196664683713769378175191039882290530398463309006214821142602861604491356104954629434350
79409427075908822571040547791369911421671665898114166609576092760969215833288275681146
32012364591555602201285149964359939129912735431658844552565616848210504366122278850310
12884689763083667819558862051683094305774186724560013140372597097519486666598607017710
5177866881090226806179744100561074000861583969190744271464762461083739118323125828034
2077582908805700525104102008587616887950260688946430756972797610479813123083918159452
832349978915723796827470936702497888476484778647709146551394529383474825837862842228
332968360782849834705322496757204415528397449451545186994997826034623624615139926290
133002046156544683094410974706570093234978675991013192368007853663847356941046868388
53049431047492470611366272506462149415442437565666058617198576414470800208573744474
21128984173343645696623215626219938808836304118296031693713107473813217258299049080
8403498929906548411797006704026681061178304427860896617876746757605657615124061468
3337591929501585131257968683332329000487035481986692718744264842110073458664259192
1323748703661998076112678085123176617922267852626299028826424175634654740674184234
524305620228958449624186553867787448970590789252455739940326050871928739941610844
207384996100560334967375796471622912505365545230148363508814954375603473172024718
81920196294571561519785368847618905858024980057883844984829901447287341816857052
32317088551627612958417013418118251188686514853594835467986604306381328328669186
12732322060923943637995649251949527371070648588548192284257988304578904997118406
5009835808364117735570040456335713534145043885949581012047259497028539840021814
1968729315348615188359833987306930114043146334441617356421381518649266669801898
772682574698170419570224791221576165649537830888641946956268502094121924005586
302882786222006990932423775799468181596192828386488239114767446463151632492916
118580155484712409197056643931610509828379758466438798427402886029765197426052
46368046521533319350471510181888923138812600084963824567223460641030172151882
18109238219936694404806310064154213679073954808566733507959952545104955663414
7064171470216561568405292953577147287820265681163217365251733168916238835952
2752370273989462704910718773203522984011109189276988455183466213050698819604
1071129077413070979972503201048774022260663716445905954665023027962475027562
416361607734966454453673095564917136624111669808624581840535751768645026454
161658261808716779134062893898428715769189388504027651099521650604382040486
62694261155995280464504806742496173935968468433203663818042649054100318012
24286474754756731969285711171731865726283392248338194323447138364347460338
9397492597943304707333426614261309101879988523923589306409880157494866726
3632237182615759105343478284189376719961281018764367540088030802127480604
1402344919087390023119303014431557781052611007172601403677222256139118522
540825973029317275813359986071099431749845840015760612787411756406749954
208346288954341777788864884797922689769005842279192575867377809176990808
80175724282019283057999364943148706682663199746703661031447570459330514
30819965353699378844972060410743912833582118569958135629845900880760660
11834683576140507717389595831626996221861513020345032503435671455810340
4539619023545554668628279750776748684887816749569878607849269644427114
1739495474930607948383534326574365842283911368336316776476733729160102
665841889479466104264224165242185860315450631798780765948998726366238
254604165433683447238823497761258904257298600870679256302568285572604
97254349268808291960767617306449021257939660156031720582580401134628
37111127434993780228626202659221737489783607810475182229724206300198
14146636681604700769406744695177333274576123307510661275789782735070
5387142105973658061492776591809203510977274777447432985165968212364
2049377614363979914896675660050220086434541743639505286944394174318
778835813413256812217497869953206544621233797475014232810591084956
295686948844460867603475380567725130392110765019464882709878192672
112145684515056272514107861990725123107632594844140250110883309642
42491190653997055262447606214462856432778345539077244090129370754
16083583658876118350476420197501164515589834651080925793028801110
6081852755863989574629149270628815494853959944274755161619874230
2297521673583627201018998895006296747210939220104662072189305954
867072390353087180706962967371612597356082203533480702978286848
326907152067775566981374117168199977021903105189789258063065752
123131174392933985923772477424570531907632222639511328544565788
46332664763647899419862322068614585156516175977307254637246696
17417396129984248181440216110446049148403553032117218658503158
6541190875334822083991920930039708907310391405250131105073622
2454194175385703384677960259534655977024001113854448551418778
919899331911799286578383788279854011175815860644309466952630
344470203943052051174218958252068878291501555630189241949508
128867559883649767128065110564836485641576401889161993004218
48163346602528346590022599341446716014304424939347469173620
17983377202134550947012440148642277178552212641672350599566
6708227046113942269954770421635340720459195398109356721884
2499921809543197893350868951586045692459997653102741171702
930738023432779634718032950820789731930956092564688764418
346187154224983106391891575988816848347569454505885157180
128640263061068433631580715441336223747079181929109872484
47755709480048123051734891773123058537265188201699852668
17711524415490573136390983412596543919041917801763717762
6562489221575497793869107293317267188670397127228892662
2429198252124511079118878498648361503961817982294574570
898335580987819465676956678545187468153770034819588440
331890658441449890906663798790276713157154034379993624
122498749351699229043012687472034282678632979187796218
45169762127561427873450124507213109163927411910089054
16639593349020027345956586205905571087048941930175728
6123722642098445318749992376136889551799076005870972
2251465336751276996988024701098890731552867571321954
826972224888032370350921186125796084491034103223890
303452939600287568846508622059781797301244327854308
111241108256219540604616663268902613936301484150116
40739103204206754574100404485355073858918893612518
14904876756703350742833379946171647601283199861086
5447717107823755914490577185824214702384323652164
1989153510553627190765967141336678572307779393376
725584349071910033282227299575168023024007723964
264406126381404058945495092091020618992687500224
96253639850003606577599656510807400408102067210
35004411113773269680141342173969655198900651298
12717043820184462975249610126976525345615617314
4615354134799866437021639719174509468192313356
1673312031437483811732564308257968830364104376
606037260205525265107594830790052662016458668
219265107567249918284091503353971343388856678
79247345171600885371060893074616892461482430
28611588192530044449974922539061993542903538
10319013250965177399087141475807283064699096
3717663735780476041525109231406254569600854
1337933080159377146233230073880581637208216
480980531837751820156326238022393027530518
172721235028965702812028920743026448278654
61956267708503313744218765905304032096854
22199439749644342950038402683654724063466
7945328102049544410640907996002900863144
2840470826203903697270201075894926591326
1014315205596354752660901016309554280104
361788601588613606133566043901973063298
128893553043482557482662513444828150412
45866616253758931474125374035468642200
16302191717664052573851576545185185498
5787266038089229096685384500233030222
2051980270755393380163891328560456306
726673086062998821194850257650972128
257018712361355267307983756687906022
90791152299784540384121119097362704
32030851147861590998299633881668454
11285800118692214754498520955289306
3971253262595781083405852307703602
1395552838749197720175390431734668
489756492727119135623613843125346
171640884240040921705284810626502
60070175146029523873694842289520
20993521278151734392472359342802
7326390506118161105510835956166
2553071476877807890933102850508
888368641914650843400301969998
308652351897563045205133072692
107073061375289868269942158992
37086240986484078785700486360
12824909546003501347226464680
4427832647524081342542213996
1526191554560599282941585750
525161607638244787462615908
180396036539815501759930470
61857824178156166750443162
21172795360067604311466624
7233680863382922720510774
2466711938302797951231402
839527434508007666871114
285158956441073518969932
96661005970406904811356
32696704881254627499546
11036153333625613728984
3716781665962657920552
1248875973396590359176
418647449721100389894
139995258614532447300
46697003794951746924
15535352551483376190
5154539593508411778
1705376609307918420
562612429023635736
185031807672350202
60668108571768966
19823520849176250
6456240364417662
2094534290382030
677137864671840
217926345652998
69888969616224
22297605327522
7088617559058
2239586755314
704723959044
219873844440
68368550022
21020811756
6460710786
1962042600
595461336
177357762
52672602
14989668
4324782
1190892
342540
95868
27438
6768
1668
252
42
ENDPOLY
